{"type":"FeatureCollection","features":[{"type":"Feature","properties":{"name_zh":"新疆维吾尔自治区","name_en":"Xinjiang","center_lng":84.984298,"center_lat":41.752899,"name_short":"新疆"},"geometry":{"type":"Polygon","coordinates":[[[77.883132,35.431068],[77.815332,35.47334],[77.760349,35.498093],[77.689655,35.462694],[77.512199,35.478456],[77.383731,35.471996],[77.281102,35.528013],[77.141265,35.525378],[77.071089,35.571008],[77.017552,35.584599],[76.915026,35.583152],[76.856941,35.628576],[76.782837,35.645732],[76.745424,35.655034],[76.676694,35.71379],[76.55112,35.784018],[76.537168,35.902513],[76.453969,35.864789],[76.422446,35.854298],[76.384102,35.828202],[76.311962,35.80965],[76.260389,35.817815],[76.166027,35.806239],[76.123756,35.903494],[76.061434,35.991603],[75.922321,36.031652],[75.901444,36.113611],[75.971517,36.155004],[75.96914,36.191694],[76.001593,36.222131],[76.001696,36.261457],[75.968623,36.341814],[75.976811,36.461756],[75.849768,36.644741],[75.64978,36.754037],[75.501882,36.737965],[75.431912,36.722928],[75.401423,36.825867],[75.351297,36.915784],[75.161231,36.964205],[75.100149,36.994125],[74.94233,36.976995],[74.900782,36.949916],[74.87236,36.907102],[74.853239,36.958985],[74.792571,37.015158],[74.677953,37.051693],[74.561784,37.029679],[74.505767,37.047042],[74.414403,37.107839],[74.368308,37.167061],[74.441585,37.170549],[74.476622,37.210055],[74.532225,37.232199],[74.596511,37.240751],[74.623279,37.230804],[74.64302,37.248374],[74.670925,37.261344],[74.709372,37.290826],[74.743995,37.288397],[74.813138,37.21543],[74.923726,37.255195],[74.975402,37.284289],[75.079582,37.361235],[75.164125,37.400638],[75.053434,37.493837],[74.915044,37.570731],[74.886106,37.653465],[74.923623,37.695323],[74.931891,37.721575],[74.96176,37.758084],[74.949254,37.795317],[74.886106,37.83056],[74.894581,37.852109],[74.905226,37.886939],[74.89117,37.904251],[74.880421,38.02166],[74.771281,38.196274],[74.784303,38.325672],[74.844144,38.397761],[74.835773,38.455173],[74.808488,38.477652],[74.792261,38.493853],[74.760325,38.519975],[74.696453,38.52398],[74.64612,38.56111],[74.313427,38.669217],[74.202013,38.652319],[74.109099,38.662292],[74.092872,38.628754],[74.044917,38.603459],[74.050808,38.56266],[74.028897,38.527236],[73.887097,38.559043],[73.816403,38.586586],[73.779093,38.660199],[73.732688,38.737172],[73.724936,38.814557],[73.680804,38.872977],[73.717185,38.918582],[73.809582,38.932663],[73.826119,38.976898],[73.768654,39.029919],[73.691863,39.094462],[73.631402,39.175103],[73.610111,39.26546],[73.642564,39.371758],[73.820744,39.468186],[73.859192,39.524255],[73.899292,39.571539],[73.904253,39.64647],[73.879345,39.727912],[73.829529,39.746981],[73.823018,39.805685],[73.872937,39.856845],[73.893195,39.918133],[73.944044,39.970068],[73.957894,40.021434],[74.003989,40.060812],[74.13287,40.095332],[74.237876,40.10391],[74.333788,40.09373],[74.565402,40.24695],[74.654388,40.291547],[74.746683,40.336505],[74.853859,40.35883],[74.787404,40.420738],[74.815102,40.480114],[74.832312,40.508116],[74.879181,40.505074],[75.039068,40.441099],[75.13808,40.463888],[75.19389,40.441254],[75.223966,40.462441],[75.253318,40.47598],[75.523793,40.63318],[75.605648,40.569411],[75.629006,40.481303],[75.669314,40.432365],[75.638308,40.386115],[75.664869,40.305706],[75.750549,40.308342],[75.858553,40.296353],[75.921495,40.309117],[75.962422,40.357331],[76.095231,40.387355],[76.185044,40.384203],[76.273411,40.434122],[76.313512,40.343327],[76.449111,40.415519],[76.531173,40.534995],[76.62078,40.611321],[76.647859,40.764851],[76.746871,40.83446],[76.768368,40.887014],[76.766818,40.944685],[76.834927,40.99352],[77.007733,41.044214],[77.118838,41.011658],[77.332985,41.02065],[77.474888,40.982047],[77.631778,40.995793],[77.797556,41.054704],[77.997647,41.049795],[78.074955,41.039512],[78.204456,41.133718],[78.275356,41.228854],[78.34946,41.270402],[78.339332,41.344041],[78.377675,41.386622],[78.583968,41.465997],[78.637401,41.512868],[78.672128,41.538448],[78.915834,41.63317],[79.127914,41.714302],[79.217521,41.741226],[79.30413,41.787554],[79.410997,41.778588],[79.610985,41.867626],[79.747514,41.879745],[79.803842,41.959998],[79.842909,42.00183],[80.181906,42.020976],[80.256527,42.084357],[80.224591,42.125569],[80.210328,42.189519],[80.268413,42.237966],[80.225521,42.339019],[80.194722,42.446299],[80.210535,42.490844],[80.162373,42.552391],[80.140048,42.622955],[80.188934,42.701581],[80.248259,42.816199],[80.316782,42.815605],[80.400498,42.843019],[80.548602,42.878469],[80.521937,42.925443],[80.373833,42.975182],[80.410213,43.048665],[80.618469,43.134267],[80.731537,43.101091],[80.787864,43.12804],[80.76523,43.199948],[80.755825,43.257619],[80.695984,43.303275],[80.694227,43.394717],[80.594439,43.684557],[80.423132,43.972149],[80.412383,44.013594],[80.392333,44.065477],[80.338899,44.121494],[80.373006,44.270219],[80.337866,44.494029],[80.383755,44.602808],[80.354506,44.641772],[80.411143,44.682803],[80.497443,44.714946],[80.314508,44.780317],[80.218287,44.818092],[79.868644,44.849357],[79.878152,44.914727],[80.061707,45.018959],[80.21901,45.026038],[80.390059,45.045779],[80.445353,45.104225],[80.69712,45.143654],[80.853855,45.126497],[81.062524,45.172231],[81.622594,45.33434],[81.739279,45.338061],[81.787338,45.232331],[81.807285,45.188716],[81.910121,45.15802],[82.191758,45.222202],[82.341826,45.20489],[82.539747,45.123655],[82.63385,45.339353],[82.615711,45.435419],[82.32777,45.493297],[82.291493,45.533191],[82.336038,45.635148],[82.475823,45.87317],[82.541866,46.131501],[82.674364,46.331127],[82.70785,46.434169],[82.985508,46.94251],[82.98835,46.992998],[83.005455,47.06979],[82.99822,47.110252],[83.01517,47.154384],[83.046899,47.214664],[83.126378,47.217584],[83.221979,47.171902],[83.524493,47.067102],[84.069628,46.964421],[84.158149,46.993102],[84.265843,47.00013],[84.405886,46.994239],[84.521021,46.969796],[84.699202,46.970235],[84.749586,46.882462],[84.715531,46.835179],[84.767105,46.818074],[84.93681,46.861017],[84.990398,46.907681],[85.077163,46.943311],[85.191523,47.023281],[85.246145,47.044416],[85.498636,47.051832],[85.516878,47.100304],[85.544266,47.143222],[85.577494,47.189162],[85.65966,47.206525],[85.678987,47.274893],[85.667205,47.326053],[85.670357,47.384344],[85.584574,47.493097],[85.595426,47.624071],[85.528712,47.966608],[85.586383,48.141249],[85.783683,48.407589],[86.246704,48.437355],[86.333831,48.4904],[86.565083,48.527323],[86.605545,48.59011],[86.744503,48.70354],[86.740524,48.771701],[86.764657,48.807616],[86.741868,48.878723],[86.709415,48.954222],[86.743521,49.007707],[86.816178,49.058454],[86.887337,49.106823],[87.116315,49.129767],[87.323796,49.085274],[87.438363,49.07468],[87.487145,49.096953],[87.506059,49.120879],[87.716382,49.158861],[87.832447,49.123876],[87.821078,49.071838],[87.837821,49.02042],[87.8726,48.96802],[87.743615,48.905181],[87.754726,48.857277],[87.796067,48.839759],[87.805885,48.800588],[87.907585,48.758834],[88.033779,48.72912],[88.055018,48.673413],[87.997812,48.635172],[87.942828,48.599489],[88.016622,48.539803],[88.062511,48.542878],[88.115737,48.516497],[88.183485,48.492752],[88.304873,48.469006],[88.416701,48.394101],[88.479126,48.400148],[88.57297,48.32532],[88.568836,48.249201],[88.596225,48.197679],[88.680664,48.17303],[88.805411,48.105954],[88.916825,48.105954],[89.04581,47.992989],[89.167146,47.983997],[89.268587,47.993144],[89.354266,48.038774],[89.425425,48.021644],[89.5418,48.031023],[89.575648,47.976039],[89.613424,47.949581],[89.643913,47.912761],[89.707268,47.889042],[89.740238,47.836151],[89.889066,47.824317],[89.937642,47.857545],[89.96317,47.888654],[90.059856,47.868811],[90.052157,47.8107],[90.082852,47.756104],[90.209718,47.695746],[90.3448,47.658642],[90.327437,47.623037],[90.381594,47.538391],[90.441228,47.493045],[90.448153,47.404033],[90.490011,47.361839],[90.468514,47.323521],[90.712116,47.014702],[90.805547,46.986849],[90.869833,46.960339],[90.900322,46.910678],[90.92585,46.880654],[90.934428,46.856831],[90.925333,46.813139],[91.004812,46.74043],[91.011736,46.662941],[91.011323,46.585323],[91.045326,46.551087],[91.001401,46.475045],[90.935772,46.343865],[90.899185,46.281672],[90.995923,46.113724],[90.986208,45.993111],[90.710773,45.752196],[90.672325,45.475675],[90.762553,45.391597],[90.790975,45.304316],[90.854433,45.270623],[90.860324,45.231659],[90.90549,45.185977],[91.056798,45.217551],[91.147749,45.187217],[91.249138,45.129701],[91.3836,45.124224],[91.43848,45.146134],[91.533978,45.0711],[91.563951,45.077146],[91.724664,45.070738],[91.975088,45.073374],[92.075651,45.068878],[92.218898,45.010122],[92.331036,45.007848],[92.413821,45.011259],[92.572054,45.013016],[92.798914,45.03317],[92.861029,45.037872],[92.974924,45.004696],[93.033112,45.007642],[93.139152,45.009864],[93.268963,44.980098],[93.36136,44.978393],[93.525278,44.951263],[93.874507,44.714223],[94.058579,44.651281],[94.165342,44.665854],[94.27748,44.589579],[94.338458,44.512116],[94.460311,44.493306],[94.672598,44.373778],[94.720864,44.335796],[95.036814,44.254974],[95.389247,44.260762],[95.340568,44.187537],[95.321447,44.148417],[95.318967,44.017108],[95.474926,43.986619],[95.589235,43.869494],[95.841416,43.372522],[95.874385,43.247103],[96.318699,42.910069],[96.350635,42.740906],[96.09091,42.58691],[96.053393,42.541073],[96.020165,42.102547],[96.044246,42.03082],[96.035823,41.995292],[95.837386,41.841994],[95.49198,41.856024],[94.011037,41.104029],[93.669146,40.683357],[93.503471,40.547603],[93.286327,40.469261],[92.941542,40.472569],[92.915342,40.093315],[92.770389,39.890279],[92.766462,39.840101],[92.951464,39.441676],[92.940922,39.310727],[92.923868,39.153114],[92.504566,39.074411],[92.343697,39.055084],[92.122729,38.940647],[91.62865,38.825667],[91.44246,38.804066],[91.225988,38.744147],[91.012461,38.698672],[90.73501,38.673195],[90.659304,38.677123],[90.645041,38.660896],[90.638943,38.629219],[90.626386,38.61754],[90.536521,38.571289],[90.401232,38.496669],[90.312452,38.465792],[90.205585,38.46928],[90.159283,38.445845],[90.16476,38.379053],[90.443606,37.984478],[90.448412,37.915981],[90.407226,37.84012],[90.406038,37.816555],[90.422626,37.788546],[90.568973,37.731961],[90.86663,37.583546],[90.957218,37.519416],[91.091319,37.475542],[91.1262,37.418595],[91.234979,37.195404],[91.316318,37.118975],[91.32593,37.070192],[91.318798,37.035492],[91.287586,37.013503],[91.05499,36.945135],[90.96373,36.929632],[90.837743,36.927772],[90.765861,36.863952],[90.696201,36.796902],[90.688139,36.698484],[90.702299,36.646006],[90.80529,36.558518],[90.93691,36.530174],[90.994787,36.51294],[91.024553,36.460333],[91.117829,36.197636],[91.135967,36.104567],[91.111318,36.073922],[91.005949,36.052942],[90.875001,36.003642],[90.642561,36.105807],[90.165691,36.129242],[90.138509,36.143091],[90.083318,36.221019],[90.029575,36.258847],[89.979449,36.133144],[89.96255,36.09188],[89.892891,36.065964],[89.223629,36.263575],[89.078108,36.264324],[88.98292,36.276081],[88.88272,36.350185],[88.828098,36.373672],[88.516179,36.416744],[88.502846,36.426278],[88.490444,36.43788],[88.398253,36.454829],[88.078479,36.424134],[87.985979,36.425038],[87.942519,36.393309],[87.852085,36.362949],[87.514896,36.334966],[87.39449,36.370132],[87.193831,36.30396],[87.03043,36.28484],[86.820158,36.265074],[86.690295,36.225102],[86.496457,36.225283],[86.448708,36.210297],[86.419356,36.179756],[86.272388,36.145649],[86.224329,36.12503],[86.202418,36.095601],[86.178544,36.020308],[86.133172,35.985349],[86.120149,35.95765],[86.087438,35.875588],[85.993232,35.784844],[85.951219,35.764071],[85.745289,35.770401],[85.619766,35.675394],[85.571346,35.656041],[85.548711,35.668986],[85.527576,35.713298],[85.442568,35.752056],[85.36743,35.754924],[85.283508,35.731669],[85.253381,35.732238],[85.177054,35.750531],[84.847462,35.633536],[84.563449,35.559484],[84.155256,35.375567],[84.051128,35.411741],[84.009064,35.41851],[83.615083,35.359005],[83.498552,35.385153],[83.32864,35.397065],[83.246113,35.421249],[83.156713,35.407193],[83.082092,35.424686],[83.006334,35.469515],[82.96799,35.497937],[82.978429,35.600773],[82.956828,35.657204],[82.885153,35.688855],[82.784591,35.684541],[82.671781,35.65108],[82.414536,35.685729],[82.360689,35.65679],[82.318934,35.633743],[82.309788,35.571576],[82.289169,35.544962],[82.075642,35.442075],[82.056366,35.419285],[82.029856,35.340582],[82.00221,35.319447],[81.604198,35.236919],[81.54508,35.251776],[81.417387,35.326035],[81.259723,35.314176],[81.177815,35.328748],[81.091361,35.383784],[81.050691,35.383267],[81.034103,35.355052],[81.036894,35.310791],[81.019065,35.296295],[80.978861,35.293402],[80.875818,35.343424],[80.829878,35.347972],[80.758203,35.34438],[80.676761,35.379184],[80.541265,35.390915],[80.388096,35.457578],[80.319211,35.509254],[80.259629,35.514163],[80.261024,35.48631],[80.259474,35.417322],[80.176171,35.253249],[80.097313,35.179274],[80.014165,35.085921],[80.025948,35.056155],[80.045171,35.030188],[80.037885,34.989958],[80.00998,34.97107],[79.938408,34.958848],[79.900271,34.938074],[79.88115,34.893917],[79.907557,34.81834],[79.953032,34.757827],[79.963419,34.72093],[79.94311,34.663983],[79.87929,34.550243],[79.78064,34.419088],[79.742606,34.410277],[79.710588,34.414933],[79.602511,34.458672],[79.453063,34.46663],[79.364438,34.434488],[79.218917,34.44074],[79.027094,34.379504],[78.95694,34.339961],[78.885861,34.385758],[78.750676,34.471282],[78.379432,34.578666],[78.273186,34.658867],[78.162185,34.908826],[78.130042,35.055432],[78.009843,35.347456],[78.044259,35.491633],[77.912691,35.44099],[77.883132,35.431068]]]}},{"type":"Feature","properties":{"name_zh":"西藏自治区","name_en":"Xizang","center_lng":88.7448985,"center_lat":31.883606999999998,"name_short":"西藏"},"geometry":{"type":"Polygon","coordinates":[[[78.917694,33.386258],[78.800905,33.494236],[78.787263,33.808428],[78.730109,34.079265],[78.976192,34.217163],[78.98539,34.286358],[78.985391,34.3501],[79.037688,34.384672],[79.239846,34.440534],[79.380922,34.439061],[79.481123,34.471178],[79.653877,34.441826],[79.717336,34.412784],[79.757024,34.41113],[79.793972,34.431025],[79.913758,34.62551],[79.956288,34.684757],[79.962179,34.735865],[79.916704,34.798393],[79.902596,34.856064],[79.880117,34.906035],[79.913138,34.947919],[79.951637,34.961897],[80.019436,34.975281],[80.043776,35.001223],[80.04021,35.040652],[80.019281,35.064268],[80.020367,35.09977],[80.15054,35.219453],[80.235599,35.375205],[80.262884,35.435667],[80.257923,35.501709],[80.274201,35.527599],[80.365042,35.474872],[80.486023,35.404248],[80.65609,35.3843],[80.719239,35.357119],[80.766109,35.343424],[80.846363,35.34823],[80.893182,35.33743],[80.988163,35.292394],[81.028832,35.299706],[81.033483,35.341357],[81.037204,35.363501],[81.060923,35.388564],[81.106554,35.374017],[81.210217,35.316914],[81.357339,35.332391],[81.441727,35.318981],[81.558722,35.244774],[81.711426,35.245653],[82.012286,35.32526],[82.036988,35.351977],[82.060242,35.426391],[82.086029,35.447992],[82.29816,35.55274],[82.312888,35.582738],[82.327926,35.643664],[82.373091,35.661803],[82.428178,35.68976],[82.710435,35.650176],[82.802781,35.689243],[82.912593,35.682939],[82.968817,35.641907],[82.967577,35.516179],[82.971763,35.490444],[83.042353,35.455045],[83.09868,35.412774],[83.210094,35.422774],[83.278049,35.413291],[83.35267,35.39399],[83.540152,35.366524],[83.870674,35.374534],[84.024257,35.418097],[84.113657,35.383293],[84.174325,35.376807],[84.585566,35.566667],[84.923633,35.689321],[85.214468,35.747224],[85.260254,35.730403],[85.315961,35.739473],[85.389341,35.756707],[85.452025,35.749394],[85.530676,35.708157],[85.554602,35.661984],[85.582663,35.657772],[85.716866,35.759265],[85.768233,35.772571],[85.973233,35.772235],[86.02801,35.826444],[86.110744,35.916258],[86.126092,35.97566],[86.159113,36.000232],[86.18676,36.034338],[86.206759,36.107357],[86.233941,36.130663],[86.399512,36.170041],[86.428503,36.187611],[86.459405,36.219443],[86.589578,36.216549],[86.71386,36.231458],[87.000819,36.274091],[87.063451,36.292152],[87.345604,36.374059],[87.451748,36.349254],[87.570914,36.333803],[87.887587,36.369098],[87.96722,36.41385],[87.992955,36.427234],[88.148759,36.428423],[88.459231,36.448887],[88.4968,36.432919],[88.506257,36.422868],[88.52238,36.414315],[88.83864,36.371656],[88.958271,36.287294],[88.993204,36.273962],[89.110509,36.262257],[89.677813,36.081958],[89.493484,36.044364],[89.439482,36.000335],[89.435141,35.987804],[89.45886,35.916568],[89.494414,35.873004],[89.581437,35.839777],[89.744838,35.838433],[89.781786,35.831612],[89.793724,35.803758],[89.77233,35.734615],[89.712902,35.629453],[89.722824,35.566253],[89.690681,35.519848],[89.711661,35.491012],[89.743442,35.469256],[89.73011,35.443651],[89.511777,35.359625],[89.484337,35.34221],[89.484492,35.294642],[89.478394,35.257331],[89.458964,35.238056],[89.45483,35.212838],[89.540199,35.115945],[89.573375,35.058997],[89.560663,34.978847],[89.569189,34.948048],[89.645412,34.933682],[89.778221,34.930426],[89.825246,34.84609],[89.723909,34.739637],[89.717087,34.715917],[89.73166,34.688891],[89.761788,34.662742],[89.792018,34.439681],[89.799305,34.403068],[89.824626,34.394542],[89.845555,34.369995],[89.824781,34.330256],[89.786592,34.198533],[89.739257,34.153781],[89.692541,34.144841],[89.65797,34.130966],[89.635904,34.074484],[89.664481,34.018079],[89.741892,33.909507],[89.791088,33.883436],[89.887,33.813854],[89.88948,33.766466],[89.928134,33.737062],[89.96131,33.689055],[89.975108,33.630557],[89.997949,33.616605],[90.081871,33.600688],[90.150601,33.570768],[90.18817,33.516998],[90.203208,33.500074],[90.192356,33.454496],[90.205688,33.401502],[90.274004,33.31608],[90.3232,33.288718],[90.410844,33.289803],[90.469496,33.252002],[90.682558,33.149346],[90.80405,33.140536],[90.857121,33.165573],[90.949932,33.239393],[91.127906,33.254327],[91.144339,33.276367],[91.152917,33.314685],[91.169815,33.331558],[91.361587,33.336958],[91.391404,33.326493],[91.399775,33.31267],[91.390319,33.30267],[91.373265,33.29727],[91.369028,33.284454],[91.542661,33.080333],[91.720324,32.982509],[91.778874,32.977807],[91.825744,32.955896],[91.924395,32.871508],[91.99607,32.848357],[92.042785,32.858279],[92.072913,32.880526],[92.119318,32.887347],[92.196109,32.86864],[92.202155,32.852362],[92.187738,32.827635],[92.210372,32.75043],[92.24577,32.742911],[92.274812,32.751593],[92.307059,32.760455],[92.334654,32.752161],[92.359975,32.768259],[92.410256,32.757846],[92.431805,32.762548],[92.465809,32.769421],[92.549008,32.752265],[92.727291,32.760559],[92.926194,32.72945],[93.005931,32.734617],[93.023501,32.67798],[93.053783,32.651625],[93.081688,32.665293],[93.218527,32.65979],[93.362395,32.568968],[93.442596,32.563336],[93.475463,32.518816],[93.534632,32.528816],[93.644651,32.573516],[93.802006,32.555197],[93.877402,32.495381],[93.910268,32.503598],[93.952643,32.496699],[94.134699,32.48763],[94.153561,32.503598],[94.207614,32.529488],[94.34466,32.564576],[94.350861,32.606098],[94.38042,32.614134],[94.426257,32.596538],[94.503669,32.624701],[94.568419,32.664131],[94.614928,32.672735],[94.67141,32.62049],[94.721847,32.592869],[94.744843,32.542872],[94.915065,32.463342],[94.936769,32.438046],[94.948086,32.347354],[94.956923,32.328415],[95.061826,32.261209],[95.259075,32.244079],[95.28481,32.225268],[95.317572,32.184263],[95.396224,32.162068],[95.412399,32.113492],[95.426506,32.084373],[95.407024,32.051661],[95.417463,32.030629],[95.421494,32.012878],[95.372505,31.999417],[95.351989,31.96761],[95.390178,31.887925],[95.406766,31.810668],[95.486864,31.746667],[95.526397,31.745324],[95.622102,31.762351],[95.740699,31.737236],[95.773772,31.697988],[95.818782,31.707109],[95.899294,31.705636],[96.045332,31.715455],[96.094218,31.700546],[96.120262,31.654993],[96.132975,31.607296],[96.160467,31.561485],[96.193023,31.534742],[96.235398,31.568874],[96.22005,31.59138],[96.216019,31.620163],[96.230127,31.666181],[96.22284,31.719976],[96.164187,31.767932],[96.144964,31.819453],[96.181241,31.865497],[96.22222,31.893067],[96.331619,31.890948],[96.434507,31.776433],[96.560184,31.7369],[96.649533,31.725712],[96.737382,31.679798],[96.779912,31.69158],[96.791074,31.755891],[96.75211,31.812348],[96.763944,31.854671],[96.786372,31.910146],[96.733042,31.960349],[96.785493,31.971046],[96.871741,31.994352],[96.914581,31.990141],[96.999795,32.021741],[97.124077,32.009338],[97.175444,32.034402],[97.199783,32.067965],[97.25487,32.075794],[97.274611,32.12083],[97.255594,32.125094],[97.244793,32.148477],[97.265412,32.232581],[97.314608,32.266506],[97.376517,32.265964],[97.374863,32.306297],[97.395947,32.371435],[97.371556,32.397894],[97.325977,32.412234],[97.347681,32.453058],[97.358533,32.491066],[97.376413,32.503598],[97.562293,32.484348],[97.611644,32.452929],[97.642754,32.447477],[97.661254,32.480292],[97.693551,32.499774],[97.702853,32.509696],[97.817833,32.513261],[97.886821,32.497629],[98.076215,32.412983],[98.113733,32.402441],[98.135488,32.388359],[98.205768,32.355648],[98.213571,32.273173],[98.309586,32.128711],[98.393509,32.040138],[98.456657,31.960504],[98.435573,31.892214],[98.420846,31.878184],[98.425651,31.813407],[98.501512,31.749768],[98.553602,31.681348],[98.565953,31.660678],[98.592153,31.598821],[98.867692,31.364959],[98.830795,31.298374],[98.767801,31.230368],[98.731576,31.277962],[98.68269,31.315918],[98.637938,31.309278],[98.620265,31.187942],[98.638713,31.159804],[98.721344,31.066424],[98.764856,31.015187],[98.803044,30.990977],[98.78625,30.918268],[98.801029,30.867884],[98.898594,30.778716],[98.960709,30.727195],[98.917611,30.694948],[98.922159,30.623764],[98.931822,30.579555],[98.938178,30.485349],[98.960709,30.459976],[99.03409,30.055323],[99.056311,29.915332],[99.001017,29.784978],[99.014711,29.767925],[99.001017,29.757047],[98.992129,29.634703],[99.038741,29.567395],[99.058998,29.41805],[99.062925,29.348183],[99.09021,29.266793],[99.108814,29.223772],[99.043392,29.209535],[98.998123,29.205143],[98.974972,29.18163],[98.983654,29.125303],[99.006288,29.073161],[99.003497,29.033913],[98.943759,28.996525],[98.908413,28.936425],[98.91911,28.899477],[98.950891,28.859376],[98.911978,28.822143],[98.860767,28.813229],[98.820408,28.886041],[98.784596,29.000737],[98.772762,29.00345],[98.751833,28.994019],[98.66481,28.974175],[98.642124,28.954435],[98.638713,28.878651],[98.655095,28.850255],[98.653079,28.825579],[98.665223,28.804909],[98.677522,28.742354],[98.607346,28.694864],[98.584505,28.649156],[98.612824,28.539421],[98.642899,28.473146],[98.640419,28.424131],[98.575823,28.317548],[98.479602,28.242643],[98.409994,28.250602],[98.336768,28.335428],[98.282921,28.315352],[98.247678,28.220035],[98.136263,28.156447],[98.048619,28.199624],[97.984851,28.224221],[97.978753,28.2806],[97.85907,28.37013],[97.740008,28.38261],[97.641099,28.498365],[97.567512,28.525495],[97.513975,28.494696],[97.474598,28.426199],[97.450103,28.391912],[97.450206,28.364859],[97.447829,28.297602],[97.39822,28.288895],[97.369591,28.25347],[97.285255,28.235668],[97.210531,28.308092],[97.182729,28.314991],[97.032971,28.35703],[96.933959,28.336618],[96.604426,28.444534],[96.495226,28.42147],[96.301852,28.420711],[96.502375,28.644476],[96.592584,28.757884],[96.510832,28.885525],[96.474659,28.962058],[96.451198,28.981385],[96.294655,28.992324],[96.175954,29.017354],[96.193642,29.136931],[96.327484,29.180442],[96.366241,29.257233],[96.323247,29.27501],[96.235293,29.241214],[96.166047,29.303174],[96.074536,29.369286],[95.863134,29.323985],[95.744781,29.340432],[95.646697,29.22835],[95.572905,29.24726],[95.550684,29.230284],[95.515337,29.209433],[95.521435,29.137861],[95.429824,29.046525],[95.224916,29.059364],[95.212824,29.081869],[95.191533,29.09683],[95.047666,29.140806],[94.854086,29.170004],[94.776571,29.166696],[94.756417,29.230517],[94.63043,29.319452],[94.528628,29.23124],[94.474987,29.210802],[94.372875,29.196307],[94.335771,29.149617],[94.270786,29.09793],[94.291389,28.977256],[94.135396,28.897788],[94.01145,28.85302],[93.981591,28.768131],[93.86308,28.704871],[93.705525,28.691893],[93.62553,28.67236],[93.446213,28.671894],[93.302843,28.556921],[93.218838,28.457436],[93.207825,28.340539],[92.974924,28.282306],[92.903817,28.249698],[92.85028,28.19195],[92.805322,28.178023],[92.782894,28.190942],[92.70786,28.155414],[92.63727,28.071983],[92.689257,28.048315],[92.736392,27.985909],[92.636468,27.89537],[92.518151,27.839468],[92.427567,27.821171],[92.392841,27.856027],[92.367933,27.803834],[92.334653,27.831274],[92.303854,27.78616],[92.258275,27.848198],[92.126294,27.812722],[91.988898,27.769398],[91.908736,27.7319],[91.826589,27.807627],[91.628339,27.852694],[91.652834,27.916747],[91.600641,27.959276],[91.497495,27.984081],[91.436483,27.989375],[91.309599,28.056402],[91.246141,28.071466],[91.175861,28.057487],[91.11943,27.994726],[91.008842,27.96677],[90.90952,28.032657],[90.755278,28.055173],[90.667468,28.090328],[90.597395,28.070587],[90.492595,28.074412],[90.515299,28.154287],[90.597602,28.200376],[90.505422,28.249758],[90.386905,28.299141],[90.29147,28.261351],[90.225591,28.358399],[90.153164,28.322185],[89.990455,28.320624],[89.91613,28.315601],[89.862918,28.295793],[89.829741,28.259155],[89.773621,28.212775],[89.597817,28.149807],[89.515032,28.081905],[89.458808,28.047798],[89.420981,27.994726],[89.336025,27.869075],[89.22492,27.807813],[89.198203,27.730582],[89.124655,27.614852],[89.105865,27.622952],[89.064029,27.615946],[89.03337,27.578976],[89.004966,27.54967],[88.972955,27.517659],[88.982966,27.492632],[88.95106,27.433144],[88.997019,27.330869],[88.91516,27.330869],[88.852023,27.342363],[88.808202,27.378382],[88.759781,27.435071],[88.757559,27.511448],[88.748154,27.560128],[88.805669,27.655109],[88.851558,27.877163],[88.810682,27.927857],[88.81771,27.994726],[88.802931,28.011005],[88.71012,28.061983],[88.610488,28.105831],[88.530802,28.059012],[88.475405,28.036248],[88.399854,27.994726],[88.197851,27.958295],[88.151187,27.94721],[88.099924,27.928322],[88.118218,27.860885],[88.029954,27.893337],[87.978433,27.880522],[87.93456,27.895301],[87.825884,27.906566],[87.779841,27.839439],[87.700466,27.805642],[87.636077,27.823652],[87.573342,27.805022],[87.555978,27.827088],[87.514534,27.835201],[87.369116,27.803937],[87.385343,27.849412],[87.313926,27.828587],[87.181996,27.824504],[87.062003,27.908427],[86.988726,27.952481],[86.940357,27.943102],[86.876898,27.970645],[86.840466,28.014777],[86.732204,28.034957],[86.717683,28.088261],[86.661976,28.106838],[86.612315,28.080277],[86.569527,28.106606],[86.54126,28.07821],[86.530925,28.03369],[86.516455,27.994726],[86.496921,27.937882],[86.425298,27.909925],[86.362976,27.946099],[86.337551,27.938037],[86.29466,27.972376],[86.238539,27.989559],[86.217765,27.994985],[86.189137,28.043612],[86.172238,28.071828],[86.186036,28.133529],[86.068731,28.076763],[86.084699,28.043871],[86.079531,28.01333],[86.089298,27.994881],[86.098134,27.985631],[86.095602,27.957855],[86.112242,27.937262],[86.075655,27.894784],[86.051419,27.88755],[85.96269,27.891374],[85.956283,27.956873],[85.908947,28.022425],[85.889827,28.071259],[85.87174,28.110921],[85.848279,28.158928],[85.756605,28.203241],[85.699761,28.269102],[85.679142,28.332897],[85.675059,28.306387],[85.639093,28.287887],[85.585504,28.263186],[85.52065,28.282926],[85.44665,28.29215],[85.401381,28.288791],[85.345364,28.261248],[85.312601,28.282771],[85.259581,28.266932],[85.205734,28.278275],[85.134162,28.291969],[85.080212,28.318789],[85.08569,28.381008],[85.109461,28.459298],[85.117212,28.497331],[85.14765,28.515832],[85.16801,28.583192],[85.075044,28.631664],[85.02528,28.628409],[85.002491,28.594431],[84.954948,28.574303],[84.92849,28.538466],[84.891438,28.541773],[84.81196,28.54198],[84.755632,28.585414],[84.677756,28.604405],[84.65228,28.662386],[84.616209,28.69365],[84.531977,28.712693],[84.475753,28.727292],[84.422733,28.799173],[84.376586,28.848835],[84.285997,28.873743],[84.206725,28.940664],[84.198199,29.045308],[84.166211,29.098458],[84.13226,29.143804],[84.161663,29.192534],[84.126007,29.206255],[84.099135,29.247001],[84.05304,29.25036],[84.012525,29.270204],[83.975835,29.263745],[83.957955,29.28904],[83.914392,29.289402],[83.868865,29.263435],[83.79321,29.234754],[83.719727,29.233591],[83.66774,29.192328],[83.654992,29.160414],[83.583818,29.162149],[83.535965,29.179228],[83.514571,29.20181],[83.493384,29.276147],[83.437212,29.305241],[83.405017,29.346479],[83.389411,29.382445],[83.355201,29.427972],[83.327968,29.485023],[83.248748,29.506572],[83.26332,29.527088],[83.229317,29.575948],[83.197175,29.589099],[83.187253,29.612095],[83.150046,29.625635],[83.093357,29.615144],[83.079559,29.579643],[83.040905,29.610287],[82.964321,29.665891],[82.923703,29.669663],[82.880088,29.681109],[82.822365,29.677957],[82.793065,29.699506],[82.751517,29.739323],[82.684648,29.809706],[82.67731,29.834407],[82.635865,29.829033],[82.524244,29.932386],[82.438926,29.965769],[82.394433,30.003131],[82.347304,30.003441],[82.318882,30.031811],[82.255733,30.039666],[82.17424,30.055479],[82.135224,30.089741],[82.150985,30.162243],[82.114243,30.202189],[82.0821,30.257327],[82.073212,30.337219],[81.998178,30.334067],[81.969032,30.328279],[81.941231,30.353962],[81.844389,30.371171],[81.779018,30.358045],[81.614015,30.416904],[81.581976,30.399438],[81.544252,30.382643],[81.520688,30.331948],[81.46281,30.341353],[81.387518,30.373909],[81.382143,30.331276],[81.369017,30.266061],[81.377854,30.232626],[81.357287,30.17356],[81.322405,30.133769],[81.277705,30.131857],[81.274501,30.102195],[81.267903,30.072053],[81.239516,30.058787],[81.21683,30.008195],[81.124588,30.022768],[81.084454,30.027876],[81.043663,30.12023],[81.006507,30.188908],[80.996275,30.22689],[80.866981,30.288488],[80.754998,30.345797],[80.694743,30.411737],[80.559971,30.465118],[80.508295,30.462328],[80.325877,30.546509],[80.179839,30.559479],[80.2033,30.60635],[80.177255,30.649862],[80.172915,30.679162],[80.19989,30.680712],[80.224591,30.734094],[80.157102,30.79316],[80.092196,30.774505],[80.028634,30.830781],[79.91937,30.881182],[79.880426,30.912843],[79.833504,30.961522],[79.6885,30.967413],[79.589488,30.940231],[79.544219,30.947414],[79.497607,30.981211],[79.484275,31.005447],[79.46164,31.021105],[79.414408,31.020382],[79.388363,31.069474],[79.367048,31.111559],[79.303209,31.183104],[79.278316,31.240044],[79.262024,31.278513],[79.238319,31.329656],[79.179218,31.393796],[79.07799,31.461664],[79.015529,31.383397],[78.940282,31.301576],[78.886972,31.284171],[78.821989,31.293698],[78.753156,31.301966],[78.73848,31.334988],[78.762561,31.44511],[78.699516,31.510016],[78.818889,31.607374],[78.739824,31.666027],[78.71843,31.6806],[78.693212,31.71853],[78.695589,31.746694],[78.700343,31.821676],[78.720187,31.902912],[78.733829,31.984664],[78.649287,32.036444],[78.513068,32.20757],[78.468541,32.226668],[78.461391,32.260151],[78.435966,32.377973],[78.441444,32.404948],[78.448782,32.426782],[78.384807,32.547549],[78.589859,32.569925],[78.664893,32.599019],[78.736827,32.629844],[78.740651,32.578684],[78.754707,32.493806],[78.881521,32.376268],[78.976192,32.361618],[79.028178,32.377095],[79.075307,32.37079],[79.112928,32.472386],[79.191166,32.50427],[79.287412,32.532579],[79.40682,32.529683],[79.515741,32.60812],[79.620673,32.728725],[79.471089,32.908959],[79.333586,32.994292],[79.381063,33.061768],[79.456096,33.250399],[79.260061,33.291776],[79.098028,33.287655],[79.023041,33.31798],[78.917694,33.386258]]]}},{"type":"Feature","properties":{"name_zh":"内蒙古自治区","name_en":"Inner Mongol","center_lng":111.62347249999999,"center_lat":45.357193499999994,"name_short":"内蒙古"},"geometry":{"type":"Polygon","coordinates":[[[115.914506,47.683912],[115.575715,47.909738],[115.51453,48.122103],[115.770845,48.224086],[115.786555,48.473011],[115.800404,48.530372],[116.047624,48.817693],[116.247767,49.181469],[116.684278,49.823265],[117.252925,49.62245],[117.768863,49.510984],[117.803589,49.518891],[117.831908,49.509796],[117.873766,49.513206],[117.930713,49.567312],[118.071273,49.625137],[118.168632,49.671491],[118.223409,49.712109],[118.305161,49.767093],[118.37296,49.786316],[118.455849,49.828639],[118.486442,49.860679],[118.521272,49.894062],[118.599975,49.930959],[118.712939,49.949459],[118.891378,49.979328],[118.923779,49.991627],[118.962537,49.982015],[119.189551,50.007285],[119.251046,50.048264],[119.328613,50.108054],[119.348301,50.184586],[119.334142,50.211148],[119.338534,50.294037],[119.365509,50.310832],[119.3529,50.345507],[119.250788,50.34251],[119.223709,50.356101],[119.17534,50.356101],[119.141234,50.376616],[119.146711,50.404263],[119.19844,50.4131],[119.243656,50.445501],[119.264017,50.489581],[119.254509,50.497022],[119.260606,50.514075],[119.285256,50.588903],[119.313885,50.604613],[119.34117,50.628074],[119.373726,50.64275],[119.403905,50.673239],[119.457287,50.696287],[119.514854,50.79194],[119.515785,50.848112],[119.517955,50.904801],[119.604255,50.978181],[119.710398,51.062466],[119.748277,51.083395],[119.761713,51.128172],[119.767087,51.159721],[119.758147,51.199021],[119.802434,51.213283],[119.80941,51.23261],[119.819642,51.274727],[119.860621,51.289015],[119.915657,51.330744],[119.895296,51.383971],[119.956843,51.404512],[119.982733,51.442158],[119.977203,51.487013],[120.052909,51.552203],[120.064898,51.614887],[120.108203,51.665194],[120.165616,51.668553],[120.37444,51.802317],[120.454022,51.836449],[120.475933,51.859135],[120.502081,51.877248],[120.541148,51.882984],[120.566315,51.905334],[120.647602,51.911019],[120.705789,51.979955],[120.707546,52.012408],[120.697314,52.04871],[120.731989,52.070182],[120.766664,52.108448],[120.771263,52.132478],[120.784079,52.158006],[120.77178,52.171623],[120.751265,52.202965],[120.758086,52.237407],[120.635768,52.326187],[120.626156,52.346806],[120.643158,52.36634],[120.660418,52.398792],[120.69039,52.470158],[120.704136,52.49783],[120.72398,52.542169],[120.608741,52.574001],[120.46415,52.636039],[120.389426,52.622164],[120.242097,52.607229],[120.112854,52.584518],[120.042677,52.613508],[120.032601,52.65888],[120.051566,52.704588],[120.032962,52.760657],[120.177398,52.817914],[120.267212,52.858144],[120.290724,52.885352],[120.337233,52.907702],[120.35408,52.93323],[120.450301,53.008342],[120.652201,53.122831],[120.82387,53.235227],[120.845729,53.273442],[121.151809,53.274501],[121.299965,53.302536],[121.357636,53.324059],[121.414274,53.315919],[121.452308,53.288169],[121.607182,53.24073],[121.644079,53.214065],[121.666403,53.156962],[121.69281,53.127274],[121.758594,53.103426],[121.770273,53.075805],[121.794148,53.03852],[121.800194,53.023586],[121.790117,53.000486],[121.769343,52.982141],[121.727433,52.954597],[121.691518,52.908347],[121.169586,52.591002],[121.169121,52.57661],[121.325546,52.531988],[121.424196,52.484135],[121.581706,52.414475],[121.71901,52.374478],[121.740766,52.354944],[121.814146,52.275983],[121.879,52.260531],[121.997133,52.274381],[122.041781,52.301717],[122.136866,52.419798],[122.178517,52.483412],[122.198774,52.490181],[122.346414,52.449615],[122.368738,52.415767],[122.398865,52.381092],[122.473796,52.322285],[122.491779,52.294844],[122.5109,52.282029],[122.740963,52.245778],[122.773726,52.224487],[122.776827,52.205909],[122.769695,52.18945],[122.748611,52.168599],[122.696935,52.148032],[122.644948,52.135939],[122.633786,52.121935],[122.637662,52.09496],[122.762719,51.814874],[122.759308,51.796684],[122.721326,51.758857],[122.708407,51.739762],[122.706237,51.72196],[122.835531,51.567757],[122.841526,51.552719],[122.837081,51.522101],[122.844006,51.498149],[122.956247,51.386063],[123.023737,51.355574],[123.102491,51.307773],[123.140732,51.310047],[123.169774,51.318082],[123.192564,51.307773],[123.232096,51.278731],[123.27168,51.26669],[123.450171,51.272788],[123.50257,51.259766],[123.548511,51.217417],[123.569646,51.203903],[123.662406,51.199666],[123.779866,51.225194],[123.791958,51.237545],[123.798676,51.268499],[123.81666,51.298936],[123.83392,51.307928],[124.0044,51.301727],[124.18966,51.323896],[124.284331,51.28333],[124.369856,51.280901],[124.430369,51.301572],[124.439981,51.316351],[124.449438,51.346091],[124.464992,51.3564],[124.66622,51.335265],[124.828071,51.367588],[124.84745,51.397587],[124.865588,51.413451],[124.93561,51.44115],[124.94424,51.456084],[124.948167,51.479184],[124.959174,51.493007],[124.978449,51.499983],[125.046094,51.515822],[125.060615,51.534374],[125.062372,51.5768],[125.068263,51.59437],[125.081182,51.606359],[125.101336,51.613594],[125.333311,51.582743],[125.514644,51.483654],[125.554125,51.434122],[125.568698,51.396553],[125.662852,51.328444],[125.696235,51.27563],[125.793077,51.21305],[125.843409,51.206229],[125.870695,51.14476],[125.928366,51.126595],[125.966244,51.110007],[125.982419,51.09962],[126.026602,51.051148],[126.040917,51.01885],[126.053629,50.986449],[126.045258,50.943144],[126.020866,50.911363],[125.994821,50.894232],[125.980559,50.870409],[125.946401,50.887799],[125.932603,50.862348],[125.908832,50.86258],[125.898703,50.8524],[125.896119,50.828164],[125.824031,50.766798],[125.762122,50.744035],[125.802998,50.690679],[125.790389,50.666882],[125.809406,50.562237],[125.741504,50.511749],[125.705743,50.500329],[125.680422,50.477591],[125.652207,50.462915],[125.586681,50.441056],[125.572883,50.405451],[125.542033,50.406588],[125.51361,50.324991],[125.487617,50.306826],[125.459764,50.284476],[125.443951,50.262359],[125.451495,50.238794],[125.44302,50.211122],[125.384988,50.189908],[125.342768,50.129085],[125.288198,50.129421],[125.260551,50.096426],[125.280963,50.069089],[125.329436,50.062268],[125.250267,50.054826],[125.263238,50.035809],[125.282255,50.026352],[125.288715,50.004519],[125.257089,49.993383],[125.225773,49.959225],[125.188462,49.941861],[125.225773,49.918271],[125.244996,49.877033],[125.216523,49.840653],[125.182881,49.811223],[125.216161,49.798149],[125.219572,49.753811],[125.207169,49.653249],[125.179212,49.646944],[125.12521,49.656582],[125.163244,49.620615],[125.201588,49.592064],[125.220295,49.562427],[125.240035,49.540904],[125.218538,49.519717],[125.267372,49.438481],[125.240035,49.390061],[125.253678,49.34288],[125.222465,49.285467],[125.222362,49.258802],[125.218331,49.23994],[125.225566,49.23113],[125.214507,49.211725],[125.190426,49.187851],[125.164329,49.15979],[125.112808,49.135115],[125.04134,49.150489],[124.902588,49.177257],[124.85639,49.167749],[124.845899,49.136588],[124.822283,49.11571],[124.811741,49.044345],[124.698156,48.849448],[124.657849,48.794205],[124.624311,48.725915],[124.616249,48.667572],[124.589533,48.616051],[124.533774,48.547683],[124.537443,48.484276],[124.530311,48.431566],[124.547468,48.35232],[124.548605,48.205172],[124.526384,48.184036],[124.528141,48.171039],[124.510778,48.122619],[124.477085,48.126572],[124.469747,48.149774],[124.425563,48.174372],[124.41652,48.187808],[124.416727,48.217109],[124.410215,48.231217],[124.394816,48.244807],[124.394506,48.25876],[124.381173,48.275762],[124.368771,48.293383],[124.345155,48.311367],[124.317198,48.350951],[124.313219,48.377874],[124.316268,48.431049],[124.304382,48.454304],[124.307328,48.477661],[124.300765,48.491872],[124.244334,48.533885],[123.726949,48.191064],[123.487378,48.007561],[123.286563,47.941312],[123.265479,47.918212],[123.206826,47.813826],[122.72298,47.597793],[122.545936,47.509969],[122.486715,47.401551],[122.448681,47.285228],[122.535704,47.170093],[122.62619,47.097384],[122.776517,47.046819],[122.996245,46.840294],[123.124402,46.775336],[123.194114,46.764174],[123.253697,46.812595],[123.321806,46.826134],[123.368832,46.890161],[123.441592,46.891712],[123.469084,46.858897],[123.477042,46.823757],[123.523241,46.813577],[123.550061,46.833472],[123.57068,46.873289],[123.594038,46.869232],[123.604993,46.832129],[123.595226,46.810166],[123.625767,46.803423],[123.536108,46.691982],[123.377927,46.590955],[123.218608,46.593823],[123.049937,46.623356],[123.016915,46.610334],[123.006993,46.596433],[123.003376,46.579948],[123.006993,46.50065],[122.984152,46.434427],[123.034124,46.346577],[123.142437,46.203407],[123.109364,46.155323],[123.100063,46.128037],[123.077428,46.110364],[122.81362,46.094758],[122.798737,46.089332],[122.800598,45.913063],[122.789746,45.889654],[122.768455,45.861103],[122.773106,45.800874],[122.76892,45.774261],[122.718226,45.721861],[122.696315,45.71075],[122.612082,45.747337],[122.508523,45.812656],[122.485888,45.850277],[122.452505,45.919781],[122.420569,45.944586],[122.398555,45.949185],[122.377264,45.916939],[122.267504,45.818754],[122.247247,45.813354],[122.228436,45.818625],[122.208283,45.845161],[122.146064,45.871257],[122.052013,45.935594],[122.03682,45.95828],[122.010775,45.974868],[121.954448,45.985824],[121.886442,46.008923],[121.787171,46.014298],[121.770583,46.004634],[121.784691,45.973912],[121.8081,45.952493],[121.815852,45.928954],[121.810581,45.897845],[121.725728,45.782348],[121.657412,45.748629],[121.64997,45.734986],[121.666403,45.715763],[121.759111,45.674861],[121.865048,45.699278],[121.914554,45.697056],[121.939358,45.686772],[121.96468,45.657213],[121.986384,45.62967],[121.980338,45.604503],[121.964525,45.573911],[121.967574,45.550295],[121.986539,45.523733],[122.002507,45.51314],[122.013411,45.494794],[122.027053,45.484511],[122.128391,45.456399],[122.186113,45.383277],[122.210453,45.348137],[122.227506,45.295659],[122.237015,45.270725],[122.228333,45.237601],[122.191849,45.20104],[122.05129,45.152025],[122.024883,45.137038],[122.010775,45.118332],[122.005814,45.08991],[122.03806,44.908965],[122.033099,44.883566],[122.022557,44.84672],[122.046277,44.770911],[122.041781,44.706677],[122.088186,44.61968],[122.274118,44.445504],[122.281973,44.397962],[122.277942,44.2188],[122.376644,44.219963],[122.604124,44.298407],[122.63792,44.324039],[122.749541,44.348715],[123.008957,44.484365],[123.080839,44.531391],[123.105954,44.525448],[123.122129,44.50085],[123.123782,44.49439],[123.123369,44.463488],[123.116547,44.406489],[123.121198,44.396153],[123.172255,44.362977],[123.178559,44.352358],[123.196233,44.300914],[123.24641,44.216087],[123.257572,44.204072],[123.323357,44.179164],[123.349401,44.164385],[123.362476,44.141492],[123.362941,44.103717],[123.350642,44.082322],[123.323822,44.061419],[123.322271,44.04186],[123.398804,43.92135],[123.481331,43.745211],[123.524791,43.6917],[123.529907,43.656612],[123.519314,43.615323],[123.494199,43.589459],[123.418648,43.618268],[123.421438,43.57902],[123.399114,43.563439],[123.355344,43.533932],[123.344751,43.509308],[123.347748,43.48515],[123.3586,43.46745],[123.386505,43.450061],[123.442212,43.44169],[123.496369,43.408565],[123.516213,43.402416],[123.570577,43.395749],[123.605923,43.365054],[123.696719,43.344719],[123.696719,43.337717],[123.699509,43.328027],[123.683541,43.290795],[123.680751,43.281286],[123.668142,43.256481],[123.669795,43.239428],[123.665351,43.222582],[123.653569,43.209921],[123.65698,43.198268],[123.661475,43.186046],[123.657496,43.173902],[123.634449,43.137781],[123.620393,43.086931],[123.343717,43.012336],[123.261241,42.998797],[123.159801,42.864929],[123.071796,42.793977],[123.047146,42.785761],[122.965549,42.786226],[122.921159,42.766589],[122.876614,42.741474],[122.727941,42.741009],[122.527178,42.834233],[122.383879,42.851726],[122.364552,42.83351],[122.362692,42.814906],[122.376334,42.78018],[122.430956,42.712794],[122.434212,42.696748],[122.429096,42.679953],[122.412353,42.662978],[122.291637,42.636545],[122.255773,42.646906],[122.175571,42.688557],[122.062607,42.719615],[121.96592,42.695534],[121.925406,42.663624],[121.913727,42.620913],[121.89254,42.558488],[121.87776,42.539574],[121.738905,42.465264],[121.69374,42.455548],[121.640048,42.454024],[121.618344,42.463817],[121.587752,42.503168],[121.576073,42.525208],[121.559071,42.534148],[121.495768,42.522314],[121.467811,42.525518],[121.42094,42.514356],[121.368851,42.49999],[120.997659,42.249825],[120.950013,42.276128],[120.912599,42.296566],[120.727649,42.223315],[120.639489,42.164662],[120.50172,42.146988],[120.488801,42.135723],[120.48601,42.118153],[120.492108,42.096087],[120.489731,42.078569],[120.458415,42.025084],[120.340179,41.965811],[120.303231,41.930464],[120.172851,41.817086],[120.130477,41.767528],[120.117661,41.716679],[120.101848,41.704018],[120.063969,41.699806],[120.036219,41.707429],[120.027795,41.721924],[120.036012,41.805795],[120.032601,41.855714],[120.019476,41.873491],[119.979995,41.912326],[119.978651,41.93788],[119.972657,41.960281],[119.891886,41.999452],[119.88615,42.007927],[119.88429,42.052576],[119.875712,42.070326],[119.800936,42.12885],[119.801091,42.144844],[119.845016,42.17448],[119.836954,42.19913],[119.762024,42.221144],[119.644201,42.23551],[119.629422,42.250548],[119.623892,42.280365],[119.591595,42.311268],[119.587151,42.326151],[119.581569,42.35571],[119.519764,42.394725],[119.507362,42.389558],[119.489844,42.352196],[119.450621,42.317107],[119.428401,42.317314],[119.417962,42.310906],[119.397705,42.301372],[119.374657,42.299176],[119.343961,42.294395],[119.300243,42.26109],[119.268255,42.230885],[119.248877,42.203574],[119.245776,42.186521],[119.264224,42.172465],[119.321947,42.118851],[119.361324,42.104097],[119.371246,42.091333],[119.375019,42.050198],[119.362771,42.014929],[119.327063,41.975888],[119.321017,41.959377],[119.324428,41.943047],[119.330629,41.873362],[119.325048,41.854758],[119.306237,41.838144],[119.306547,41.813779],[119.299571,41.790085],[119.298641,41.777347],[119.302723,41.762102],[119.301276,41.745152],[119.307168,41.72319],[119.307994,41.69252],[119.314661,41.659344],[119.350938,41.618545],[119.389747,41.472559],[119.385871,41.42096],[119.361635,41.374994],[119.239523,41.30797],[119.235027,41.322801],[119.176685,41.314119],[118.84363,41.347089],[118.827714,41.374322],[118.808903,41.382849],[118.727926,41.347296],[118.625039,41.35484],[118.42226,41.342593],[118.406551,41.309624],[118.370274,41.313964],[118.342472,41.365847],[118.339371,41.43313],[118.297824,41.489587],[118.312396,41.542219],[118.309296,41.577824],[118.2601,41.590097],[118.218345,41.61529],[118.18951,41.67663],[118.153956,41.73275],[118.168064,41.790111],[118.21509,41.79316],[118.249351,41.760655],[118.289969,41.763188],[118.322938,41.849229],[118.304645,41.88827],[118.274517,41.91584],[118.297617,41.972296],[118.281959,42.001778],[118.276533,42.022397],[118.277153,42.062446],[118.232298,42.084202],[118.211834,42.070042],[118.200672,42.035212],[118.182688,42.024464],[118.133906,42.021906],[118.128842,42.049733],[118.12264,42.072109],[118.096802,42.124509],[118.10197,42.170527],[118.021561,42.20161],[117.988075,42.234683],[118.003578,42.254475],[118.041302,42.278247],[118.026419,42.312431],[118.019288,42.344237],[118.025489,42.373331],[118.01226,42.395371],[117.87356,42.499783],[117.815217,42.552338],[117.80111,42.580089],[117.801885,42.609751],[117.628097,42.565128],[117.593629,42.551589],[117.543503,42.615022],[117.529395,42.620241],[117.510171,42.596108],[117.494255,42.578642],[117.454464,42.553475],[117.44201,42.533476],[117.427592,42.476632],[117.417671,42.460974],[117.392814,42.454618],[117.260471,42.480353],[117.137739,42.471594],[116.887109,42.395371],[116.829386,42.324859],[116.831711,42.292406],[116.873156,42.229102],[116.888349,42.184712],[116.880546,42.160476],[116.855018,42.125439],[116.857343,42.105492],[116.889124,42.069887],[116.873156,42.030716],[116.826751,42.010537],[116.810938,41.997644],[116.780707,41.982244],[116.672393,41.939249],[116.599736,41.92372],[116.560979,41.948628],[116.519999,41.967103],[116.458556,41.947621],[116.443053,41.959506],[116.427033,41.997773],[116.407035,42.006894],[116.360939,42.002656],[116.18219,41.876566],[116.10881,41.857652],[116.070311,41.801015],[116.013363,41.837369],[115.937347,41.927467],[115.88009,41.93341],[115.794255,41.890441],[115.527502,41.772334],[115.313044,41.699419],[115.341622,41.638208],[115.324568,41.61591],[115.268344,41.61963],[115.250361,41.591415],[115.137241,41.610949],[115.023191,41.613378],[114.875603,41.619889],[114.881495,41.637924],[114.884027,41.718901],[114.888988,41.737143],[114.871159,41.782876],[114.871573,41.805872],[114.887127,41.817913],[114.923559,41.831013],[114.931311,41.847782],[114.921802,41.912791],[114.920304,41.936872],[114.885112,42.018469],[114.847388,42.074848],[114.856225,42.126189],[114.804858,42.178408],[114.764706,42.142751],[114.549939,42.130064],[114.522912,42.115879],[114.451857,42.000176],[114.419714,41.956302],[114.35641,41.929999],[114.272488,41.875635],[114.224687,41.81042],[114.194095,41.588676],[114.176628,41.573147],[114.027283,41.53129],[113.998603,41.509405],[113.965788,41.451579],[113.935609,41.426826],[113.925377,41.412253],[113.923207,41.377526],[113.908892,41.294017],[113.92393,41.265647],[113.973746,41.253193],[113.987699,41.2249],[113.987699,41.169839],[113.975813,41.157876],[113.956797,41.152863],[113.923827,41.162527],[113.903466,41.159193],[113.891374,41.146739],[113.880677,41.0993],[113.86905,41.08757],[113.835357,41.094029],[113.822644,41.089404],[113.907962,41.028142],[113.954213,40.967422],[113.993332,40.936623],[114.018602,40.923601],[114.044388,40.875852],[114.047489,40.833063],[114.060149,40.813659],[114.154097,40.742578],[114.037412,40.662686],[114.026973,40.635169],[114.02935,40.610906],[114.055395,40.569384],[114.081595,40.539619],[114.080045,40.509311],[114.05617,40.491896],[113.896128,40.469158],[113.76549,40.4273],[113.698208,40.431796],[113.518322,40.343739],[113.437345,40.324774],[113.32376,40.320562],[113.296888,40.331905],[113.281075,40.347563],[113.243558,40.407146],[113.207695,40.424096],[113.086462,40.404433],[112.940941,40.343998],[112.84379,40.225659],[112.734235,40.172845],[112.708036,40.172432],[112.691757,40.181475],[112.609179,40.231214],[112.583237,40.2408],[112.492493,40.267155],[112.453374,40.284131],[112.399217,40.288342],[112.282687,40.232635],[112.254937,40.198089],[112.165071,40.059312],[112.109829,40.017506],[111.99857,39.833073],[111.959296,39.790569],[111.942708,39.733932],[111.92674,39.695872],[111.846951,39.628796],[111.814395,39.620424],[111.761168,39.598048],[111.718328,39.604921],[111.689545,39.626212],[111.489919,39.652154],[111.449146,39.640113],[111.4539,39.617375],[111.425375,39.536011],[111.342692,39.444414],[111.199445,39.427154],[111.110045,39.385193],[111.046742,39.414494],[111.048757,39.436715],[111.109838,39.508622],[111.137072,39.56495],[111.127305,39.580582],[111.097488,39.571435],[111.075319,39.561461],[111.053873,39.561694],[111.018061,39.567818],[110.999406,39.551075],[110.958323,39.523324],[110.905872,39.510018],[110.822983,39.440616],[110.812906,39.427387],[110.707072,39.305353],[110.684852,39.264374],[110.656326,39.245977],[110.632607,39.247191],[110.603409,39.267216],[110.550648,39.342302],[110.526463,39.365014],[110.501814,39.37491],[110.428536,39.355944],[110.404197,39.336307],[110.379651,39.319719],[110.338103,39.318143],[110.255059,39.377442],[110.215526,39.430178],[110.158682,39.444518],[110.126591,39.439763],[110.109176,39.428395],[110.106902,39.415062],[110.14659,39.359045],[110.175477,39.295302],[110.169121,39.276259],[109.988305,39.194455],[109.841389,39.092291],[109.833431,39.075651],[109.820563,39.054464],[109.700622,39.02351],[109.635303,38.905817],[109.593549,38.869617],[109.567814,38.840627],[109.537996,38.785204],[109.506526,38.790863],[109.462446,38.78709],[109.391545,38.738824],[109.365139,38.689318],[109.315788,38.667821],[109.313152,38.620485],[109.176003,38.554598],[109.135179,38.495738],[109.045365,38.422461],[108.993792,38.346187],[108.982837,38.298489],[108.955448,38.224876],[108.959996,38.182734],[109.02795,38.110956],[109.035391,38.075221],[108.954259,37.925541],[108.920205,37.918151],[108.877107,37.975822],[108.851527,37.99024],[108.816438,37.973884],[108.780472,37.905284],[108.775666,37.756223],[108.769723,37.695012],[108.73851,37.671267],[108.520539,37.670802],[108.307167,37.632742],[108.015454,37.636773],[108.006617,37.676848],[107.991114,37.725708],[107.90776,37.794903],[107.676663,37.842807],[107.556154,37.876758],[107.426911,37.906705],[107.40624,37.94802],[107.365881,38.010962],[107.162638,38.138603],[106.994121,38.118914],[106.689953,38.210252],[106.576989,38.240509],[106.624169,38.433313],[106.708918,38.64529],[106.931747,38.921139],[106.981718,39.014621],[106.977843,39.035602],[106.887512,39.084901],[106.878469,39.101257],[106.836921,39.172906],[106.801574,39.221689],[106.802815,39.327161],[106.78912,39.360957],[106.766021,39.371137],[106.614092,39.358321],[106.506244,39.288558],[106.4186,39.282822],[106.312612,39.292305],[106.279642,39.274115],[106.272873,39.261066],[106.272563,39.225203],[106.28729,39.185619],[106.287756,39.168152],[106.278144,39.150427],[106.248533,39.129886],[106.2136,39.122419],[106.175411,39.12893],[106.130918,39.128025],[106.110402,39.116734],[106.069733,39.000979],[106.053145,38.970076],[106.013612,38.920286],[105.98581,38.854321],[105.896617,38.736189],[105.823805,38.377451],[105.825045,38.335335],[105.84308,38.309057],[105.848454,38.289033],[105.84556,38.257613],[105.831711,38.230354],[105.795434,38.213895],[105.773988,38.197514],[105.7574,38.160333],[105.757504,38.124392],[105.805976,38.030521],[105.824735,38.005484],[105.823495,37.980318],[105.798845,37.877146],[105.799465,37.812783],[105.658698,37.739816],[105.59462,37.734855],[105.464292,37.732271],[105.36869,37.754027],[105.084883,37.660673],[105.041578,37.625223],[105.009022,37.576673],[104.970213,37.551894],[104.662687,37.507117],[104.574372,37.530733],[104.445439,37.512258],[104.425234,37.49859],[104.314284,37.406503],[104.262453,37.390328],[104.178995,37.435596],[104.108509,37.461848],[103.6551,37.786118],[103.420954,37.860299],[103.383385,38.080673],[103.413512,38.116769],[103.529268,38.161185],[103.46953,38.362362],[103.439402,38.413625],[103.794316,38.590771],[103.951981,38.721926],[104.059519,38.895223],[104.147008,38.937572],[104.171554,38.959509],[104.227054,39.065833],[104.218373,39.103092],[104.052388,39.322225],[104.047737,39.360802],[104.060605,39.427387],[104.023966,39.441107],[103.28396,39.292977],[103.099785,39.205953],[102.990644,39.123762],[102.704977,39.161899],[102.545813,39.194042],[102.433159,39.241326],[102.0152,39.120145],[101.830767,39.082421],[101.822395,39.069554],[101.951328,38.956744],[102.03122,38.879178],[101.918772,38.774326],[101.831077,38.689835],[101.632898,38.699938],[101.594605,38.68751],[101.390018,38.75301],[101.31979,38.758151],[101.312194,38.78647],[101.336172,38.818251],[101.265633,38.851195],[101.220778,38.913077],[101.20233,38.943411],[101.214112,38.985218],[101.211321,39.008343],[101.163469,39.020332],[101.125435,38.998731],[101.098202,38.991367],[101.052106,38.999351],[100.88855,39.105159],[100.857648,39.152262],[100.84261,39.228769],[100.843385,39.343284],[100.810209,39.403874],[100.523611,39.412685],[100.489608,39.437438],[100.484802,39.472656],[100.352872,39.517381],[100.310549,39.541127],[100.298715,39.605541],[100.273291,39.642025],[100.188851,39.69489],[99.843136,39.802868],[99.430861,39.878806],[99.532509,40.000789],[99.917033,40.219044],[99.956617,40.273253],[100.014185,40.402495],[100.198825,40.598478],[100.19991,40.676949],[100.176036,40.735085],[100.049687,40.880451],[99.766655,40.909855],[99.496025,40.842882],[98.816222,40.720357],[98.645845,40.56755],[98.571534,40.540601],[98.234449,40.528173],[98.326329,40.875438],[98.293928,40.91665],[98.018028,41.089999],[97.836954,41.217484],[97.647611,41.455532],[97.846875,41.619269],[97.521632,42.755152],[98.662234,42.643622],[99.621903,42.597443],[100.417553,42.627623],[101.41074,42.544872],[101.735371,42.461156],[102.034164,42.18461],[103.073481,42.004517],[103.398112,41.876411],[104.110885,41.813082],[104.504918,41.656554],[104.913678,41.638338],[105.014809,41.596144],[105.274483,41.755463],[105.358199,41.785848],[105.868607,41.993484],[107.195113,42.337453],[108.177355,42.454309],[108.536455,42.435111],[108.862688,42.40886],[109.253414,42.425939],[109.485131,42.449296],[109.500013,42.463327],[109.518307,42.467331],[109.987322,42.636468],[110.074862,42.643522],[110.105661,42.666673],[110.424815,42.785245],[110.566718,42.91056],[110.66573,43.0374],[110.933724,43.287772],[111.338558,43.438177],[111.535031,43.490732],[111.753829,43.663202],[111.893252,43.682606],[111.945136,43.72387],[111.930563,43.820143],[111.780701,43.986205],[111.543816,44.156737],[111.498134,44.264431],[111.410595,44.326081],[111.406357,44.416463],[111.470849,44.493306],[111.508986,44.546584],[111.543816,44.601258],[111.541026,44.668231],[111.760651,44.989296],[111.863177,45.046295],[111.938521,45.068981],[111.973351,45.087017],[112.107606,45.067379],[112.441333,45.052393],[112.586027,44.923822],[112.973186,44.821245],[113.473208,44.770705],[113.532429,44.74528],[113.672472,44.768173],[113.889306,44.908268],[114.01705,44.927285],[114.120403,44.993224],[114.163605,45.040146],[114.473043,45.259202],[114.519449,45.370927],[114.66931,45.42281],[114.905265,45.377748],[115.33728,45.394698],[115.667389,45.454281],[115.982822,45.659643],[116.063334,45.673337],[116.143949,45.694628],[116.251643,45.803252],[116.207098,45.88087],[116.525114,46.226792],[116.568316,46.290871],[116.64521,46.318466],[116.78484,46.365905],[116.831659,46.386369],[117.337468,46.357275],[117.369197,46.475691],[117.410125,46.539796],[117.491774,46.579096],[117.556266,46.601601],[117.607529,46.550545],[117.696206,46.512253],[117.832735,46.542793],[117.900638,46.607596],[118.005541,46.626974],[118.155506,46.674568],[118.238291,46.715393],[118.335547,46.722162],[118.472799,46.685679],[118.595169,46.703042],[118.684621,46.683457],[118.792211,46.737768],[118.867452,46.758336],[118.890551,46.713532],[118.947034,46.737148],[119.014058,46.683301],[119.316934,46.611678],[119.501263,46.628008],[119.623478,46.616329],[119.697789,46.594883],[119.754426,46.62439],[119.796284,46.658833],[119.85442,46.65966],[119.897983,46.701647],[119.903358,46.7264],[119.885891,46.770066],[119.898914,46.831251],[119.896795,46.84647],[119.883101,46.855436],[119.884961,46.880912],[119.892919,46.90551],[119.852301,46.910729],[119.83685,46.93357],[119.784295,46.978322],[119.764968,47.003825],[119.753961,47.094439],[119.629421,47.216086],[119.512994,47.262672],[119.475994,47.309206],[119.288822,47.429147],[119.310112,47.476095],[119.157564,47.517669],[119.116532,47.556039],[119.08346,47.661562],[118.767406,47.756156],[118.542252,47.966246],[118.254311,48.002859],[118.122536,48.027509],[117.972778,47.997898],[117.741681,47.977589],[117.43648,47.730499],[117.317107,47.654069],[116.972839,47.83765],[116.751664,47.874133],[116.243891,47.862894],[115.9729,47.709053],[115.914506,47.683912]]]}},{"type":"Feature","properties":{"name_zh":"甘肃省","name_en":"Gansu","center_lng":100.734916,"center_lat":37.6907015,"name_short":"甘肃"},"geometry":{"type":"Polygon","coordinates":[[[96.36634,42.722923],[96.832669,42.759604],[97.679599,41.502325],[97.65898,41.413441],[97.950538,41.119816],[98.203753,40.951247],[98.306641,40.908149],[98.326536,40.855672],[98.245817,40.524529],[98.60068,40.547965],[98.769506,40.669559],[98.825679,40.726558],[99.539485,40.851357],[100.011188,40.89629],[100.063484,40.86996],[100.183477,40.723148],[100.204716,40.637985],[100.189782,40.580081],[100.004366,40.390894],[99.944318,40.252272],[99.89936,40.204781],[99.458767,39.924488],[99.686143,39.876016],[99.925095,39.766281],[100.221614,39.680421],[100.286623,39.627349],[100.302333,39.592829],[100.318146,39.533375],[100.454985,39.495574],[100.487748,39.459426],[100.494104,39.42855],[100.543455,39.408861],[100.823541,39.395167],[100.848966,39.308299],[100.84509,39.19952],[100.866226,39.135751],[100.941312,39.063869],[101.07102,38.993848],[101.110139,38.992866],[101.127657,39.000049],[101.179954,39.020642],[101.215972,39.002994],[101.208066,38.971032],[101.20636,38.930802],[101.228064,38.903155],[101.280206,38.841867],[101.335913,38.806624],[101.308886,38.778538],[101.332347,38.75301],[101.413996,38.749211],[101.606078,38.690972],[101.650002,38.700635],[101.84627,38.701101],[101.991997,38.828638],[102.022848,38.892717],[101.859034,39.03108],[101.822963,39.073223],[101.839758,39.086762],[102.39311,39.237192],[102.453933,39.238174],[102.571393,39.18381],[102.830551,39.130222],[103.006354,39.130273],[103.136372,39.224815],[103.463794,39.357185],[104.037712,39.438265],[104.065411,39.417853],[104.04598,39.347702],[104.059985,39.307834],[104.224781,39.090689],[104.223334,39.050976],[104.160805,38.947132],[104.102308,38.921656],[104.04257,38.874062],[103.913947,38.679655],[103.471235,38.435897],[103.438679,38.405692],[103.480072,38.346962],[103.528958,38.146612],[103.397338,38.110956],[103.382765,38.053569],[103.427155,37.849576],[103.678716,37.775033],[104.143287,37.446087],[104.228656,37.403867],[104.275527,37.39255],[104.326067,37.407639],[104.464508,37.440247],[104.531635,37.424744],[104.720564,37.400534],[104.680463,37.373223],[104.717567,37.345292],[104.719944,37.323717],[104.689042,37.30625],[104.673642,37.290696],[104.66341,37.278293],[104.635505,37.277415],[104.625893,37.264599],[104.619692,37.255943],[104.646977,37.22809],[104.694623,37.214085],[104.715397,37.216876],[104.75064,37.244264],[104.784747,37.248683],[104.860039,37.214395],[104.869031,37.186387],[104.885154,37.164088],[104.913111,37.117115],[104.922413,37.096754],[105.016464,37.04022],[105.180175,36.972136],[105.304611,36.819872],[105.236605,36.739928],[105.220017,36.717552],[105.268748,36.550224],[105.343989,36.42248],[105.392771,36.384394],[105.428118,36.324372],[105.448582,36.226652],[105.442536,36.197119],[105.432924,36.164718],[105.43742,36.106685],[105.417886,36.087978],[105.342955,36.050926],[105.316394,35.993566],[105.318099,35.933208],[105.354428,35.872048],[105.371016,35.845745],[105.388224,35.829855],[105.405277,35.790839],[105.419436,35.774044],[105.431839,35.756422],[105.451683,35.753529],[105.563097,35.699992],[105.617151,35.703247],[105.707894,35.717665],[105.719522,35.689191],[105.686965,35.681285],[105.693115,35.647075],[105.785202,35.543361],[105.844113,35.487679],[105.889434,35.508892],[105.936149,35.524809],[106.078776,35.471659],[105.91243,35.45055],[105.884783,35.429621],[105.907882,35.404403],[105.984415,35.427321],[106.049579,35.422153],[106.197012,35.405953],[106.252977,35.341616],[106.299073,35.288802],[106.359741,35.255316],[106.457719,35.323529],[106.483299,35.37443],[106.497252,35.463314],[106.493686,35.479282],[106.479113,35.49034],[106.440304,35.499952],[106.431623,35.506825],[106.413794,35.540622],[106.418445,35.554833],[106.505468,35.553644],[106.510119,35.565736],[106.500921,35.576588],[106.453792,35.61054],[106.432863,35.676324],[106.429297,35.699449],[106.437669,35.713479],[106.457409,35.723892],[106.55761,35.73322],[106.612697,35.720094],[106.689953,35.706658],[106.750518,35.680665],[106.76199,35.696995],[106.814597,35.727122],[106.855111,35.734563],[106.868909,35.753374],[106.910922,35.782364],[106.909268,35.798074],[106.881621,35.825255],[106.873095,35.845719],[106.864723,35.859594],[106.843226,35.882203],[106.854284,35.89228],[106.877745,35.901013],[106.934796,35.917782],[106.933298,35.933776],[106.913712,35.952612],[106.929577,35.968192],[106.939189,35.986951],[106.929267,36.010567],[106.94446,36.067928],[106.922756,36.107047],[106.90162,36.12503],[106.880691,36.156811],[106.848497,36.179394],[106.824829,36.209625],[106.780439,36.204509],[106.744937,36.206576],[106.624169,36.270241],[106.60386,36.277838],[106.578746,36.27453],[106.537301,36.259389],[106.503608,36.264479],[106.48516,36.282514],[106.473222,36.317809],[106.494926,36.334837],[106.501438,36.344862],[106.504073,36.362277],[106.49012,36.453589],[106.468881,36.471831],[106.437669,36.493018],[106.434672,36.512087],[106.484694,36.534049],[106.493996,36.55981],[106.486555,36.667943],[106.496012,36.700241],[106.542727,36.728172],[106.561176,36.731583],[106.594352,36.723909],[106.617658,36.736259],[106.652126,36.808865],[106.651041,36.828683],[106.610682,36.894234],[106.579056,36.918315],[106.577195,36.93648],[106.603395,36.950251],[106.633936,36.997897],[106.638587,37.01986],[106.625564,37.043631],[106.620603,37.070244],[106.636623,37.117735],[106.641894,37.173778],[106.650886,37.191994],[106.668352,37.202846],[106.769742,37.20052],[106.846843,37.142849],[106.932936,37.107193],[107.025953,37.10864],[107.092203,37.124504],[107.243925,37.098253],[107.277773,37.043786],[107.288108,37.016759],[107.294774,36.959372],[107.28785,36.911029],[107.487734,36.890979],[107.52029,36.883795],[107.533519,36.863797],[107.530832,36.846588],[107.663382,36.820078],[107.711648,36.816229],[107.739088,36.796617],[107.83992,36.77192],[107.902489,36.743132],[107.936647,36.687373],[107.965483,36.669132],[108.027753,36.659365],[108.026461,36.632855],[108.027081,36.613321],[108.049922,36.593839],[108.102477,36.585519],[108.161336,36.569138],[108.178338,36.57446],[108.202109,36.599265],[108.223865,36.59526],[108.243864,36.573479],[108.2943,36.563092],[108.356363,36.546038],[108.380599,36.523817],[108.395947,36.494284],[108.423284,36.470177],[108.45522,36.458292],[108.509997,36.459532],[108.54183,36.454364],[108.565859,36.43974],[108.61459,36.429043],[108.627768,36.41739],[108.68332,36.377108],[108.704921,36.353285],[108.703991,36.334475],[108.682235,36.295356],[108.647456,36.260216],[108.644149,36.242233],[108.656345,36.21779],[108.690141,36.175983],[108.699133,36.135934],[108.691226,36.064491],[108.674948,35.999818],[108.654795,35.980001],[108.61118,35.967391],[108.566945,35.926283],[108.534182,35.91047],[108.499455,35.888843],[108.490929,35.876415],[108.4962,35.855641],[108.522555,35.795076],[108.509997,35.70087],[108.512943,35.675911],[108.603738,35.547856],[108.617226,35.392827],[108.595057,35.36456],[108.521469,35.284022],[108.492634,35.272498],[108.327373,35.276684],[108.268875,35.262447],[108.22557,35.285857],[108.20521,35.293634],[108.13865,35.287097],[108.072246,35.258365],[108.015609,35.242785],[107.995455,35.229736],[107.964087,35.223277],[107.955302,35.233767],[107.945019,35.255523],[107.861975,35.274359],[107.741672,35.318361],[107.730872,35.301773],[107.738623,35.279707],[107.733197,35.255678],[107.723379,35.246583],[107.672839,35.232966],[107.68059,35.208213],[107.792935,35.049825],[107.83841,35.010318],[107.842441,34.998122],[107.792625,34.967323],[107.724515,34.953164],[107.569641,34.965411],[107.541891,34.953887],[107.512229,34.928592],[107.474195,34.928928],[107.386086,34.941433],[107.355546,34.933527],[107.320767,34.942209],[107.291105,34.937764],[107.270021,34.911564],[107.237258,34.90402],[107.218655,34.891462],[107.192558,34.902831],[107.170079,34.932907],[107.107395,34.972465],[107.059905,35.03104],[107.029777,35.048274],[106.944615,35.064527],[106.92043,35.086541],[106.811031,35.087471],[106.624789,35.076567],[106.564586,35.079616],[106.53048,35.047008],[106.48919,35.014297],[106.504538,34.986469],[106.496012,34.947635],[106.500817,34.926241],[106.551409,34.848623],[106.537766,34.811906],[106.519318,34.795654],[106.491516,34.740955],[106.476116,34.725581],[106.422786,34.700001],[106.390178,34.656541],[106.377156,34.63215],[106.338037,34.608586],[106.319898,34.588535],[106.328425,34.558614],[106.368371,34.520219],[106.486555,34.524146],[106.522418,34.49991],[106.572906,34.482547],[106.621224,34.441386],[106.660033,34.394955],[106.672073,34.369995],[106.685922,34.268916],[106.656002,34.254214],[106.569754,34.277236],[106.519628,34.277288],[106.53389,34.253568],[106.586342,34.15975],[106.579469,34.12678],[106.537456,34.126625],[106.506864,34.071306],[106.430227,33.942115],[106.423199,33.925165],[106.434878,33.881912],[106.469192,33.871525],[106.486555,33.86305],[106.481904,33.836798],[106.455136,33.815611],[106.465781,33.765304],[106.466711,33.724247],[106.491051,33.694223],[106.540247,33.661408],[106.55761,33.634278],[106.55947,33.598621],[106.471207,33.548702],[106.439994,33.591051],[106.418135,33.613892],[106.379791,33.617121],[106.318503,33.608802],[106.273958,33.605985],[106.155567,33.562887],[106.111487,33.580302],[106.094124,33.609396],[106.005654,33.614951],[105.989996,33.601929],[105.976508,33.569579],[105.926382,33.545188],[105.864164,33.513304],[105.832435,33.497542],[105.785306,33.406333],[105.732906,33.401734],[105.715129,33.374811],[105.717506,33.341531],[105.723087,33.324995],[105.747168,33.293989],[105.887418,33.240271],[105.920026,33.229238],[105.923282,33.211487],[105.89765,33.158907],[105.910569,33.031731],[105.898167,33.000725],[105.886488,32.978013],[105.858738,32.963053],[105.801015,32.957549],[105.733939,32.907372],[105.63932,32.885487],[105.481345,32.921841],[105.430909,32.91148],[105.385227,32.874221],[105.378147,32.835929],[105.438815,32.767328],[105.428893,32.737485],[105.370344,32.71405],[105.289212,32.650695],[105.244563,32.646044],[105.203739,32.663821],[105.164878,32.62775],[105.112685,32.594342],[105.078217,32.607028],[105.058838,32.633202],[104.938381,32.613669],[104.886239,32.616614],[104.814254,32.645424],[104.645427,32.657878],[104.558404,32.688341],[104.418102,32.801331],[104.312837,32.830193],[104.282142,32.85722],[104.29072,32.923107],[104.340226,32.957859],[104.394486,32.975093],[104.415777,33.03447],[104.405855,33.063279],[104.296611,33.193426],[104.280591,33.272052],[104.292115,33.2951],[104.316455,33.304712],[104.376968,33.306469],[104.382911,33.326493],[104.357434,33.342926],[104.29289,33.363571],[104.249379,33.409951],[104.165973,33.508343],[104.170314,33.544361],[104.165043,33.60782],[104.131505,33.652055],[103.915136,33.683293],[103.74512,33.676033],[103.667864,33.70678],[103.623474,33.714015],[103.522756,33.714118],[103.550713,33.780703],[103.552987,33.815585],[103.436302,33.769722],[103.350674,33.755692],[103.228562,33.783313],[103.188048,33.812639],[103.192234,33.856203],[103.189288,33.892454],[103.147379,33.930255],[103.142108,33.979373],[103.153425,34.049136],[103.146759,34.132232],[103.120094,34.168612],[103.009454,34.206595],[102.954522,34.27181],[102.912458,34.299715],[102.816288,34.277598],[102.764715,34.268245],[102.708284,34.214191],[102.588498,34.160396],[102.58054,34.130734],[102.629271,34.114197],[102.641208,34.095284],[102.477187,34.074174],[102.425407,34.039809],[102.371974,33.975963],[102.341588,33.973327],[102.327325,33.974722],[102.314096,33.9879],[102.286191,33.983507],[102.257666,33.976686],[102.175087,33.945732],[102.257562,33.838116],[102.248726,33.816437],[102.259939,33.79339],[102.31451,33.767552],[102.30619,33.739956],[102.305208,33.720319],[102.335077,33.735667],[102.336782,33.709261],[102.324845,33.653424],[102.345309,33.625803],[102.413573,33.578002],[102.476257,33.533328],[102.453106,33.523355],[102.46556,33.48638],[102.471399,33.468758],[102.459204,33.461575],[102.386288,33.409796],[102.35213,33.403594],[102.289292,33.385456],[102.248932,33.334606],[102.169971,33.313884],[102.137828,33.295436],[102.099381,33.222236],[102.030186,33.221125],[101.987501,33.21358],[101.863685,33.12263],[101.853711,33.132758],[101.858207,33.170301],[101.837226,33.214355],[101.82472,33.248281],[101.854021,33.294144],[101.880428,33.31422],[101.915051,33.386955],[101.925076,33.421681],[101.915464,33.458268],[101.886009,33.497491],[101.89283,33.526481],[101.845029,33.584824],[101.810871,33.603376],[101.791182,33.601153],[101.77754,33.530047],[101.739816,33.524414],[101.717647,33.506482],[101.623131,33.507154],[101.57688,33.630506],[101.525721,33.693603],[101.495593,33.704636],[101.454614,33.684146],[101.41751,33.654742],[101.389088,33.64203],[101.319945,33.639239],[101.228219,33.673966],[101.183054,33.654897],[101.157939,33.689882],[101.16228,33.777215],[101.129466,33.850647],[101.074482,33.861654],[101.034795,33.877028],[101.014227,33.879896],[100.947978,33.929764],[100.851447,34.087119],[100.779926,34.191608],[100.806488,34.278063],[100.873512,34.340385],[100.961311,34.378884],[101.084197,34.324624],[101.194888,34.306201],[101.234369,34.300852],[101.266098,34.29739],[101.299481,34.278063],[101.323666,34.259511],[101.425778,34.234345],[101.480866,34.221736],[101.517142,34.219384],[101.611659,34.191247],[101.630986,34.166132],[101.64716,34.136005],[101.712841,34.111613],[101.728964,34.108719],[101.780382,34.067507],[101.82317,34.098384],[101.854951,34.13218],[101.887094,34.145875],[101.96156,34.140449],[101.973239,34.170111],[102.011996,34.177604],[102.019127,34.2083],[102.049255,34.233156],[102.07654,34.266978],[102.13912,34.28137],[102.169351,34.321911],[102.204749,34.347129],[102.216066,34.364311],[102.207333,34.393043],[102.157878,34.47402],[102.150282,34.495078],[102.072044,34.536445],[102.013391,34.53598],[101.985021,34.543267],[101.947297,34.569182],[101.929004,34.598715],[101.921045,34.65251],[101.89097,34.662794],[101.843479,34.62706],[101.80498,34.626724],[101.772734,34.64941],[101.752994,34.680287],[101.764983,34.714806],[101.819449,34.734263],[101.852006,34.76315],[101.906938,34.755708],[101.923216,34.787283],[101.920322,34.819503],[101.918151,34.861335],[101.998508,34.924742],[102.017887,34.945206],[102.084653,34.957376],[102.143254,35.005021],[102.246762,35.049747],[102.295803,35.105713],[102.374454,35.173564],[102.361122,35.218626],[102.32376,35.26516],[102.294976,35.279914],[102.260249,35.290353],[102.299213,35.350607],[102.289292,35.406935],[102.337557,35.430396],[102.426441,35.435305],[102.490726,35.511114],[102.534961,35.535635],[102.643689,35.518349],[102.720376,35.566279],[102.711695,35.662216],[102.679862,35.756836],[102.704977,35.839518],[102.735414,35.830423],[102.787556,35.860034],[102.872925,35.846365],[102.979999,35.840267],[102.981032,35.874451],[102.97049,35.943388],[102.998912,35.986021],[102.996587,35.99987],[102.971421,36.023796],[102.931216,36.054337],[102.930493,36.078883],[103.026818,36.208074],[103.010385,36.237892],[102.985063,36.258407],[102.948631,36.26758],[102.924085,36.281429],[102.853288,36.323468],[102.818562,36.326052],[102.801198,36.38858],[102.735879,36.528933],[102.698156,36.608877],[102.632216,36.643552],[102.591909,36.68727],[102.605396,36.723082],[102.652577,36.737138],[102.681567,36.764681],[102.674746,36.80163],[102.596663,36.851136],[102.548191,36.90674],[102.477187,36.940252],[102.460134,36.955652],[102.495842,37.089106],[102.549844,37.118846],[102.550619,37.16383],[102.443856,37.262351],[102.378795,37.292556],[102.21281,37.399113],[102.153796,37.40658],[102.040108,37.464845],[102.03494,37.497892],[102.067238,37.548303],[101.995873,37.6145],[101.96559,37.734855],[101.937065,37.730695],[101.827511,37.617704],[101.801724,37.526082],[101.746482,37.53696],[101.692532,37.598377],[101.049781,37.96373],[100.635749,38.1054],[100.570017,38.230173],[100.510537,38.284692],[100.441807,38.289911],[100.330238,38.32071],[100.280422,38.371637],[100.235774,38.394608],[100.140792,38.485842],[100.103689,38.485532],[100.08462,38.417681],[100.105704,38.35461],[100.12715,38.321951],[100.15552,38.302779],[100.15552,38.27508],[100.167147,38.246968],[100.170248,38.221492],[100.158466,38.207436],[100.115574,38.251206],[99.914553,38.338306],[99.557159,38.515375],[99.515404,38.566483],[99.501451,38.596352],[99.427916,38.639606],[99.088557,38.903052],[99.098634,38.939639],[99.08189,38.968629],[98.988408,38.974288],[98.928722,39.019841],[98.886399,39.039168],[98.814517,39.057203],[98.739121,39.066841],[98.721447,39.029866],[98.696436,39.000514],[98.60223,38.947597],[98.541407,38.955116],[98.444565,38.957312],[98.395576,39.000204],[98.351496,39.021081],[98.311137,39.017309],[98.278684,38.97049],[98.193676,38.875405],[98.020508,38.836234],[97.674948,39.00501],[97.137461,39.203163],[97.013283,39.192078],[96.997625,39.178953],[96.986153,39.142934],[96.966257,39.124434],[96.962537,39.103247],[96.991217,39.000565],[96.983982,38.924549],[96.972148,38.876335],[96.977419,38.841919],[96.975869,38.779235],[96.97835,38.734794],[96.970133,38.705235],[96.969048,38.68043],[96.948274,38.669423],[96.942383,38.639115],[96.966722,38.595061],[96.971218,38.567259],[96.950134,38.362878],[96.927035,38.351716],[96.749165,38.379389],[96.698263,38.406312],[96.532434,38.457653],[96.502306,38.489382],[96.513003,38.528915],[96.502616,38.549017],[96.315496,38.626945],[96.232762,38.632526],[96.140933,38.665237],[96.098558,38.668209],[96.054788,38.678828],[96.031069,38.731486],[96.007608,38.751692],[95.856144,38.81484],[95.758114,38.873545],[95.70282,38.883234],[95.601948,38.970955],[95.583861,39.001031],[95.496011,39.030331],[95.354521,39.134562],[95.305325,39.182777],[95.235614,39.162468],[95.117843,39.161279],[95.005964,39.151202],[94.955217,39.1727],[94.919871,39.196161],[94.724637,39.23683],[94.66831,39.278895],[94.631051,39.29538],[94.521187,39.310831],[94.149892,39.324267],[94.037392,39.30649],[93.908925,39.285639],[93.852597,39.292667],[93.796735,39.297912],[93.733845,39.308531],[93.626151,39.277706],[93.502024,39.271918],[93.415156,39.220449],[93.259972,39.187298],[93.129334,39.197918],[93.064325,39.171925],[93.024431,39.147585],[92.935341,39.16438],[92.954151,39.428343],[92.772405,39.810542],[92.765894,39.877695],[92.907435,40.079208],[92.925884,40.422908],[93.036833,40.489854],[93.397741,40.517243],[93.577472,40.587962],[93.759941,40.823322],[95.05826,41.788561],[95.80576,41.832486],[95.952004,41.919199],[96.044401,42.013146],[96.025074,42.082031],[96.043781,42.499887],[96.072927,42.572647],[96.36634,42.722923]]]}},{"type":"Feature","properties":{"name_zh":"云南省","name_en":"Yunnan","center_lng":101.8566045,"center_lat":25.1791225,"name_short":"云南"},"geometry":{"type":"Polygon","coordinates":[[[101.867921,22.378842],[101.784877,22.472221],[101.741779,22.496044],[101.668657,22.462299],[101.644162,22.404008],[101.641113,22.363287],[101.619874,22.326442],[101.58799,22.271355],[101.55099,22.276678],[101.515746,22.245362],[101.561532,22.176115],[101.55502,22.112398],[101.592176,22.028114],[101.616309,21.953648],[101.680594,21.922642],[101.685865,21.898613],[101.726173,21.837273],[101.73165,21.750508],[101.732787,21.711441],[101.755628,21.680021],[101.770821,21.638835],[101.806168,21.605969],[101.750926,21.579666],[101.748239,21.514502],[101.725553,21.375389],[101.722504,21.30423],[101.801155,21.267075],[101.823738,21.234467],[101.819294,21.215967],[101.796039,21.202945],[101.763586,21.184651],[101.766739,21.150648],[101.717905,21.134473],[101.670155,21.177055],[101.596517,21.173386],[101.580962,21.194728],[101.583959,21.22439],[101.539104,21.23886],[101.381491,21.222478],[101.292711,21.176073],[101.244342,21.192868],[101.208995,21.245526],[101.2184,21.299941],[101.222844,21.335081],[101.230802,21.371772],[101.179126,21.398178],[101.187756,21.505872],[101.159024,21.552691],[101.167654,21.600181],[101.168842,21.637853],[101.136338,21.684724],[101.118871,21.75981],[101.055309,21.754539],[100.974281,21.704154],[100.79703,21.626123],[100.661535,21.495485],[100.621744,21.469078],[100.4971,21.461792],[100.44346,21.463497],[100.399122,21.518894],[100.341968,21.530367],[100.302487,21.495485],[100.275202,21.475176],[100.197894,21.433215],[100.128337,21.482359],[100.089994,21.52892],[100.08865,21.581836],[100.115728,21.629482],[100.143737,21.640024],[100.135159,21.662348],[99.996718,21.686119],[99.939202,21.777018],[99.920185,21.852001],[99.950467,21.995351],[99.934913,22.032506],[99.847838,22.055037],[99.833678,22.019484],[99.807478,22.030956],[99.723659,22.070592],[99.683868,22.039018],[99.650072,22.071936],[99.538968,22.106714],[99.438612,22.124232],[99.329988,22.095552],[99.166381,22.132087],[99.159353,22.184694],[99.206172,22.26133],[99.243689,22.341221],[99.240588,22.372951],[99.282756,22.411915],[99.35779,22.495476],[99.344148,22.533251],[99.355,22.608544],[99.316966,22.754116],[99.350659,22.768146],[99.403575,22.841062],[99.411224,22.919248],[99.484501,22.910256],[99.534627,22.949324],[99.491632,23.028208],[99.478196,23.065751],[99.350969,23.119262],[99.302186,23.112596],[99.266736,23.083863],[99.224878,23.056888],[99.202141,23.067275],[99.194183,23.095775],[99.17868,23.096421],[99.13,23.106239],[99.05507,23.109598],[99.026441,23.160448],[98.970734,23.162205],[98.860146,23.212279],[98.860456,23.322376],[98.86211,23.340592],[98.890118,23.367903],[98.875546,23.446425],[98.83007,23.480015],[98.780874,23.532854],[98.8433,23.584014],[98.856012,23.610007],[98.800305,23.692715],[98.777877,23.7693],[98.684963,23.784803],[98.663569,23.80307],[98.664189,23.890378],[98.674524,23.936886],[98.663259,23.969546],[98.716796,23.988408],[98.873479,24.114498],[98.855289,24.138967],[98.681759,24.106876],[98.597113,24.083079],[98.54306,24.093957],[98.434952,24.13026],[98.347309,24.104938],[98.219152,24.117366],[97.889973,24.022617],[97.817832,23.958151],[97.76781,23.946472],[97.676963,23.878699],[97.637068,23.863557],[97.615468,23.875133],[97.532992,23.923709],[97.720061,24.147442],[97.704558,24.199248],[97.711172,24.228471],[97.718407,24.277667],[97.653605,24.338722],[97.688331,24.367713],[97.657325,24.402],[97.6473,24.432334],[97.600688,24.44192],[97.513872,24.461686],[97.536093,24.745028],[97.642546,24.816781],[97.726572,24.826289],[97.772977,24.854686],[97.708278,24.927291],[97.699597,25.065009],[97.737527,25.090511],[97.800986,25.237634],[97.871783,25.22766],[97.90992,25.207558],[97.992395,25.282489],[98.062572,25.354319],[98.108357,25.388891],[98.111975,25.448474],[98.099469,25.493329],[98.123033,25.522216],[98.138433,25.598955],[98.232381,25.586553],[98.289432,25.55038],[98.347102,25.57782],[98.375214,25.649288],[98.416659,25.712592],[98.432265,25.736105],[98.461307,25.794654],[98.50947,25.838062],[98.562387,25.816358],[98.610032,25.800597],[98.68486,25.8531],[98.689821,25.891599],[98.66729,25.905758],[98.616233,25.979397],[98.582437,25.982291],[98.572618,26.03557],[98.54554,26.105643],[98.602177,26.139956],[98.624295,26.108485],[98.680829,26.12497],[98.692404,26.159955],[98.701499,26.191167],[98.648169,26.244807],[98.649513,26.290593],[98.707391,26.371053],[98.721137,26.538898],[98.755553,26.625043],[98.746768,26.66442],[98.731989,26.713513],[98.750385,26.792009],[98.714522,26.862031],[98.736329,26.898256],[98.72062,27.013959],[98.731368,27.068788],[98.691371,27.092404],[98.673594,27.207901],[98.707701,27.337247],[98.683723,27.373627],[98.668323,27.475249],[98.679279,27.577336],[98.655921,27.606766],[98.625845,27.605551],[98.578406,27.591728],[98.522182,27.656298],[98.42224,27.680895],[98.397435,27.656814],[98.383276,27.555787],[98.294703,27.536615],[98.238065,27.680224],[98.211504,27.760322],[98.197861,27.780631],[98.196621,27.823187],[98.140087,27.878558],[98.177294,27.912923],[98.113525,27.961705],[98.122517,28.015449],[98.118693,28.14079],[98.136263,28.156447],[98.247678,28.220035],[98.282921,28.315352],[98.336768,28.335428],[98.409994,28.250602],[98.479602,28.242643],[98.575823,28.317548],[98.640419,28.424131],[98.642899,28.473146],[98.612824,28.539421],[98.584505,28.649156],[98.607346,28.694864],[98.677522,28.742354],[98.665223,28.804909],[98.653079,28.825579],[98.655095,28.850255],[98.638713,28.878651],[98.642124,28.954435],[98.66481,28.974175],[98.751833,28.994019],[98.772762,29.00345],[98.784596,29.000737],[98.820408,28.886041],[98.860767,28.813229],[98.911978,28.822143],[98.950891,28.859376],[98.91911,28.899477],[98.908413,28.936425],[98.943759,28.996525],[99.003497,29.033913],[99.006288,29.073161],[98.983654,29.125303],[98.974972,29.18163],[98.998123,29.205143],[99.043392,29.209535],[99.108814,29.223772],[99.117702,28.921594],[99.100546,28.813565],[99.123852,28.739047],[99.120286,28.698584],[99.135117,28.654634],[99.16049,28.617194],[99.171859,28.5827],[99.1762,28.532238],[99.17837,28.482241],[99.162557,28.438161],[99.255368,28.314499],[99.27485,28.297575],[99.278726,28.274114],[99.304461,28.250912],[99.326888,28.229543],[99.3889,28.168178],[99.398719,28.131539],[99.413033,28.267138],[99.385076,28.383772],[99.396548,28.446171],[99.387247,28.475885],[99.370968,28.50286],[99.37903,28.530068],[99.404506,28.547999],[99.482693,28.576111],[99.510443,28.587558],[99.534369,28.680808],[99.578914,28.726593],[99.608215,28.794367],[99.644078,28.819895],[99.704747,28.844648],[99.72211,28.833434],[99.725365,28.761552],[99.754976,28.71693],[99.79115,28.700341],[99.828408,28.672565],[99.838485,28.637322],[99.845616,28.60381],[99.878483,28.586421],[99.921219,28.576654],[99.95238,28.551875],[99.988657,28.471053],[100.047981,28.411083],[100.143066,28.341578],[100.147769,28.295844],[100.162341,28.266595],[100.162031,28.236261],[100.064104,28.193602],[100.028241,28.169366],[100.051702,28.105081],[100.094697,28.018962],[100.191228,27.911966],[100.238667,27.880392],[100.295925,27.852615],[100.296442,27.821429],[100.297475,27.761071],[100.349152,27.74673],[100.432041,27.845639],[100.482167,27.839464],[100.532603,27.816261],[100.559268,27.824529],[100.593271,27.870005],[100.614665,27.893362],[100.660916,27.875095],[100.867311,27.501242],[100.866949,27.494653],[100.901366,27.464112],[100.940847,27.434734],[100.995624,27.298437],[101.00384,27.197513],[101.02601,27.176894],[101.080787,27.201208],[101.147242,27.203224],[101.172822,27.191054],[101.154374,27.11571],[101.141455,27.044861],[101.342424,26.871047],[101.36294,26.836553],[101.387279,26.744621],[101.420921,26.72948],[101.449963,26.773637],[101.480555,26.787125],[101.500399,26.7748],[101.501019,26.726534],[101.466293,26.655479],[101.445002,26.615327],[101.413996,26.585484],[101.417717,26.56073],[101.507686,26.518227],[101.544169,26.494972],[101.589593,26.442211],[101.615534,26.387537],[101.64375,26.368442],[101.636308,26.341855],[101.610263,26.331313],[101.597086,26.319763],[101.57409,26.298602],[101.57781,26.272505],[101.57254,26.244212],[101.576725,26.22858],[101.594915,26.208685],[101.621115,26.207186],[101.635275,26.21548],[101.654188,26.232792],[101.676616,26.227702],[101.768858,26.171245],[101.777385,26.139361],[101.777385,26.099415],[101.797229,26.071871],[101.839913,26.041305],[101.849525,26.034845],[101.87681,26.049392],[101.910813,26.094997],[102.095505,26.082801],[102.117726,26.096314],[102.222422,26.186852],[102.252085,26.228864],[102.314923,26.242636],[102.375385,26.280567],[102.424167,26.317205],[102.502922,26.337669],[102.585036,26.375031],[102.62648,26.345136],[102.609944,26.260206],[102.681102,26.221604],[102.720273,26.237624],[102.821972,26.317205],[102.893389,26.36498],[102.951422,26.345136],[102.999533,26.383222],[102.991574,26.430635],[103.000928,26.456964],[102.997052,26.479624],[103.010281,26.50076],[103.039013,26.506238],[103.057927,26.557242],[103.030538,26.601787],[103.023717,26.680284],[103.006871,26.738756],[102.992505,26.765912],[102.924963,26.892183],[102.900727,26.992513],[102.884087,27.017834],[102.878403,27.035766],[102.885018,27.066281],[102.915662,27.134442],[102.886568,27.276785],[102.929769,27.367245],[102.966615,27.399051],[103.013175,27.386029],[103.047282,27.406493],[103.092653,27.41396],[103.134615,27.421944],[103.160453,27.497185],[103.249646,27.5778],[103.304837,27.605111],[103.291091,27.646168],[103.327006,27.673582],[103.451701,27.759985],[103.458833,27.792645],[103.479245,27.806339],[103.503274,27.849747],[103.518881,27.945426],[103.563012,27.975528],[103.551075,27.98793],[103.51423,27.971445],[103.474801,28.039865],[103.434648,28.068158],[103.44581,28.090301],[103.452942,28.123968],[103.538414,28.184507],[103.571797,28.243186],[103.612777,28.250007],[103.634222,28.267861],[103.683625,28.246752],[103.722279,28.215539],[103.880306,28.325739],[103.82155,28.484877],[103.805168,28.551668],[103.832453,28.620579],[103.851057,28.668121],[103.872813,28.657218],[103.888057,28.630733],[103.928158,28.626393],[103.973065,28.613112],[104.047841,28.633601],[104.092179,28.612724],[104.140186,28.633421],[104.239974,28.643523],[104.250929,28.661584],[104.292735,28.632258],[104.341776,28.637529],[104.36348,28.64727],[104.414227,28.640113],[104.442959,28.624532],[104.443992,28.609624],[104.415157,28.597428],[104.396088,28.585181],[104.371542,28.565182],[104.344412,28.571616],[104.305448,28.555699],[104.25005,28.530791],[104.255942,28.500069],[104.25713,28.485652],[104.261988,28.445447],[104.262608,28.358631],[104.277491,28.322768],[104.36193,28.290315],[104.394176,28.263598],[104.423218,28.220035],[104.405855,28.187789],[104.440271,28.120532],[104.442442,28.089655],[104.383324,28.058727],[104.328444,28.02307],[104.375366,27.961679],[104.499906,27.883001],[104.588479,27.848275],[104.643722,27.852202],[104.714622,27.884345],[104.773429,27.872485],[104.875852,27.892691],[104.904429,27.908839],[104.940809,27.932068],[104.958276,27.956537],[104.952488,28.000436],[104.971919,28.056066],[105.055738,28.088131],[105.185911,28.047978],[105.203274,28.001547],[105.229681,28.000307],[105.275104,28.006094],[105.282391,27.994054],[105.268748,27.918425],[105.228234,27.866775],[105.250765,27.8167],[105.273089,27.77771],[105.296963,27.721745],[105.27774,27.638107],[105.25061,27.592476],[105.246424,27.543125],[105.240223,27.520853],[105.221102,27.489356],[105.219397,27.451451],[105.203274,27.431168],[105.198623,27.403987],[105.185911,27.39316],[105.124777,27.408508],[105.051035,27.40564],[104.998429,27.367942],[104.922878,27.339624],[104.870891,27.309755],[104.844071,27.307584],[104.802472,27.329082],[104.783403,27.332208],[104.751725,27.321692],[104.722115,27.321899],[104.690385,27.329159],[104.548275,27.321227],[104.509673,27.319289],[104.443682,27.34722],[104.369991,27.441271],[104.353093,27.445638],[104.324981,27.422254],[104.252686,27.359157],[104.249275,27.31146],[104.238423,27.295208],[104.174345,27.271514],[104.140755,27.297998],[104.066754,27.336135],[104.014044,27.372981],[103.986397,27.397165],[103.968414,27.401687],[103.923714,27.395021],[103.9017,27.383238],[103.818501,27.27185],[103.660887,27.127078],[103.602803,27.087908],[103.596292,27.069666],[103.637116,27.018429],[103.684607,27.048918],[103.706466,27.050003],[103.729927,27.028816],[103.751115,27.000755],[103.753492,26.993624],[103.769925,26.967166],[103.780157,26.949828],[103.772715,26.923137],[103.774162,26.897454],[103.776436,26.874794],[103.737782,26.862573],[103.726827,26.845287],[103.718455,26.831903],[103.717318,26.798959],[103.731012,26.746817],[103.743105,26.734983],[103.772095,26.740461],[103.763103,26.694366],[103.758453,26.63778],[103.762483,26.61574],[103.786565,26.577112],[103.883096,26.52435],[103.996474,26.518485],[104.032648,26.517839],[104.046807,26.533032],[104.076728,26.596],[104.119102,26.641113],[104.140186,26.650027],[104.159565,26.650337],[104.224471,26.625481],[104.32431,26.629796],[104.346117,26.638038],[104.358519,26.647831],[104.386011,26.685503],[104.393143,26.713744],[104.417172,26.718163],[104.433605,26.708913],[104.462027,26.658192],[104.465128,26.617187],[104.482129,26.593054],[104.500319,26.587964],[104.522644,26.593442],[104.553236,26.588119],[104.56755,26.578068],[104.574372,26.563288],[104.581503,26.53944],[104.623103,26.500372],[104.629149,26.492001],[104.636125,26.457636],[104.646202,26.443658],[104.66372,26.40397],[104.676123,26.38348],[104.675503,26.379269],[104.663617,26.371801],[104.648217,26.350821],[104.611734,26.328316],[104.543004,26.263358],[104.535046,26.197755],[104.509208,26.165664],[104.50497,26.147422],[104.516959,26.115383],[104.504557,26.077168],[104.50125,26.04394],[104.45102,25.971671],[104.413761,25.956917],[104.390042,25.937254],[104.407405,25.915292],[104.418567,25.902192],[104.420583,25.856923],[104.391386,25.780055],[104.375883,25.755948],[104.361,25.749695],[104.31847,25.765637],[104.302812,25.765017],[104.299401,25.745974],[104.306223,25.677916],[104.308703,25.652388],[104.334955,25.624354],[104.378156,25.598283],[104.429884,25.571385],[104.43345,25.500666],[104.484661,25.492139],[104.535046,25.508056],[104.558404,25.421859],[104.604137,25.362535],[104.676949,25.290291],[104.717774,25.272153],[104.782886,25.259027],[104.789449,25.24448],[104.77405,25.223164],[104.73183,25.219184],[104.716947,25.197015],[104.719117,25.168542],[104.694003,25.11547],[104.687647,25.08741],[104.701289,25.040617],[104.704855,25.008732],[104.674262,24.971732],[104.626513,24.914345],[104.599952,24.889799],[104.54564,24.813421],[104.537578,24.741255],[104.492516,24.686142],[104.48306,24.650795],[104.561608,24.473442],[104.667028,24.339755],[104.689507,24.329523],[104.711986,24.329601],[104.725215,24.338282],[104.73059,24.352932],[104.726249,24.368771],[104.701134,24.394248],[104.693383,24.41466],[104.699429,24.448741],[104.735447,24.465665],[104.774515,24.461944],[104.882053,24.446829],[104.924583,24.423032],[104.961067,24.416417],[104.982926,24.424375],[105.080232,24.429439],[105.109533,24.413626],[105.117439,24.400346],[105.123537,24.364301],[105.166945,24.32836],[105.175524,24.315622],[105.175007,24.250484],[105.179348,24.206068],[105.171906,24.178835],[105.173147,24.150645],[105.190872,24.125582],[105.282907,24.074061],[105.295,24.083569],[105.294845,24.099589],[105.286318,24.124342],[105.304611,24.127003],[105.35081,24.093026],[105.407034,24.063699],[105.431839,24.041944],[105.472198,24.042512],[105.499483,24.05525],[105.503204,24.069746],[105.523254,24.120699],[105.537982,24.127623],[105.579272,24.137984],[105.608262,24.140284],[105.622215,24.131912],[105.638545,24.102198],[105.652187,24.069978],[105.684743,24.05463],[105.771043,24.025175],[105.794814,24.020963],[105.872225,24.02471],[105.884318,24.03427],[105.884318,24.057653],[105.891604,24.071348],[105.910569,24.081502],[105.970772,24.087729],[105.988394,24.105997],[106.014232,24.113619],[106.014336,24.088918],[106.015162,24.059436],[106.082962,24.016984],[106.151847,23.980604],[106.147506,23.956471],[106.143475,23.944921],[106.193756,23.869396],[106.199647,23.853686],[106.196237,23.838132],[106.149676,23.826091],[106.136809,23.817203],[106.133088,23.802088],[106.153862,23.74005],[106.149366,23.717545],[106.136344,23.674059],[106.12637,23.53523],[106.115828,23.524327],[106.093194,23.517815],[106.073453,23.500323],[106.060896,23.485414],[106.004879,23.469963],[105.959248,23.474743],[105.915324,23.5004],[105.879977,23.519185],[105.860288,23.521536],[105.84339,23.516885],[105.829851,23.501098],[105.823495,23.486887],[105.785306,23.46017],[105.758641,23.428286],[105.728668,23.402215],[105.710788,23.398469],[105.692081,23.389839],[105.701693,23.359298],[105.692391,23.347361],[105.676268,23.344002],[105.645676,23.356585],[105.631723,23.351702],[105.626762,23.335708],[105.627072,23.304676],[105.621801,23.288786],[105.577566,23.249977],[105.527285,23.197577],[105.521325,23.163148],[105.464342,23.206001],[105.430856,23.267806],[105.406672,23.277469],[105.375717,23.2815],[105.332258,23.317958],[105.312155,23.36581],[105.245544,23.330179],[105.223892,23.281707],[105.189579,23.252199],[105.16896,23.259434],[105.155627,23.26685],[105.145912,23.256695],[105.046642,23.226826],[104.945201,23.159828],[104.894765,23.170344],[104.866756,23.149467],[104.835905,23.099754],[104.827017,22.954285],[104.774204,22.896226],[104.715344,22.827083],[104.662738,22.810934],[104.604447,22.82021],[104.579229,22.808867],[104.564656,22.819952],[104.562382,22.834395],[104.53334,22.814397],[104.361911,22.692536],[104.325239,22.692518],[104.236821,22.742076],[104.2331,22.804811],[104.128197,22.796827],[104.073316,22.782667],[104.044739,22.745176],[104.007481,22.630248],[103.98557,22.570251],[103.985363,22.527153],[103.950946,22.516456],[103.917047,22.533251],[103.888676,22.57175],[103.844183,22.599294],[103.809663,22.638723],[103.726412,22.716289],[103.603836,22.776027],[103.576809,22.740835],[103.544563,22.691019],[103.546217,22.631436],[103.485445,22.584101],[103.410928,22.674741],[103.404003,22.723885],[103.37894,22.756777],[103.344162,22.782977],[103.269954,22.723265],[103.228407,22.655828],[103.130015,22.577951],[103.145724,22.54555],[103.074411,22.498163],[103.044852,22.472893],[103.029039,22.430157],[102.956537,22.459715],[102.893698,22.487362],[102.845174,22.585238],[102.771225,22.617794],[102.672161,22.678358],[102.606119,22.696704],[102.576198,22.713808],[102.55837,22.694947],[102.526331,22.725952],[102.467781,22.768586],[102.425613,22.745176],[102.394969,22.680529],[102.362723,22.677428],[102.363343,22.651435],[102.382463,22.630816],[102.324649,22.565118],[102.236633,22.443437],[102.20356,22.412483],[102.147026,22.421062],[102.107345,22.397549],[102.095349,22.423129],[102.014579,22.446073],[101.952877,22.436874],[101.881512,22.412173],[101.867921,22.378842]]]}},{"type":"Feature","properties":{"name_zh":"黑龙江省","name_en":"Heilongjiang","center_lng":127.969739,"center_lat":48.501070999999996,"name_short":"黑龙江"},"geometry":{"type":"Polygon","coordinates":[[[123.277312,53.569444],[123.367746,53.545828],[123.43167,53.535803],[123.485516,53.525985],[123.514404,53.562416],[123.539363,53.537043],[123.541895,53.514099],[123.614294,53.563347],[123.701782,53.510068],[123.876552,53.488674],[124.010084,53.414674],[124.055662,53.394881],[124.121808,53.352688],[124.182218,53.378552],[124.253066,53.375503],[124.304743,53.329046],[124.342518,53.272486],[124.408199,53.235692],[124.528192,53.210345],[124.678674,53.199338],[124.696864,53.176342],[124.72017,53.148824],[124.822024,53.147248],[124.896231,53.117663],[124.880418,53.172518],[125.019428,53.210733],[125.428085,53.094693],[125.499502,53.050613],[125.621355,53.062137],[125.678613,53.00568],[125.71985,52.946304],[125.678871,52.93323],[125.64647,52.884887],[125.73649,52.895791],[125.863717,52.888582],[125.856948,52.86432],[125.976941,52.764997],[126.017817,52.782387],[126.104065,52.754455],[126.035128,52.727119],[126.052647,52.672497],[125.98278,52.65304],[125.990842,52.58643],[126.039521,52.569661],[126.062517,52.587179],[126.170365,52.547595],[126.200648,52.486539],[126.246795,52.465843],[126.296198,52.435198],[126.350716,52.376907],[126.344412,52.302623],[126.392057,52.264356],[126.316713,52.199761],[126.453294,52.165628],[126.555975,52.130643],[126.514427,52.04871],[126.467092,52.031657],[126.446059,51.982539],[126.713588,51.723175],[126.727954,51.703047],[126.710746,51.686019],[126.724543,51.649588],[126.675141,51.588377],[126.7756,51.54577],[126.801593,51.477221],[126.800301,51.418956],[126.890115,51.407018],[126.908925,51.37702],[126.860866,51.353921],[126.81415,51.32493],[126.823711,51.265554],[126.890683,51.271497],[126.884844,51.29563],[126.899365,51.316507],[126.934453,51.328754],[126.981169,51.308859],[126.947114,51.258139],[126.905153,51.208116],[126.909597,51.146001],[126.931766,51.063783],[127.032328,50.972445],[127.144259,50.903509],[127.266216,50.764086],[127.295516,50.722797],[127.285801,50.702488],[127.287093,50.682024],[127.327091,50.637272],[127.367088,50.577792],[127.333705,50.525031],[127.302648,50.477592],[127.349157,50.426174],[127.358717,50.381319],[127.337529,50.35269],[127.354634,50.298636],[127.590641,50.208719],[127.580615,50.149136],[127.486668,50.02563],[127.534003,49.922484],[127.511627,49.86905],[127.538654,49.789934],[127.686294,49.716811],[127.703605,49.660639],[127.789905,49.62307],[127.854655,49.584881],[127.930155,49.585192],[127.955476,49.60302],[128.012475,49.587414],[128.09247,49.541577],[128.245433,49.551395],[128.344755,49.547985],[128.37204,49.575321],[128.628665,49.575321],[128.671866,49.611443],[128.75951,49.577802],[128.801678,49.565141],[128.799507,49.531861],[128.769328,49.520699],[128.76013,49.470883],[128.853561,49.480547],[128.947095,49.449541],[129.050551,49.376677],[129.115354,49.348772],[129.193902,49.3897],[129.272347,49.375282],[129.362057,49.349805],[129.378697,49.425046],[129.480603,49.421274],[129.527732,49.384842],[129.538997,49.30371],[129.619199,49.274254],[129.735057,49.238908],[129.755625,49.184286],[129.841511,49.167181],[129.862491,49.106513],[129.911687,49.05928],[129.974216,49.015149],[130.201799,48.882599],[130.338121,48.885338],[130.465349,48.891332],[130.511651,48.85552],[130.624926,48.874331],[130.674328,48.870817],[130.627819,48.796041],[130.540796,48.598353],[130.607666,48.576726],[130.614797,48.530166],[130.624305,48.488359],[130.715876,48.499056],[130.759594,48.467921],[130.743265,48.411594],[130.779645,48.356378],[130.814475,48.33997],[130.823983,48.294159],[130.768896,48.236747],[130.746469,48.184373],[130.674742,48.135926],[130.670918,48.086575],[130.857366,47.927773],[130.942322,47.789823],[130.96568,47.703937],[131.044125,47.67722],[131.129184,47.681225],[131.418366,47.742617],[131.507766,47.721533],[131.584764,47.664689],[131.612462,47.662001],[131.683569,47.694609],[131.799014,47.679365],[131.86485,47.681561],[131.914046,47.667634],[131.957351,47.686935],[132.089229,47.694764],[132.188964,47.695643],[132.264412,47.728845],[132.400631,47.729801],[132.524655,47.707528],[132.556694,47.723496],[132.582325,47.75613],[132.573851,47.78835],[132.60744,47.827624],[132.672346,47.894442],[132.664078,47.915836],[132.663147,47.938677],[132.689089,47.957694],[132.738182,47.954128],[132.789651,47.932734],[132.83337,47.951596],[132.94034,48.022574],[133.032841,48.056758],[133.047517,48.071641],[133.075422,48.100915],[133.223733,48.125978],[133.290706,48.104403],[133.379486,48.106315],[133.4508,48.091381],[133.544024,48.10151],[133.57782,48.145021],[133.605519,48.171634],[133.670218,48.18998],[133.721274,48.244757],[133.814808,48.255118],[133.877544,48.275297],[133.982447,48.285168],[134.057171,48.32718],[134.367126,48.377048],[134.453116,48.344182],[134.508203,48.34258],[134.569491,48.315527],[134.700852,48.261526],[134.687417,48.219849],[134.647936,48.102181],[134.559362,48.009525],[134.587681,47.925913],[134.645765,47.896302],[134.674084,47.84044],[134.769789,47.741015],[134.72545,47.663242],[134.686693,47.631151],[134.668193,47.573996],[134.604114,47.52772],[134.535281,47.465579],[134.471926,47.428631],[134.401853,47.437364],[134.354,47.429354],[134.292815,47.409717],[134.245066,47.355095],[134.17551,47.310421],[134.154116,47.257892],[134.186465,47.213708],[134.19556,47.19371],[134.216231,47.137667],[134.197111,47.085163],[134.114222,47.055811],[134.074121,46.988141],[134.066989,46.926801],[134.016657,46.819469],[134.044665,46.772004],[134.014796,46.665034],[133.988028,46.625166],[133.902452,46.573644],[133.89191,46.52897],[133.847778,46.456985],[133.870412,46.440474],[133.921469,46.41014],[133.880851,46.353658],[133.885192,46.326579],[133.915991,46.312988],[133.901935,46.278055],[133.869585,46.244517],[133.852842,46.217542],[133.821216,46.200127],[133.793518,46.214286],[133.775121,46.186691],[133.720034,46.150207],[133.696366,46.115016],[133.694816,46.022773],[133.62774,45.937766],[133.606966,45.919472],[133.586502,45.888415],[133.585882,45.876322],[133.564074,45.88056],[133.531622,45.888156],[133.498342,45.837203],[133.477258,45.820098],[133.503406,45.787646],[133.47085,45.728889],[133.476638,45.693594],[133.482839,45.662899],[133.47178,45.632461],[133.442015,45.620627],[133.425168,45.580423],[133.362536,45.567917],[133.271689,45.528437],[133.189214,45.504149],[133.133196,45.419606],[133.10188,45.287211],[133.106531,45.214709],[133.125238,45.141328],[133.09878,45.10779],[133.023849,45.058336],[132.953362,45.024385],[132.404714,45.146496],[131.949909,45.23972],[131.900403,45.272897],[131.870741,45.32633],[131.785268,45.304729],[131.666929,45.209593],[131.615149,45.184943],[131.622384,45.123655],[131.471489,44.996634],[131.442964,44.971313],[131.350359,44.968006],[131.299923,44.956482],[131.17652,44.90341],[131.123603,44.915606],[131.051566,44.909043],[131.042058,44.882481],[131.008261,44.856281],[130.933434,44.841708],[131.007538,44.757321],[131.165151,44.36812],[131.251554,44.041551],[131.213107,44.006876],[131.207939,43.959488],[131.19285,43.860244],[131.177863,43.725498],[131.17745,43.684466],[131.187269,43.647983],[131.182411,43.614031],[131.185718,43.574447],[131.166908,43.521066],[131.212332,43.460552],[131.123707,43.432698],[131.041335,43.500317],[130.99462,43.507732],[130.895453,43.442362],[130.849977,43.438279],[130.837213,43.449235],[130.819747,43.486803],[130.756133,43.538738],[130.677585,43.573129],[130.619397,43.616046],[130.400444,43.674957],[130.396413,43.69015],[130.414087,43.731026],[130.415017,43.745211],[130.388972,43.770739],[130.371712,43.797224],[130.369128,43.835826],[130.364167,43.856316],[130.349594,43.895228],[130.3328,43.92781],[130.345667,44.001035],[130.344892,44.033721],[130.334195,44.047751],[130.317762,44.041498],[130.276782,43.959023],[130.262985,43.947344],[130.199526,43.928999],[130.118187,43.856341],[130.094158,43.843526],[130.04181,43.851536],[130.025997,43.863783],[130.018142,43.888665],[130.005533,43.974009],[129.925641,44.019561],[129.864508,44.003671],[129.805545,43.969358],[129.799447,43.960211],[129.795726,43.912798],[129.78689,43.889363],[129.772007,43.879079],[129.478588,43.860476],[129.349759,43.807326],[129.249248,43.786165],[129.222066,43.761851],[129.21633,43.744307],[129.218346,43.71666],[129.218811,43.700227],[129.21695,43.687489],[129.21664,43.670358],[129.23359,43.631704],[129.236381,43.616459],[129.223255,43.605556],[129.014895,43.539668],[128.983269,43.537911],[128.951023,43.555404],[128.891285,43.553724],[128.87356,43.563336],[128.852011,43.593722],[128.818163,43.658705],[128.764471,43.709064],[128.762766,43.750405],[128.750984,43.7965],[128.714345,43.837945],[128.68396,43.877322],[128.600761,43.961193],[128.539059,44.042713],[128.522212,44.089764],[128.461286,44.135136],[128.442217,44.164126],[128.43674,44.219317],[128.438755,44.400804],[128.418756,44.450104],[128.363669,44.500747],[128.261091,44.467002],[128.188176,44.42287],[128.155258,44.353004],[128.100326,44.341376],[128.053507,44.364011],[128.047099,44.32298],[128.057331,44.274611],[128.04865,44.24376],[128.056091,44.138262],[128.047099,44.119607],[128.004725,44.095965],[127.744379,44.08563],[127.716577,44.156375],[127.701694,44.168054],[127.657769,44.18335],[127.608263,44.224381],[127.609193,44.240969],[127.616066,44.277401],[127.536743,44.367835],[127.496228,44.403698],[127.496435,44.421837],[127.518294,44.467674],[127.516434,44.481523],[127.508062,44.508343],[127.517519,44.522089],[127.540774,44.532218],[127.578342,44.53444],[127.580823,44.542708],[127.564545,44.562086],[127.555553,44.577176],[127.492404,44.604616],[127.444242,44.615778],[127.362283,44.648231],[127.286009,44.624357],[127.263788,44.611773],[127.233092,44.615959],[127.212938,44.642107],[127.194593,44.655156],[127.172424,44.658256],[127.139196,44.650402],[127.106485,44.610068],[127.057909,44.586168],[127.036463,44.618827],[127.037032,44.685361],[127.029952,44.734376],[126.981221,44.806826],[126.982771,44.8384],[127.004682,44.869303],[127.062095,44.893539],[127.076512,44.919481],[127.067676,44.958651],[127.035068,45.007382],[126.966958,45.114197],[126.952696,45.134196],[126.907065,45.14479],[126.856268,45.147477],[126.83601,45.142878],[126.788985,45.149337],[126.753431,45.17347],[126.669974,45.196854],[126.62915,45.229023],[126.559335,45.246748],[126.44544,45.228609],[126.395159,45.221116],[126.336506,45.18701],[126.308394,45.183186],[126.293356,45.186389],[126.277078,45.172385],[126.230363,45.152076],[126.181012,45.152464],[126.150471,45.141173],[125.910382,45.206647],[125.807959,45.256773],[125.746361,45.302351],[125.723262,45.330773],[125.704917,45.359712],[125.709619,45.378316],[125.71272,45.425496],[125.705433,45.451024],[125.701196,45.493037],[125.699336,45.512003],[125.658408,45.504561],[125.543066,45.476036],[125.47382,45.481126],[125.422608,45.461411],[125.374808,45.39847],[125.307422,45.41697],[125.295226,45.402139],[125.276209,45.404826],[125.232904,45.413817],[125.082939,45.386067],[125.079994,45.41666],[125.047541,45.44503],[125.042373,45.48234],[125.027749,45.49836],[124.9384,45.508282],[124.915611,45.532828],[124.894785,45.518772],[124.883158,45.492882],[124.87799,45.474847],[124.883778,45.467303],[124.861351,45.444358],[124.796755,45.451231],[124.776291,45.460688],[124.755827,45.468181],[124.674902,45.450559],[124.589533,45.457381],[124.57775,45.429734],[124.549535,45.414489],[124.477446,45.45614],[124.414608,45.454358],[124.367376,45.464925],[124.356162,45.490919],[124.34934,45.504561],[124.363086,45.525645],[124.284176,45.545515],[124.261697,45.574428],[124.233585,45.602049],[124.214878,45.637886],[124.149198,45.622229],[124.165011,45.662846],[124.126202,45.669047],[124.11659,45.696953],[124.055147,45.731731],[124.070443,45.739224],[124.021919,45.762608],[124.028068,45.787335],[124.059797,45.80909],[124.041504,45.830433],[124.061968,45.871671],[123.979441,45.929729],[123.973963,45.96505],[124.0013,45.989441],[124.00161,46.016623],[124.034063,46.018483],[124.035044,46.042823],[124.001765,46.077136],[124.001093,46.112405],[123.986882,46.143204],[123.984505,46.162971],[123.973239,46.16248],[123.95691,46.209815],[123.95753,46.254438],[123.956806,46.286891],[123.945282,46.293454],[123.927144,46.286219],[123.907404,46.266737],[123.884924,46.283532],[123.776145,46.262577],[123.32408,46.242449],[123.233853,46.265858],[123.201865,46.255368],[123.168947,46.22922],[122.988907,46.406573],[122.986116,46.441713],[123.008544,46.519641],[123.003996,46.585942],[123.010094,46.602685],[123.019706,46.612349],[123.063321,46.624596],[123.291524,46.586356],[123.391311,46.595218],[123.608714,46.774639],[123.625974,46.806601],[123.596311,46.817866],[123.61259,46.834713],[123.591816,46.87564],[123.563239,46.865305],[123.548459,46.822595],[123.504276,46.814326],[123.469549,46.831199],[123.468464,46.874659],[123.391156,46.899877],[123.354983,46.875279],[123.31297,46.822414],[123.239227,46.802932],[123.186827,46.761642],[123.072623,46.795826],[122.797342,47.033719],[122.763908,47.052219],[122.574048,47.131129],[122.500771,47.237479],[122.405221,47.331685],[122.494725,47.410233],[122.556478,47.522733],[122.797342,47.643552],[123.219384,47.827443],[123.27044,47.925344],[123.293281,47.945653],[123.549596,48.037662],[124.077936,48.448309],[124.25255,48.53342],[124.303762,48.487583],[124.307483,48.471925],[124.305002,48.448981],[124.31787,48.425778],[124.312547,48.371776],[124.327171,48.332192],[124.352648,48.303409],[124.372491,48.289197],[124.38939,48.267958],[124.395126,48.253592],[124.396211,48.241293],[124.413729,48.226927],[124.415486,48.198764],[124.418277,48.182899],[124.458739,48.159671],[124.472847,48.142953],[124.482356,48.111586],[124.520493,48.12869],[124.528038,48.174579],[124.528141,48.190935],[124.562247,48.236177],[124.520699,48.369038],[124.538063,48.44818],[124.533619,48.501639],[124.531603,48.55931],[124.607102,48.638737],[124.616249,48.69925],[124.62183,48.741986],[124.669631,48.82193],[124.78642,49.014864],[124.82156,49.060882],[124.828174,49.123643],[124.84962,49.147388],[124.863934,49.175397],[124.954988,49.165656],[125.050693,49.141083],[125.135649,49.138913],[125.173786,49.180564],[125.200658,49.19524],[125.222879,49.220045],[125.219727,49.234437],[125.218796,49.259061],[125.227323,49.264306],[125.230579,49.301616],[125.251404,49.354662],[125.245823,49.401042],[125.230424,49.502198],[125.223189,49.532222],[125.235695,49.554392],[125.21275,49.568189],[125.195387,49.599867],[125.148051,49.619401],[125.151255,49.664411],[125.188462,49.643947],[125.215851,49.661233],[125.223757,49.776342],[125.206911,49.8028],[125.17792,49.818975],[125.234764,49.847965],[125.237348,49.888118],[125.217866,49.92424],[125.186602,49.95168],[125.233007,49.967312],[125.270059,49.994468],[125.295226,50.014467],[125.275072,50.029298],[125.251714,50.043044],[125.292022,50.049788],[125.31724,50.066453],[125.278224,50.074205],[125.264427,50.105727],[125.30153,50.137379],[125.359511,50.144536],[125.418422,50.194611],[125.4393,50.226134],[125.443175,50.246287],[125.450772,50.2667],[125.464363,50.292512],[125.497332,50.309281],[125.521207,50.342819],[125.566217,50.39434],[125.569628,50.428808],[125.634017,50.448135],[125.657013,50.467928],[125.689414,50.479374],[125.71303,50.507305],[125.754009,50.514126],[125.80982,50.596912],[125.784705,50.672411],[125.80858,50.695976],[125.754009,50.754344],[125.836536,50.784756],[125.912242,50.836277],[125.891158,50.856741],[125.917307,50.861289],[125.939424,50.869608],[125.951672,50.892604],[125.990326,50.875241],[126.001023,50.901751],[126.014665,50.918184],[126.054094,50.960688],[126.048823,50.992288],[126.036266,51.029289],[125.989085,51.070371],[125.984383,51.104219],[125.956891,51.111558],[125.911881,51.134631],[125.856019,51.165559],[125.819122,51.21367],[125.719489,51.253719],[125.687243,51.295551],[125.647969,51.343223],[125.563427,51.402858],[125.548337,51.443656],[125.486635,51.507399],[125.127536,51.615739],[125.093739,51.611734],[125.076169,51.602794],[125.065472,51.589151],[125.062837,51.546776],[125.058031,51.529051],[125.035397,51.509156],[124.971008,51.498149],[124.954523,51.489209],[124.945997,51.473448],[124.943051,51.450219],[124.930184,51.438101],[124.855356,51.406139],[124.836753,51.375727],[124.82063,51.365857],[124.501889,51.360586],[124.458429,51.35392],[124.446492,51.341001],[124.438121,51.310357],[124.425098,51.298316],[124.350787,51.278627],[124.263351,51.292218],[124.174467,51.327048],[123.866269,51.313432],[123.827202,51.305447],[123.808288,51.290616],[123.795989,51.248991],[123.788755,51.232816],[123.77413,51.222093],[123.621943,51.197134],[123.563239,51.206746],[123.51611,51.249611],[123.485672,51.265863],[123.438337,51.273098],[123.258968,51.268602],[123.220004,51.285397],[123.187137,51.311855],[123.161403,51.317902],[123.131844,51.307411],[123.088125,51.312475],[123.012058,51.361878],[122.884365,51.448126],[122.838942,51.510551],[122.838632,51.534736],[122.840492,51.557939],[122.714453,51.701677],[122.706082,51.727851],[122.710887,51.745059],[122.748456,51.782989],[122.761324,51.802471],[122.761014,51.826139],[122.634251,52.105269],[122.63606,52.127154],[122.65208,52.138988],[122.72484,52.156636],[122.753727,52.172061],[122.772486,52.194437],[122.777653,52.212111],[122.766905,52.231153],[122.730731,52.248904],[122.501908,52.285956],[122.484338,52.303474],[122.453952,52.349053],[122.381605,52.397577],[122.359074,52.435973],[122.33861,52.453698],[122.191074,52.489019],[122.173659,52.479639],[122.134385,52.414579],[122.027828,52.289729],[121.969951,52.266836],[121.831251,52.269368],[121.804069,52.283114],[121.733479,52.362954],[121.70299,52.383831],[121.49091,52.44468],[121.419545,52.487804],[121.197181,52.564595],[121.166899,52.581287],[121.173927,52.594981],[121.700407,52.916512],[121.736115,52.962349],[121.779575,52.989247],[121.796938,53.012733],[121.799212,53.028857],[121.78314,53.051517],[121.768103,53.088129],[121.751618,53.108025],[121.683353,53.132597],[121.651107,53.204143],[121.637878,53.220266],[121.578605,53.25215],[121.443471,53.292561],[121.413275,53.317335],[121.64103,53.384908],[122.081623,53.429505],[122.168698,53.469141],[122.316751,53.496012],[122.379692,53.461647],[122.471211,53.464748],[123.153599,53.513117],[123.20326,53.538284],[123.277312,53.569444]]]}},{"type":"Feature","properties":{"name_zh":"吉林省","name_en":"Jilin","center_lng":126.4656705,"center_lat":43.5763245,"name_short":"吉林"},"geometry":{"type":"Polygon","coordinates":[[[131.252848,43.469169],[131.277806,43.438487],[131.269641,43.364744],[131.242459,43.321414],[131.225509,43.251935],[131.169078,43.201705],[131.184891,43.156333],[131.169388,43.107809],[131.124017,43.075356],[131.112441,43.051869],[131.078335,43.031819],[131.082779,42.965234],[131.073994,42.896582],[131.008778,42.886892],[130.992448,42.848729],[130.794321,42.869064],[130.748019,42.83749],[130.64911,42.828937],[130.407161,42.735377],[130.438064,42.675303],[130.52674,42.665769],[130.584308,42.5989],[130.530771,42.53048],[130.516508,42.599365],[130.467829,42.600398],[130.467933,42.554897],[130.431242,42.561512],[130.427728,42.599365],[130.403957,42.604067],[130.317141,42.667397],[130.24221,42.782015],[130.193841,42.908209],[130.111572,42.92906],[130.133586,42.972727],[130.047286,42.961901],[129.981347,42.966732],[129.934115,43.00841],[129.890707,42.999418],[129.890087,42.982804],[129.893291,42.971538],[129.847609,42.951281],[129.834173,42.907485],[129.789524,42.79248],[129.757278,42.734705],[129.76441,42.696852],[129.787561,42.676854],[129.776709,42.647191],[129.74622,42.615514],[129.736504,42.585154],[129.728856,42.475858],[129.633462,42.445421],[129.594498,42.422218],[129.560288,42.396793],[129.545302,42.371317],[129.523391,42.383383],[129.482463,42.41072],[129.406189,42.435964],[129.372082,42.432553],[129.340146,42.445472],[129.352135,42.420616],[129.315445,42.422321],[129.296635,42.387233],[129.231109,42.367648],[129.234209,42.346564],[129.236276,42.323878],[129.193902,42.310778],[129.22067,42.303672],[129.214159,42.283699],[129.202894,42.262744],[129.180776,42.243107],[129.214262,42.225692],[129.196382,42.209182],[129.119798,42.149366],[129.064711,42.153759],[129.026574,42.101876],[128.963838,42.088517],[128.90348,42.026273],[128.720959,42.04759],[128.607891,42.030175],[128.573681,42.004311],[128.543709,42.008057],[128.453999,42.010331],[128.363772,42.02648],[128.054643,41.998316],[128.020433,41.965062],[128.05764,41.84985],[128.14425,41.754713],[128.186005,41.692908],[128.268997,41.643377],[128.303,41.583406],[128.14611,41.376339],[128.103943,41.399593],[128.046892,41.398766],[128.023844,41.411479],[128.013095,41.442278],[127.992735,41.46114],[127.944211,41.470855],[127.871864,41.45375],[127.828869,41.433958],[127.690273,41.43897],[127.647071,41.432976],[127.597513,41.450339],[127.542891,41.491319],[127.491008,41.495401],[127.443053,41.488011],[127.40135,41.486823],[127.378974,41.498812],[127.344247,41.491319],[127.269058,41.504961],[127.28978,41.518552],[127.274691,41.530438],[127.244512,41.528009],[127.200328,41.542065],[127.174335,41.519276],[127.155938,41.530541],[127.12824,41.531575],[127.104675,41.537414],[127.15785,41.5786],[127.113977,41.610355],[127.104675,41.626168],[127.049433,41.653428],[127.059613,41.682237],[127.046798,41.719238],[126.999618,41.752025],[126.946132,41.766186],[126.929802,41.801041],[126.877454,41.77355],[126.79627,41.704949],[126.741545,41.729185],[126.696587,41.741226],[126.699635,41.716421],[126.712245,41.694175],[126.633955,41.668621],[126.567034,41.614154],[126.580883,41.575241],[126.542229,41.488993],[126.508278,41.409153],[126.487659,41.344403],[126.496495,41.358045],[126.472518,41.36652],[126.380585,41.290814],[126.321002,41.218881],[126.274752,41.15258],[126.123753,41.07553],[126.111506,41.032432],[126.093368,41.006232],[126.069286,40.989385],[126.045515,40.944685],[125.99203,40.928356],[126.010013,40.913886],[125.995079,40.894146],[125.936168,40.877403],[125.901545,40.899313],[125.831678,40.87084],[125.770803,40.886239],[125.750753,40.874767],[125.706414,40.860453],[125.703263,40.86009],[125.688018,40.89275],[125.60022,40.897762],[125.576449,40.912619],[125.604871,40.933367],[125.630916,40.956312],[125.65076,40.979928],[125.682902,40.996568],[125.698405,41.014138],[125.722487,41.073772],[125.722952,41.106277],[125.766412,41.139479],[125.747705,41.169968],[125.745431,41.189838],[125.751529,41.215882],[125.74295,41.241385],[125.709929,41.249886],[125.673756,41.273553],[125.647349,41.298255],[125.643525,41.3243],[125.59867,41.384193],[125.469892,41.574569],[125.453717,41.660351],[125.448602,41.680815],[125.435734,41.683347],[125.373206,41.665674],[125.306285,41.680376],[125.306491,41.686551],[125.321839,41.717764],[125.32463,41.757684],[125.285821,41.831478],[125.303804,41.915349],[125.290937,41.947233],[125.341373,41.97656],[125.360752,41.990254],[125.366953,42.002398],[125.373361,42.024205],[125.403126,42.043739],[125.416665,42.055237],[125.43899,42.092082],[125.458213,42.105441],[125.480538,42.145619],[125.473096,42.158357],[125.378787,42.179906],[125.360442,42.172207],[125.332381,42.164662],[125.316723,42.174325],[125.302461,42.214219],[125.286441,42.229826],[125.284115,42.246285],[125.290317,42.287703],[125.277449,42.306333],[125.196007,42.323774],[125.175802,42.338346],[125.176577,42.361084],[125.202518,42.377259],[125.20996,42.39364],[125.20872,42.405836],[125.092344,42.538282],[125.09622,42.564689],[125.092654,42.582104],[125.040513,42.613575],[125.013899,42.652281],[124.998448,42.658223],[124.966667,42.652332],[124.949872,42.661763],[124.958399,42.682976],[124.973178,42.697833],[124.981395,42.738606],[124.971318,42.770697],[124.950802,42.80023],[124.891064,42.807413],[124.8752,42.815992],[124.86626,42.833768],[124.860317,42.887693],[124.868275,43.002233],[124.888429,43.086724],[124.8752,43.110134],[124.785076,43.113648],[124.691232,43.050603],[124.676142,43.015411],[124.673817,43.000011],[124.631184,42.957094],[124.480495,42.851261],[124.447112,42.878649],[124.385669,42.884773],[124.383499,42.912911],[124.413729,42.928905],[124.43688,42.949162],[124.387374,42.971744],[124.370114,43.002337],[124.374972,43.025074],[124.413626,43.068198],[124.41497,43.094812],[124.303452,43.148839],[124.2926,43.169613],[124.292393,43.206045],[124.27534,43.230747],[124.219012,43.25351],[124.197618,43.257541],[124.158344,43.25829],[124.113799,43.292577],[124.087134,43.302939],[124.023779,43.303455],[123.927299,43.373115],[123.795266,43.460913],[123.722712,43.435489],[123.700129,43.408255],[123.696254,43.353478],[123.591351,43.380453],[123.561998,43.398979],[123.506291,43.404431],[123.472288,43.426962],[123.42888,43.444325],[123.378134,43.453162],[123.354724,43.472437],[123.344957,43.495459],[123.347748,43.520832],[123.357825,43.536568],[123.415547,43.56902],[123.416167,43.590828],[123.451824,43.599665],[123.497713,43.593825],[123.524481,43.624883],[123.528977,43.673459],[123.522156,43.696971],[123.471255,43.761722],[123.343097,43.992948],[123.320876,44.049405],[123.327077,44.066044],[123.359065,44.092193],[123.364646,44.116481],[123.359065,44.151336],[123.345061,44.16826],[123.280052,44.192652],[123.253232,44.207896],[123.243465,44.220609],[123.188533,44.315202],[123.177009,44.355898],[123.168172,44.366827],[123.119028,44.399667],[123.116031,44.417909],[123.124712,44.475916],[123.122439,44.499765],[123.119958,44.506069],[123.098822,44.531494],[123.044511,44.513252],[122.955317,44.446848],[122.726287,44.338198],[122.624329,44.317709],[122.599783,44.29448],[122.322487,44.210583],[122.254068,44.24593],[122.28187,44.428658],[122.257478,44.460671],[122.072063,44.644665],[122.040644,44.718511],[122.045967,44.779128],[122.021162,44.856694],[122.035115,44.889457],[122.03806,44.934364],[122.005814,45.100193],[122.016666,45.128357],[122.030309,45.141224],[122.122345,45.168535],[122.201616,45.208042],[122.231744,45.244732],[122.236239,45.279872],[122.214019,45.309379],[122.208903,45.356818],[122.165288,45.415445],[122.118779,45.463091],[122.020852,45.487146],[122.00814,45.505698],[121.999716,45.515672],[121.980493,45.528875],[121.96499,45.559442],[121.966075,45.579854],[121.983128,45.610911],[121.984989,45.636698],[121.94773,45.679124],[121.934397,45.68995],[121.898276,45.700208],[121.784949,45.675972],[121.742936,45.677936],[121.660409,45.720569],[121.649505,45.740955],[121.714256,45.774932],[121.742006,45.798652],[121.813061,45.904847],[121.813991,45.939987],[121.799884,45.960502],[121.778748,45.981716],[121.773684,46.010344],[121.795388,46.015073],[121.900756,46.005022],[121.995996,45.980295],[122.022247,45.968667],[122.040644,45.954405],[122.055424,45.931202],[122.1934,45.855341],[122.215259,45.837771],[122.233449,45.815343],[122.254533,45.814465],[122.293755,45.834412],[122.384396,45.93624],[122.406927,45.948824],[122.42615,45.941563],[122.4662,45.901953],[122.497877,45.82542],[122.513225,45.80909],[122.646964,45.725065],[122.702826,45.712326],[122.752435,45.7539],[122.772021,45.781444],[122.767525,45.837461],[122.770935,45.869526],[122.796257,45.898801],[122.793311,45.94655],[122.801218,46.094189],[122.821372,46.093879],[123.085955,46.113413],[123.103318,46.136848],[123.131585,46.182091],[123.147398,46.209195],[123.177216,46.23754],[123.213492,46.26082],[123.249821,46.266143],[123.356119,46.235163],[123.866011,46.291128],[123.892004,46.278674],[123.919393,46.272344],[123.932828,46.28981],[123.954274,46.29242],[123.958977,46.279191],[123.957633,46.239452],[123.958563,46.192685],[123.97634,46.161369],[123.986262,46.159379],[123.993497,46.133102],[123.996494,46.107884],[124.011273,46.056052],[124.03892,46.034451],[124.022539,46.014298],[123.993083,46.005461],[123.988536,45.983602],[123.972981,45.95195],[123.997837,45.914717],[124.058816,45.856891],[124.046413,45.820976],[124.051426,45.796275],[124.017836,45.781728],[124.061658,45.747983],[124.068117,45.735607],[124.088116,45.717933],[124.119484,45.69039],[124.146407,45.668608],[124.148112,45.64724],[124.178033,45.621867],[124.22356,45.635509],[124.261852,45.590086],[124.266348,45.561586],[124.332287,45.547272],[124.361226,45.521718],[124.350271,45.498567],[124.358539,45.481565],[124.376677,45.457381],[124.4344,45.460326],[124.502923,45.423248],[124.563074,45.415264],[124.577647,45.439914],[124.611857,45.447924],[124.722703,45.450559],[124.767713,45.471023],[124.780735,45.450559],[124.825745,45.445288],[124.872461,45.448596],[124.882693,45.470455],[124.876957,45.480635],[124.887809,45.495595],[124.897886,45.527299],[124.92667,45.527712],[124.951216,45.494949],[125.04165,45.492934],[125.042063,45.471023],[125.058755,45.43317],[125.082422,45.405549],[125.088934,45.389426],[125.248975,45.413507],[125.280756,45.401596],[125.300962,45.406686],[125.321994,45.415781],[125.3977,45.40896],[125.432478,45.47725],[125.497797,45.473814],[125.603786,45.504561],[125.66802,45.506112],[125.698715,45.510917],[125.706157,45.474486],[125.706054,45.445495],[125.71365,45.414438],[125.707087,45.37196],[125.705743,45.35439],[125.730031,45.317648],[125.792922,45.272922],[125.810957,45.252277],[125.930226,45.201014],[126.167214,45.148821],[126.188918,45.152645],[126.24292,45.156107],[126.281884,45.176209],[126.296147,45.1867],[126.315835,45.182824],[126.347978,45.192332],[126.407406,45.225509],[126.452881,45.229513],[126.56688,45.246153],[126.636281,45.22463],[126.67664,45.194193],[126.762113,45.169543],[126.795341,45.14572],[126.843142,45.143808],[126.871357,45.148743],[126.938433,45.137038],[126.958742,45.129132],[126.979981,45.0719],[127.04592,44.989115],[127.076616,44.934002],[127.069846,44.900722],[127.024371,44.882274],[126.998791,44.863567],[126.978276,44.826101],[126.990109,44.788739],[127.032277,44.730552],[127.033363,44.64358],[127.041579,44.605288],[127.089018,44.589733],[127.117492,44.627871],[127.147258,44.654691],[127.184826,44.657688],[127.20436,44.649833],[127.223894,44.624098],[127.241309,44.613014],[127.271126,44.613815],[127.311434,44.635441],[127.375202,44.648825],[127.450495,44.612859],[127.50274,44.601645],[127.559274,44.573791],[127.567129,44.557461],[127.582838,44.538367],[127.573226,44.533639],[127.534107,44.530538],[127.513023,44.518265],[127.507907,44.50302],[127.517209,44.479197],[127.517209,44.461757],[127.494368,44.416462],[127.503411,44.395456],[127.552246,44.340446],[127.617616,44.272233],[127.60816,44.234742],[127.609503,44.220505],[127.673479,44.173893],[127.710531,44.165625],[127.718334,44.145626],[127.778692,44.069197],[128.02617,44.10537],[128.05206,44.125782],[128.056608,44.149812],[128.04896,44.250633],[128.059088,44.28908],[128.042965,44.340705],[128.063429,44.362667],[128.117999,44.338793],[128.165852,44.367912],[128.196703,44.432844],[128.320829,44.49129],[128.370025,44.498059],[128.422787,44.443799],[128.450589,44.344219],[128.436429,44.203659],[128.445938,44.153946],[128.472138,44.125834],[128.528775,44.0801],[128.544898,44.028837],[128.631508,43.912178],[128.694036,43.868951],[128.721477,43.828333],[128.753464,43.791591],[128.760906,43.718598],[128.771913,43.700899],[128.82762,43.64576],[128.856972,43.584472],[128.877901,43.559615],[128.902241,43.552536],[128.959498,43.551476],[128.992106,43.536671],[129.163414,43.591629],[129.228939,43.608398],[129.237104,43.620852],[129.225115,43.645037],[129.21602,43.675629],[129.218191,43.693225],[129.218966,43.700847],[129.216485,43.727254],[129.217415,43.750405],[129.230179,43.77123],[129.284336,43.800841],[129.362213,43.810763],[129.534915,43.87032],[129.777743,43.881663],[129.790145,43.894763],[129.796967,43.924554],[129.799654,43.960728],[129.810351,43.972768],[129.887297,44.013851],[129.943108,44.013851],[130.011424,43.959462],[130.019795,43.878149],[130.029304,43.859545],[130.054574,43.847763],[130.103615,43.845438],[130.145369,43.88975],[130.211102,43.933985],[130.268101,43.950548],[130.280193,43.964449],[130.324273,44.046769],[130.340706,44.041963],[130.346597,44.018554],[130.331869,43.950005],[130.33621,43.917991],[130.358689,43.876599],[130.367578,43.846497],[130.368353,43.812882],[130.373624,43.792418],[130.409436,43.75304],[130.415637,43.741646],[130.399204,43.702346],[130.396878,43.684698],[130.414087,43.669169],[130.624203,43.612506],[130.701511,43.56083],[130.797836,43.511453],[130.824191,43.47745],[130.840831,43.445075],[130.858504,43.437039],[130.9077,43.446341],[131.002991,43.509024],[131.103657,43.442878],[131.134249,43.433241],[131.234812,43.466649],[131.252848,43.469169]]]}},{"type":"Feature","properties":{"name_zh":"辽宁省","name_en":"Liaoning","center_lng":122.3082245,"center_lat":41.096607500000005,"name_short":"辽宁"},"geometry":{"type":"MultiPolygon","coordinates":[[[[125.70409,40.859195],[125.673342,40.784075],[125.609935,40.761286],[125.586525,40.781853],[125.555364,40.758754],[125.533092,40.721805],[125.469065,40.712917],[125.4563,40.679689],[125.426328,40.671162],[125.414959,40.651938],[125.390878,40.632456],[125.363593,40.646719],[125.323182,40.644859],[125.27719,40.643618],[125.256106,40.615041],[125.181537,40.593957],[125.114616,40.56414],[125.05002,40.541816],[125.015294,40.508278],[125.0463,40.471071],[125.006612,40.456136],[124.935299,40.455568],[124.915145,40.465852],[124.89065,40.477892],[124.800837,40.394073],[124.741202,40.370353],[124.71247,40.310305],[124.627204,40.286121],[124.554857,40.241421],[124.548656,40.220905],[124.528192,40.214136],[124.358246,40.089057],[124.364024,40.020901],[124.307872,39.961086],[124.2942,39.933783],[124.273692,39.9289],[124.15504,39.861314],[124.088145,39.851874],[124.041026,39.82453],[123.975108,39.815009],[123.942149,39.840562],[123.910655,39.82453],[123.834076,39.829169],[123.773041,39.818345],[123.643077,39.878567],[123.630951,39.903998],[123.601573,39.817084],[123.563731,39.770941],[123.553722,39.776109],[123.54184,39.791693],[123.495616,39.790717],[123.427745,39.72663],[123.410411,39.796617],[123.421153,39.813218],[123.403087,39.823554],[123.386729,39.789618],[123.314057,39.776109],[123.273204,39.810248],[123.252778,39.811184],[123.238048,39.809231],[123.252778,39.782904],[123.249034,39.748236],[123.204194,39.745063],[123.220795,39.730699],[123.255138,39.724107],[123.26588,39.701077],[123.128429,39.664862],[123.058116,39.67475],[123.016612,39.679511],[123.00058,39.671088],[122.977631,39.65884],[122.964122,39.61164],[122.848643,39.617865],[122.769135,39.558173],[122.688243,39.518622],[122.660981,39.528022],[122.636567,39.50845],[122.569102,39.483547],[122.553233,39.477525],[122.560069,39.460761],[122.546479,39.45661],[122.469819,39.416693],[122.396332,39.411038],[122.344737,39.382025],[122.303559,39.354153],[122.27711,39.328518],[122.250743,39.319037],[122.240245,39.285631],[122.11671,39.188666],[122.104503,39.159125],[122.16269,39.146145],[122.073334,39.10456],[122.047862,39.099189],[122.042328,39.059719],[121.971283,39.049628],[121.929454,39.039862],[121.888438,39.042467],[121.920258,39.020941],[121.855968,39.033759],[121.880138,38.997016],[121.887543,38.962388],[121.847911,38.947455],[121.772472,39.021959],[121.720063,39.019517],[121.71046,39.006741],[121.635753,38.995307],[121.657807,38.983873],[121.647797,38.959377],[121.592133,38.948676],[121.618175,38.926418],[121.693614,38.909613],[121.6963,38.862942],[121.581065,38.862982],[121.504893,38.826483],[121.380138,38.816596],[121.260753,38.795111],[121.225597,38.776313],[121.179535,38.720933],[121.132416,38.758734],[121.134044,38.782213],[121.127778,38.818915],[121.114513,38.85814],[121.148529,38.899075],[121.096202,38.9206],[121.179535,38.954332],[121.210704,38.94009],[121.256847,38.949652],[121.334321,38.968573],[121.328868,39.00141],[121.352306,39.038072],[121.403331,39.038275],[121.428071,39.014716],[121.486339,39.019599],[121.674083,39.088039],[121.649181,39.158149],[121.6067,39.180813],[121.605968,39.20539],[121.626313,39.224514],[121.589939,39.264054],[121.641938,39.272162],[121.680186,39.275214],[121.738292,39.319648],[121.765147,39.365383],[121.837494,39.364651],[121.942963,39.399359],[121.91269,39.40526],[121.848888,39.387356],[121.707774,39.395657],[121.52589,39.364651],[121.436046,39.508612],[121.354015,39.522203],[121.306163,39.501776],[121.272716,39.515448],[121.223399,39.528632],[121.248546,39.543402],[121.306163,39.597968],[121.449805,39.615098],[121.498165,39.652924],[121.536143,39.626654],[121.53769,39.641425],[121.528656,39.655951],[121.542328,39.669379],[121.546479,39.686713],[121.524018,39.687323],[121.490864,39.720994],[121.459809,39.74433],[121.484612,39.764005],[121.471528,39.80508],[121.535899,39.861762],[121.635972,39.896687],[121.734386,39.923285],[121.799653,39.940009],[121.809662,39.965033],[121.87379,39.9914],[121.874766,40.016303],[121.826915,40.022528],[121.933116,40.101386],[121.991466,40.186998],[122.058849,40.209215],[122.107514,40.262152],[122.108653,40.291815],[122.180328,40.35242],[122.241954,40.427232],[122.249766,40.447333],[122.279552,40.465725],[122.30185,40.502346],[122.224864,40.578518],[122.137586,40.62402],[122.159434,40.701606],[122.108653,40.69953],[121.897185,40.807837],[121.843761,40.859687],[121.82838,40.933905],[121.848888,40.958441],[121.867931,40.995795],[121.777709,40.934972],[121.75839,40.871992],[121.594962,40.845924],[121.528888,40.867267],[121.450206,40.885932],[121.434581,40.907213],[121.394542,40.924221],[121.33725,40.928168],[121.285655,40.899237],[121.258393,40.92064],[121.200287,40.930732],[121.142426,40.900702],[121.111095,40.876044],[121.079926,40.862982],[121.08017,40.844916],[121.068351,40.803389],[121.029633,40.826483],[120.981944,40.826809],[120.967052,40.794013],[120.943858,40.765855],[120.956036,40.737331],[121.010265,40.730862],[120.962637,40.70929],[120.895305,40.685181],[120.847764,40.683097],[120.816417,40.640041],[120.788585,40.591742],[120.678788,40.521916],[120.659114,40.483761],[120.604096,40.465155],[120.597376,40.422423],[120.545665,40.402411],[120.567316,40.380237],[120.564868,40.354182],[120.500987,40.307847],[120.504893,40.249091],[120.450694,40.201077],[120.358002,40.191799],[120.289474,40.163484],[120.225469,40.134947],[120.183197,40.123236],[119.950277,40.056502],[119.911998,39.998088],[119.847806,39.993425],[119.843001,40.00438],[119.823467,40.031097],[119.765434,40.063033],[119.741818,40.090473],[119.737942,40.112177],[119.747658,40.143622],[119.747089,40.199614],[119.719649,40.213334],[119.666887,40.212404],[119.634745,40.209071],[119.631179,40.229483],[119.634745,40.2801],[119.598313,40.3271],[119.581673,40.361981],[119.58405,40.39831],[119.590665,40.415621],[119.592422,40.446575],[119.597796,40.486108],[119.572371,40.519026],[119.563689,40.540058],[119.464057,40.532307],[119.293628,40.530705],[119.258488,40.552228],[119.189759,40.620105],[119.195753,40.677672],[119.190999,40.70041],[119.170638,40.703046],[119.123923,40.66757],[119.086199,40.656743],[119.06155,40.651369],[119.041241,40.663255],[118.849263,40.829834],[118.848333,40.848515],[118.857686,40.869082],[118.902179,40.956622],[118.951065,40.955123],[118.989254,40.956932],[119.010338,40.976259],[119.008323,40.9991],[118.987239,41.00959],[118.939748,41.021837],[118.937113,41.060543],[119.000571,41.08049],[119.047752,41.094391],[119.123923,41.15661],[119.197304,41.206891],[119.361635,41.374994],[119.385871,41.42096],[119.389747,41.472559],[119.350938,41.618545],[119.314661,41.659344],[119.307994,41.69252],[119.307168,41.72319],[119.301276,41.745152],[119.302723,41.762102],[119.298641,41.777347],[119.299571,41.790085],[119.306547,41.813779],[119.306237,41.838144],[119.325048,41.854758],[119.330629,41.873362],[119.324428,41.943047],[119.321017,41.959377],[119.327063,41.975888],[119.362771,42.014929],[119.375019,42.050198],[119.371246,42.091333],[119.361324,42.104097],[119.321947,42.118851],[119.264224,42.172465],[119.245776,42.186521],[119.248877,42.203574],[119.268255,42.230885],[119.300243,42.26109],[119.343961,42.294395],[119.374657,42.299176],[119.397705,42.301372],[119.417962,42.310906],[119.428401,42.317314],[119.450621,42.317107],[119.489844,42.352196],[119.507362,42.389558],[119.519764,42.394725],[119.581569,42.35571],[119.587151,42.326151],[119.591595,42.311268],[119.623892,42.280365],[119.629422,42.250548],[119.644201,42.23551],[119.762024,42.221144],[119.836954,42.19913],[119.845016,42.17448],[119.801091,42.144844],[119.800936,42.12885],[119.875712,42.070326],[119.88429,42.052576],[119.88615,42.007927],[119.891886,41.999452],[119.972657,41.960281],[119.978651,41.93788],[119.979995,41.912326],[120.019476,41.873491],[120.032601,41.855714],[120.036012,41.805795],[120.027795,41.721924],[120.036219,41.707429],[120.063969,41.699806],[120.101848,41.704018],[120.117661,41.716679],[120.130477,41.767528],[120.172851,41.817086],[120.303231,41.930464],[120.340179,41.965811],[120.458415,42.025084],[120.489731,42.078569],[120.492108,42.096087],[120.48601,42.118153],[120.488801,42.135723],[120.50172,42.146988],[120.639489,42.164662],[120.727649,42.223315],[120.912599,42.296566],[120.950013,42.276128],[120.997659,42.249825],[121.368851,42.49999],[121.42094,42.514356],[121.467811,42.525518],[121.495768,42.522314],[121.559071,42.534148],[121.576073,42.525208],[121.587752,42.503168],[121.618344,42.463817],[121.640048,42.454024],[121.69374,42.455548],[121.738905,42.465264],[121.87776,42.539574],[121.89254,42.558488],[121.913727,42.620913],[121.925406,42.663624],[121.96592,42.695534],[122.062607,42.719615],[122.175571,42.688557],[122.255773,42.646906],[122.291637,42.636545],[122.412353,42.662978],[122.429096,42.679953],[122.434212,42.696748],[122.430956,42.712794],[122.376334,42.78018],[122.362692,42.814906],[122.364552,42.83351],[122.383879,42.851726],[122.527178,42.834233],[122.727941,42.741009],[122.876614,42.741474],[122.921159,42.766589],[122.965549,42.786226],[123.047146,42.785761],[123.071796,42.793977],[123.159801,42.864929],[123.261241,42.998797],[123.343717,43.012336],[123.620393,43.086931],[123.634449,43.137781],[123.657496,43.173902],[123.661475,43.186046],[123.65698,43.198268],[123.653569,43.209921],[123.665351,43.222582],[123.669795,43.239428],[123.668142,43.256481],[123.680751,43.281286],[123.683541,43.290795],[123.699509,43.328027],[123.696719,43.337717],[123.696719,43.344719],[123.686952,43.368309],[123.706641,43.420709],[123.782037,43.466184],[123.851903,43.41828],[124.016027,43.305186],[124.078556,43.303972],[124.100777,43.298908],[124.148733,43.264336],[124.176173,43.254595],[124.212191,43.25674],[124.268674,43.234416],[124.288672,43.215812],[124.293943,43.181938],[124.295804,43.156565],[124.394196,43.10817],[124.418897,43.081867],[124.404324,43.054272],[124.369701,43.012336],[124.381328,42.977325],[124.434503,42.953761],[124.422308,42.933581],[124.388408,42.917381],[124.379468,42.899139],[124.438896,42.880639],[124.471814,42.855834],[124.519563,42.871673],[124.673197,42.998978],[124.674902,43.004559],[124.684514,43.040267],[124.765697,43.105586],[124.871841,43.117834],[124.888119,43.093882],[124.869825,43.016289],[124.872306,42.959652],[124.861764,42.854697],[124.871996,42.820281],[124.885122,42.80948],[124.942121,42.803693],[124.967907,42.780929],[124.976589,42.748605],[124.98248,42.724679],[124.967391,42.690314],[124.950802,42.671737],[124.959174,42.652952],[124.992505,42.657758],[125.00837,42.656053],[125.03674,42.617606],[125.085833,42.587323],[125.096788,42.570839],[125.092654,42.553165],[125.188204,42.42661],[125.210425,42.399712],[125.205929,42.382271],[125.181228,42.365373],[125.173321,42.344625],[125.189806,42.326667],[125.269491,42.309046],[125.285201,42.298762],[125.290627,42.271968],[125.28396,42.234451],[125.298533,42.21825],[125.310625,42.199311],[125.324165,42.166109],[125.359098,42.17107],[125.372741,42.178563],[125.464259,42.161199],[125.480538,42.151433],[125.465655,42.122339],[125.448602,42.098955],[125.419869,42.060327],[125.408087,42.047124],[125.377081,42.028753],[125.36902,42.013146],[125.363852,41.994543],[125.346799,41.979428],[125.291867,41.953202],[125.303804,41.923333],[125.286751,41.851038],[125.290627,41.815562],[125.326955,41.73921],[125.307525,41.689704],[125.306181,41.681435],[125.347212,41.668671],[125.429688,41.682314],[125.446586,41.681926],[125.451185,41.675829],[125.463949,41.587772],[125.568698,41.404605],[125.639494,41.334066],[125.646109,41.306368],[125.656392,41.281382],[125.702746,41.251798],[125.737679,41.245235],[125.749668,41.226683],[125.749255,41.201775],[125.744811,41.175316],[125.768892,41.144207],[125.725277,41.114261],[125.723882,41.081756],[125.701093,41.020029],[125.691739,41.004061],[125.655772,40.982977],[125.638667,40.967396],[125.609832,40.936675],[125.588541,40.924453],[125.591952,40.899468],[125.678562,40.89616],[125.699026,40.874456],[125.70409,40.859195]]],[[[122.3213,39.165961],[122.330577,39.180121],[122.354828,39.195624],[122.382579,39.208319],[122.402599,39.213813],[122.392914,39.203803],[122.389903,39.193549],[122.388927,39.187079],[122.397472,39.165839],[122.402599,39.159125],[122.388927,39.15233],[122.376313,39.16059],[122.355235,39.151557],[122.333995,39.146308],[122.3213,39.165961]]],[[[122.635997,39.23428],[122.66212,39.232733],[122.718598,39.241889],[122.741954,39.23607],[122.739513,39.222235],[122.725597,39.210028],[122.690684,39.193305],[122.692149,39.201402],[122.692556,39.207668],[122.693696,39.213772],[122.69752,39.221259],[122.683604,39.224311],[122.635997,39.228013],[122.635997,39.23428]]],[[[122.684418,39.262193],[122.643077,39.255072],[122.586192,39.258002],[122.533458,39.271674],[122.505056,39.296942],[122.536632,39.298041],[122.54656,39.296942],[122.584727,39.284369],[122.643891,39.27851],[122.663259,39.272203],[122.684418,39.262193]]],[[[121.422537,39.474514],[121.443126,39.441148],[121.425548,39.430121],[121.436046,39.409817],[121.403494,39.370592],[121.336111,39.387356],[121.379649,39.424872],[121.364268,39.445461],[121.327322,39.427639],[121.27296,39.385077],[121.257579,39.399644],[121.26588,39.43358],[121.311046,39.447943],[121.327322,39.468451],[121.35255,39.482408],[121.422537,39.474514]]],[[[122.964366,39.515448],[122.968028,39.541083],[122.989757,39.549506],[123.017589,39.544501],[123.04005,39.529731],[123.029959,39.50788],[123.005707,39.497301],[122.979747,39.499335],[122.964366,39.515448]]],[[[123.180675,39.091946],[123.184825,39.086127],[123.195811,39.065334],[123.195567,39.052069],[123.185232,39.042304],[123.172537,39.033677],[123.160655,39.029242],[123.149913,39.036566],[123.145193,39.04328],[123.148123,39.056342],[123.153087,39.062323],[123.164887,39.060492],[123.164724,39.066392],[123.15919,39.071682],[123.15089,39.073432],[123.143321,39.075832],[123.143565,39.080878],[123.168142,39.08393],[123.17628,39.089993],[123.180675,39.091946]]]]}},{"type":"Feature","properties":{"name_zh":"广西壮族自治区","name_en":"Guangxi","center_lng":108.267816,"center_lat":23.705537,"name_short":"广西"},"geometry":{"type":"MultiPolygon","coordinates":[[[[105.66495,23.043375],[105.551572,23.059679],[105.535192,23.099004],[105.521325,23.163148],[105.527285,23.197577],[105.577566,23.249977],[105.621801,23.288786],[105.627072,23.304676],[105.626762,23.335708],[105.631723,23.351702],[105.645676,23.356585],[105.676268,23.344002],[105.692391,23.347361],[105.701693,23.359298],[105.692081,23.389839],[105.710788,23.398469],[105.728668,23.402215],[105.758641,23.428286],[105.785306,23.46017],[105.823495,23.486887],[105.829851,23.501098],[105.84339,23.516885],[105.860288,23.521536],[105.879977,23.519185],[105.915324,23.5004],[105.959248,23.474743],[106.004879,23.469963],[106.060896,23.485414],[106.073453,23.500323],[106.093194,23.517815],[106.115828,23.524327],[106.12637,23.53523],[106.136344,23.674059],[106.149366,23.717545],[106.153862,23.74005],[106.133088,23.802088],[106.136809,23.817203],[106.149676,23.826091],[106.196237,23.838132],[106.199647,23.853686],[106.193756,23.869396],[106.143475,23.944921],[106.147506,23.956471],[106.151847,23.980604],[106.082962,24.016984],[106.015162,24.059436],[106.014336,24.088918],[106.014232,24.113619],[105.988394,24.105997],[105.970772,24.087729],[105.910569,24.081502],[105.891604,24.071348],[105.884318,24.057653],[105.884318,24.03427],[105.872225,24.02471],[105.794814,24.020963],[105.771043,24.025175],[105.684743,24.05463],[105.652187,24.069978],[105.638545,24.102198],[105.622215,24.131912],[105.608262,24.140284],[105.579272,24.137984],[105.537982,24.127623],[105.523254,24.120699],[105.503204,24.069746],[105.499483,24.05525],[105.472198,24.042512],[105.431839,24.041944],[105.407034,24.063699],[105.35081,24.093026],[105.304611,24.127003],[105.286318,24.124342],[105.294845,24.099589],[105.295,24.083569],[105.282907,24.074061],[105.190872,24.125582],[105.173147,24.150645],[105.171906,24.178835],[105.179348,24.206068],[105.175007,24.250484],[105.175524,24.315622],[105.166945,24.32836],[105.123537,24.364301],[105.117439,24.400346],[105.109533,24.413626],[105.080232,24.429439],[104.982926,24.424375],[104.961067,24.416417],[104.924583,24.423032],[104.882053,24.446829],[104.774515,24.461944],[104.735447,24.465665],[104.699429,24.448741],[104.693383,24.41466],[104.701134,24.394248],[104.726249,24.368771],[104.73059,24.352932],[104.725215,24.338282],[104.711986,24.329601],[104.689507,24.329523],[104.667028,24.339755],[104.561608,24.473442],[104.48306,24.650795],[104.492516,24.686142],[104.537578,24.741255],[104.582433,24.728465],[104.654884,24.671363],[104.695243,24.661777],[104.746506,24.6463],[104.802006,24.686013],[104.851874,24.705831],[104.932128,24.771124],[105.006593,24.794869],[105.024525,24.814584],[105.044524,24.879748],[105.067003,24.912562],[105.119817,24.962508],[105.163741,24.978837],[105.205909,25.0039],[105.267198,24.93822],[105.332672,24.940493],[105.398146,24.950131],[105.444396,24.923621],[105.50863,24.817452],[105.593224,24.810734],[105.655081,24.78071],[105.760656,24.742883],[105.825665,24.708983],[105.898219,24.7334],[106.001158,24.64847],[106.059501,24.69348],[106.176186,24.782234],[106.18156,24.920986],[106.17691,24.962508],[106.203988,24.965686],[106.227397,24.981473],[106.381032,25.011884],[106.51539,25.077048],[106.640654,25.153013],[106.785193,25.17973],[106.895574,25.206782],[106.909268,25.248356],[106.963218,25.250216],[106.981563,25.240294],[106.993036,25.250733],[107.006833,25.286932],[107.015515,25.341942],[107.012414,25.358272],[106.980323,25.398037],[106.972727,25.432169],[106.985439,25.44948],[107.002492,25.459402],[107.01443,25.487954],[107.034325,25.505989],[107.069982,25.522318],[107.12879,25.523326],[107.208578,25.54627],[107.244235,25.558595],[107.326297,25.475655],[107.320302,25.457154],[107.313016,25.43589],[107.316582,25.419224],[107.329449,25.410206],[107.379575,25.399148],[107.397869,25.387288],[107.40562,25.373749],[107.408411,25.330444],[107.424069,25.303107],[107.44691,25.28887],[107.477192,25.279956],[107.479156,25.267269],[107.467373,25.248201],[107.464583,25.23138],[107.473575,25.219495],[107.498896,25.21412],[107.527732,25.224326],[107.558014,25.254299],[107.5884,25.266804],[107.612171,25.273574],[107.622558,25.300497],[107.640903,25.31277],[107.647828,25.30104],[107.641213,25.273393],[107.646174,25.257063],[107.656561,25.24572],[107.67656,25.225334],[107.67687,25.206033],[107.69816,25.204999],[107.709478,25.215438],[107.733817,25.2266],[107.752111,25.219572],[107.763169,25.195878],[107.773246,25.157354],[107.803167,25.146192],[107.878615,25.150868],[107.934115,25.198049],[108.056123,25.211433],[108.102477,25.230062],[108.123923,25.252412],[108.132759,25.343725],[108.131829,25.386435],[108.141751,25.398295],[108.191412,25.429611],[108.22433,25.476714],[108.259883,25.492269],[108.281742,25.506971],[108.289494,25.527744],[108.326442,25.52883],[108.356363,25.514877],[108.414396,25.512086],[108.428865,25.500098],[108.496045,25.447388],[108.52705,25.398683],[108.598467,25.311324],[108.602653,25.373232],[108.590509,25.392636],[108.566014,25.423952],[108.572836,25.45811],[108.601051,25.48338],[108.655105,25.50418],[108.64048,25.529682],[108.649627,25.563143],[108.694637,25.602003],[108.759491,25.608592],[108.77365,25.573917],[108.764762,25.535212],[108.774115,25.521931],[108.851062,25.538958],[108.941185,25.548828],[109.003455,25.514102],[109.041438,25.543351],[109.028519,25.583529],[109.02795,25.651742],[109.044745,25.716673],[109.026658,25.719774],[108.900671,25.656548],[108.870802,25.652776],[108.860673,25.672929],[108.864084,25.697114],[108.926509,25.760288],[109.014463,25.787444],[109.104173,25.795971],[109.118435,25.756413],[109.148615,25.750651],[109.163601,25.78269],[109.166701,25.809433],[109.190266,25.794266],[109.242407,25.731298],[109.281216,25.730885],[109.306176,25.769306],[109.348086,25.860411],[109.398005,25.913199],[109.385499,25.960095],[109.399142,25.998543],[109.479809,26.049134],[109.522804,26.039367],[109.565953,26.038463],[109.60316,26.052674],[109.655974,26.0003],[109.666206,25.995029],[109.670081,25.949088],[109.654423,25.906481],[109.676593,25.889066],[109.772039,25.908161],[109.786767,25.944153],[109.771522,25.999757],[109.774623,26.013761],[109.80413,26.037119],[109.86392,26.077633],[109.927327,26.197083],[109.978383,26.188712],[110.00448,26.167912],[110.055019,26.158068],[110.05781,26.124633],[110.023858,26.057505],[110.053159,26.035595],[110.164573,26.047041],[110.206328,26.011152],[110.232889,25.977484],[110.287977,26.005338],[110.345544,26.118768],[110.396084,26.158714],[110.454478,26.167835],[110.491788,26.177007],[110.545687,26.243489],[110.542586,26.263824],[110.55349,26.293227],[110.551113,26.325525],[110.562792,26.346919],[110.673896,26.335576],[110.700871,26.316818],[110.703662,26.280877],[110.878948,26.275218],[110.914708,26.315862],[110.935482,26.382473],[110.964524,26.385237],[111.006279,26.351286],[111.123274,26.305992],[111.187198,26.292452],[111.216344,26.282246],[111.247246,26.282401],[111.273446,26.257752],[111.274066,26.241964],[111.256703,26.210132],[111.223785,26.041382],[111.194484,25.966348],[111.199135,25.936324],[111.242905,25.878059],[111.27851,25.861057],[111.296132,25.863745],[111.301558,25.887671],[111.31148,25.907928],[111.335354,25.90475],[111.408322,25.90785],[111.456381,25.926557],[111.451006,25.906533],[111.476121,25.895862],[111.418243,25.850231],[111.415143,25.815918],[111.385015,25.769151],[111.361141,25.73445],[111.329308,25.731065],[111.317681,25.718146],[111.317061,25.67541],[111.305124,25.653215],[111.324192,25.601771],[111.317681,25.544927],[111.320162,25.526039],[111.315821,25.503198],[111.289569,25.46581],[111.286675,25.437104],[111.249572,25.396099],[111.217429,25.392145],[111.179602,25.37871],[111.161412,25.357419],[111.153815,25.313933],[111.137072,25.295304],[111.110665,25.276494],[111.115833,25.248873],[111.106169,25.222673],[111.061469,25.178644],[111.01062,25.164459],[110.99646,25.156113],[110.958116,25.062424],[110.954602,25.025346],[110.965455,24.999896],[111.009173,24.931424],[111.030619,24.918014],[111.079039,24.94424],[111.120174,25.037878],[111.146994,25.05258],[111.263989,25.143866],[111.284298,25.142729],[111.324967,25.112524],[111.3799,25.135004],[111.415298,25.12286],[111.425375,25.111362],[111.425995,25.094593],[111.413438,25.064749],[111.421499,25.052373],[111.460308,25.024442],[111.460101,25.008396],[111.447544,24.983902],[111.429561,24.95827],[111.429716,24.943413],[111.449869,24.883908],[111.440878,24.858974],[111.444598,24.845771],[111.473434,24.810476],[111.473641,24.792854],[111.427338,24.692938],[111.432506,24.677486],[111.475811,24.666712],[111.510227,24.643199],[111.532913,24.655291],[111.578234,24.704565],[111.61079,24.704642],[111.621332,24.716037],[111.633321,24.755414],[111.652234,24.772829],[111.797032,24.760427],[111.891961,24.763502],[111.909066,24.76916],[111.933406,24.774715],[111.987098,24.758825],[111.995314,24.746578],[111.964567,24.722807],[111.938212,24.705934],[111.931856,24.693041],[111.943173,24.660691],[111.92767,24.646842],[111.925964,24.616224],[111.944258,24.590747],[111.971595,24.56708],[112.002601,24.556563],[112.002911,24.533671],[111.986788,24.478635],[112.009422,24.441868],[112.052572,24.365826],[112.044975,24.342675],[111.989268,24.294202],[111.961983,24.273118],[111.934801,24.273764],[111.869327,24.231829],[111.862816,24.214465],[111.864366,24.192503],[111.874753,24.174907],[111.875683,24.098529],[111.894752,24.039928],[111.901728,24.000086],[111.883538,23.964507],[111.859405,23.943913],[111.816565,23.923346],[111.78959,23.840535],[111.775431,23.832499],[111.750316,23.832112],[111.704066,23.846684],[111.657505,23.841697],[111.613735,23.759868],[111.61234,23.735244],[111.619058,23.72124],[111.629083,23.70615],[111.621849,23.675687],[111.601178,23.658014],[111.490384,23.625819],[111.467594,23.607655],[111.471935,23.575409],[111.464184,23.54492],[111.385326,23.418416],[111.369668,23.36369],[111.369668,23.325424],[111.363466,23.289044],[111.370908,23.253671],[111.377729,23.213751],[111.385636,23.184347],[111.369978,23.139105],[111.372045,23.122077],[111.384085,23.099469],[111.408942,23.079186],[111.410957,23.052598],[111.392612,23.020249],[111.38362,22.987202],[111.369823,22.978727],[111.351219,22.908214],[111.277167,22.81853],[111.231278,22.786904],[111.192314,22.75179],[111.055888,22.737941],[111.056405,22.728639],[111.079143,22.714376],[111.079814,22.692336],[111.023797,22.63867],[111.006692,22.637947],[110.989484,22.643993],[110.96747,22.654121],[110.94375,22.648954],[110.931296,22.617069],[110.889283,22.607561],[110.834817,22.593169],[110.818642,22.588234],[110.792545,22.566607],[110.775802,22.56932],[110.754563,22.580172],[110.743401,22.556195],[110.745416,22.535421],[110.733479,22.510848],[110.722885,22.479507],[110.701336,22.474856],[110.682268,22.483589],[110.67617,22.471859],[110.700561,22.438476],[110.704282,22.421939],[110.6956,22.380133],[110.700096,22.364682],[110.750274,22.328146],[110.772856,22.294583],[110.772236,22.27802],[110.746657,22.266186],[110.6956,22.279958],[110.682113,22.27802],[110.662185,22.254555],[110.644544,22.222313],[110.642373,22.183452],[110.609507,22.162213],[110.573489,22.171567],[110.552353,22.179887],[110.531889,22.176347],[110.494321,22.145935],[110.476337,22.145935],[110.414119,22.198309],[110.400321,22.203038],[110.383268,22.192522],[110.366008,22.188878],[110.330765,22.185313],[110.340893,22.151465],[110.351125,22.137202],[110.355466,22.10077],[110.35097,21.978142],[110.377325,21.903392],[110.362907,21.889207],[110.321773,21.895434],[110.243897,21.880189],[110.204312,21.877554],[110.123335,21.899025],[110.052229,21.874582],[110.018587,21.872748],[109.967221,21.866728],[109.956834,21.855721],[109.91725,21.687152],[109.893995,21.661133],[109.867434,21.652012],[109.802115,21.633744],[109.787232,21.639997],[109.768318,21.657903],[109.751368,21.656792],[109.748057,21.574937],[109.760265,21.511623],[109.765717,21.485663],[109.741466,21.474026],[109.659923,21.528062],[109.67335,21.582099],[109.673676,21.606391],[109.677013,21.62344],[109.625255,21.585395],[109.622325,21.567816],[109.608002,21.581855],[109.61085,21.611518],[109.615489,21.650133],[109.581391,21.640204],[109.569428,21.66649],[109.567719,21.698554],[109.581554,21.732367],[109.583344,21.744534],[109.567719,21.759996],[109.500987,21.691881],[109.503022,21.684516],[109.492686,21.678127],[109.519867,21.684963],[109.484711,21.658026],[109.529877,21.635688],[109.572765,21.581732],[109.560883,21.568264],[109.556977,21.521552],[109.530772,21.491645],[109.466889,21.47484],[109.472179,21.499335],[109.447276,21.47012],[109.424408,21.452379],[109.320811,21.480129],[109.277599,21.436998],[109.250255,21.4383],[109.23878,21.431627],[109.227061,21.472235],[109.171967,21.417548],[109.144298,21.427558],[109.156261,21.403754],[109.077403,21.431627],[109.043712,21.466254],[109.109874,21.489569],[109.1421,21.553453],[109.12436,21.590969],[109.101085,21.609198],[109.077647,21.596991],[109.060069,21.616034],[109.049815,21.614081],[109.066742,21.643948],[108.992442,21.609198],[108.944591,21.609198],[108.906505,21.650824],[108.891612,21.672675],[108.85727,21.683417],[108.860362,21.697903],[108.864268,21.731879],[108.867442,21.7414],[108.885997,21.750434],[108.924083,21.766832],[108.897472,21.759996],[108.886322,21.767157],[108.869477,21.753811],[108.866954,21.774156],[108.858246,21.787299],[108.850678,21.800523],[108.840831,21.811591],[108.78891,21.81094],[108.816254,21.793362],[108.832612,21.78384],[108.834727,21.725816],[108.816661,21.716376],[108.812104,21.752427],[108.798595,21.748277],[108.796641,21.736965],[108.786876,21.74018],[108.786388,21.727851],[108.799897,21.725816],[108.793061,21.712836],[108.838634,21.668036],[108.851817,21.645982],[108.833995,21.627997],[108.787364,21.641425],[108.772716,21.62344],[108.738536,21.616034],[108.731293,21.629462],[108.711192,21.65762],[108.745372,21.650133],[108.742442,21.684149],[108.7317,21.671291],[108.724701,21.729722],[108.711192,21.746405],[108.683197,21.70539],[108.649181,21.733344],[108.683197,21.74018],[108.652599,21.749986],[108.65561,21.778225],[108.677013,21.815253],[108.660167,21.801337],[108.649181,21.822089],[108.642182,21.796861],[108.628673,21.774319],[108.615001,21.787909],[108.628673,21.746405],[108.597504,21.766547],[108.569428,21.794379],[108.600597,21.830634],[108.635509,21.890326],[108.594086,21.9112],[108.587657,21.897854],[108.567149,21.904608],[108.576996,21.899359],[108.560313,21.895494],[108.558116,21.923651],[108.573334,21.951809],[108.567393,21.941962],[108.55836,21.942572],[108.545665,21.923814],[108.521495,21.906724],[108.510753,21.901597],[108.518809,21.890326],[108.478363,21.8664],[108.460704,21.887112],[108.464692,21.934312],[108.457286,21.888332],[108.469574,21.832953],[108.470958,21.822089],[108.476085,21.811713],[108.497081,21.809027],[108.501964,21.776679],[108.491466,21.74018],[108.47047,21.743069],[108.486827,21.731879],[108.505138,21.712836],[108.493907,21.705878],[108.496349,21.704779],[108.477794,21.698554],[108.505138,21.691718],[108.500824,21.680325],[108.513031,21.700181],[108.530528,21.710191],[108.518809,21.698554],[108.518809,21.671291],[108.531016,21.679877],[108.538585,21.684027],[108.552989,21.698554],[108.557221,21.671617],[108.548839,21.656195],[108.535981,21.638007],[108.511974,21.636542],[108.525401,21.631171],[108.526866,21.614244],[108.516612,21.599189],[108.481212,21.581855],[108.489106,21.607611],[108.491466,21.62344],[108.463471,21.595526],[108.467133,21.577541],[108.461029,21.567857],[108.420014,21.556871],[108.390636,21.595364],[108.416352,21.581855],[108.443696,21.62344],[108.427582,21.616685],[108.416352,21.630316],[108.434825,21.642157],[108.44809,21.658108],[108.470958,21.671291],[108.423595,21.679389],[108.420909,21.693183],[108.408051,21.683295],[108.39796,21.672838],[108.335948,21.706855],[108.311371,21.681708],[108.306488,21.630316],[108.306407,21.612738],[108.293468,21.589301],[108.313975,21.581855],[108.285981,21.558295],[108.269135,21.538642],[108.211029,21.500637],[108.244965,21.564358],[108.252533,21.595282],[108.226817,21.625556],[108.216889,21.635403],[108.210297,21.643948],[108.197276,21.636542],[108.208832,21.616197],[108.210297,21.602973],[108.135265,21.581855],[108.128266,21.56273],[108.105805,21.559068],[108.066254,21.561998],[108.056895,21.536038],[108.002289,21.554267],[108.039561,21.520453],[108.013682,21.492418],[108.047618,21.49315],[108.080577,21.485663],[107.970714,21.431627],[107.972667,21.460273],[107.944191,21.53078],[107.86771,21.589226],[107.839856,21.629895],[107.777896,21.655992],[107.729424,21.651961],[107.613204,21.605607],[107.533053,21.608656],[107.509851,21.581785],[107.473781,21.59057],[107.445927,21.646949],[107.382882,21.618888],[107.329655,21.616046],[107.243872,21.715161],[107.094837,21.778982],[107.002905,21.810556],[106.997531,21.860837],[107.020217,21.912927],[106.971227,21.93582],[106.920378,21.916958],[106.876866,21.957317],[106.799093,21.972613],[106.75615,21.989512],[106.728761,22.008322],[106.674605,21.962175],[106.649593,21.977574],[106.667887,22.042687],[106.670057,22.096637],[106.658378,22.120098],[106.656104,22.155135],[106.639671,22.190895],[106.662926,22.223296],[106.617295,22.322773],[106.541796,22.345097],[106.533028,22.403445],[106.530324,22.449277],[106.568771,22.574592],[106.607632,22.609991],[106.646338,22.568804],[106.697704,22.630868],[106.735531,22.695412],[106.758475,22.754219],[106.789843,22.797188],[106.730363,22.797628],[106.685147,22.848219],[106.656828,22.869975],[106.632747,22.849614],[106.591716,22.880878],[106.51694,22.915424],[106.477976,22.91961],[106.31566,22.8538],[106.255405,22.854653],[106.223004,22.912375],[106.132105,22.975007],[105.989995,22.970615],[105.94483,22.927697],[105.886642,22.929764],[105.866592,22.915062],[105.835689,22.917233],[105.76603,22.995161],[105.754712,23.005677],[105.719676,23.019604],[105.66495,23.043375]]],[[[109.100922,21.021186],[109.095958,21.02204],[109.090505,21.041938],[109.099864,21.060696],[109.122732,21.065416],[109.136241,21.051011],[109.127696,21.032172],[109.112559,21.027086],[109.105235,21.024482],[109.100922,21.021186]]]]}},{"type":"Feature","properties":{"name_zh":"广东省","name_en":"Guangdong","center_lng":113.4179235,"center_lat":22.8779285,"name_short":"广东"},"geometry":{"type":"MultiPolygon","coordinates":[[[[114.183035,22.556195],[114.15389,22.551855],[114.128878,22.538109],[114.108414,22.534388],[114.079112,22.527574],[114.058442,22.516995],[114.038748,22.510565],[114.035492,22.514146],[113.999278,22.530626],[113.970632,22.533718],[113.951939,22.523841],[113.947758,22.490406],[113.915294,22.488674],[113.909679,22.477647],[113.874363,22.478184],[113.881847,22.514146],[113.843761,22.561957],[113.812836,22.604397],[113.772934,22.672448],[113.744395,22.761176],[113.695079,22.757473],[113.672374,22.746894],[113.662608,22.798082],[113.632579,22.853095],[113.610118,22.862047],[113.605561,22.847235],[113.610362,22.904527],[113.596039,22.880561],[113.617198,22.956041],[113.638194,23.034898],[113.612071,22.994696],[113.59669,22.918199],[113.597992,22.960517],[113.605072,23.00141],[113.586681,22.953559],[113.583832,22.978461],[113.553966,22.987616],[113.528819,23.01081],[113.556407,23.084133],[113.691987,23.132554],[113.744233,23.126044],[113.800873,23.128404],[113.797944,23.134345],[113.719819,23.155341],[113.626475,23.117987],[113.550873,23.087877],[113.524669,23.066596],[113.44516,23.089342],[113.419281,23.065497],[113.502312,23.020424],[113.480968,22.935696],[113.473725,22.918199],[113.429942,22.931342],[113.212983,22.912014],[113.258067,22.897773],[113.292247,22.877265],[113.350434,22.889716],[113.440033,22.804145],[113.451915,22.755113],[113.377533,22.767401],[113.466319,22.716498],[113.553043,22.638472],[113.594738,22.52339],[113.551571,22.395837],[113.610362,22.370185],[113.59669,22.325751],[113.573578,22.300727],[113.583748,22.263459],[113.561196,22.23373],[113.52296,22.213039],[113.528087,22.199937],[113.483745,22.155142],[113.419037,22.208808],[113.362315,22.27497],[113.351573,22.308336],[113.255626,22.403876],[113.177582,22.564114],[113.160167,22.487616],[113.227306,22.425279],[113.328506,22.268476],[113.401971,22.179574],[113.32545,22.183661],[113.297944,22.176825],[113.282237,22.145413],[113.263438,22.13703],[113.25587,22.082668],[113.247162,22.054267],[113.194692,22.046395],[113.13963,22.036852],[113.115326,22.113471],[113.127452,22.160956],[113.110362,22.204169],[113.07729,22.147267],[113.020638,22.125978],[113.016105,22.057712],[113.022729,22.002534],[113.021195,21.972191],[113.016676,21.942533],[112.98935,21.937323],[112.980968,21.907172],[112.957081,21.875653],[112.879405,21.87519],[112.851573,21.94831],[112.814789,21.961575],[112.788585,21.951809],[112.737641,21.896877],[112.70045,21.890326],[112.685557,21.869859],[112.633067,21.795803],[112.550873,21.772854],[112.41505,21.868476],[112.481456,21.944648],[112.468842,21.955959],[112.390636,21.955512],[112.376313,21.986558],[112.392833,22.056301],[112.364838,22.034491],[112.370128,21.938788],[112.387787,21.876166],[112.39796,21.850572],[112.40211,21.801418],[112.38144,21.748521],[112.332123,21.724066],[112.226817,21.729641],[112.182384,21.752997],[112.203136,21.806708],[112.182221,21.823147],[112.047211,21.794989],[112.007091,21.818671],[112.04127,21.884182],[111.993175,21.834174],[111.934093,21.890448],[111.888927,21.899115],[111.904063,21.815253],[111.975108,21.77619],[111.914561,21.719062],[111.904145,21.701728],[111.884288,21.682847],[111.838878,21.678127],[111.85377,21.707424],[111.875336,21.709703],[111.849376,21.725816],[111.828949,21.749213],[111.806895,21.743313],[111.769786,21.753607],[111.721202,21.762641],[111.695567,21.76142],[111.779633,21.675442],[111.760346,21.640204],[111.787934,21.616034],[111.712901,21.62344],[111.651378,21.54092],[111.619721,21.533026],[111.596528,21.565497],[111.580821,21.568345],[111.595551,21.534084],[111.537852,21.520453],[111.516612,21.524563],[111.476085,21.513617],[111.472667,21.554592],[111.432221,21.602973],[111.411143,21.568264],[111.437999,21.534084],[111.349701,21.526679],[111.404307,21.526679],[111.356456,21.501288],[111.267345,21.439358],[111.280284,21.465318],[111.255626,21.517279],[111.206309,21.53205],[111.15797,21.513617],[111.164968,21.506008],[111.198822,21.507799],[111.184581,21.485663],[111.134044,21.471625],[111.08839,21.480129],[111.12672,21.50259],[111.107677,21.495795],[111.079356,21.49787],[111.07545,21.513617],[111.023285,21.527818],[110.995697,21.507636],[111.001313,21.462877],[110.979747,21.444729],[111.016938,21.458075],[111.042247,21.484565],[111.043712,21.469387],[110.965912,21.432847],[110.893321,21.397528],[110.869884,21.383246],[110.829845,21.392239],[110.768158,21.397528],[110.690033,21.331],[110.657074,21.260403],[110.662852,21.337226],[110.655528,21.34276],[110.641856,21.337307],[110.636485,21.370266],[110.692393,21.399156],[110.766368,21.444729],[110.63559,21.381049],[110.619721,21.290758],[110.616954,21.229682],[110.58017,21.234605],[110.481456,21.21719],[110.431163,21.191474],[110.435557,21.226304],[110.427013,21.261542],[110.435802,21.279202],[110.424327,21.287665],[110.431488,21.289496],[110.4463,21.289984],[110.472667,21.273383],[110.482188,21.286566],[110.478852,21.301337],[110.457042,21.299302],[110.486339,21.328681],[110.472667,21.334906],[110.465343,21.348538],[110.43393,21.308783],[110.437348,21.397528],[110.400971,21.38703],[110.383149,21.441474],[110.35849,21.435736],[110.389496,21.328681],[110.38266,21.321845],[110.328136,21.342271],[110.3567,21.319159],[110.362804,21.287665],[110.393403,21.260403],[110.408214,21.238023],[110.407481,21.216986],[110.402354,21.193671],[110.386078,21.156724],[110.333751,21.11636],[110.269298,21.089179],[110.210216,21.034573],[110.2046,21.082221],[110.184093,21.03384],[110.143077,20.992255],[110.155121,20.961982],[110.154145,20.90644],[110.167247,20.872992],[110.160655,20.867906],[110.156749,20.848863],[110.16391,20.846747],[110.169444,20.84394],[110.177501,20.84748],[110.191498,20.848863],[110.28712,20.842027],[110.335785,20.858832],[110.355235,20.839667],[110.368988,20.848863],[110.409434,20.750963],[110.368988,20.719672],[110.34726,20.761786],[110.333751,20.805732],[110.333018,20.778754],[110.307628,20.753241],[110.308849,20.745103],[110.337494,20.725816],[110.300792,20.65705],[110.317963,20.6706],[110.3296,20.664455],[110.314464,20.636542],[110.352143,20.636542],[110.371837,20.634345],[110.396983,20.616116],[110.408539,20.585924],[110.451671,20.567694],[110.478852,20.567694],[110.53419,20.478258],[110.482677,20.403225],[110.40683,20.305162],[110.362071,20.304877],[110.319672,20.269721],[110.265636,20.264146],[110.237153,20.27497],[110.192638,20.263251],[110.127533,20.247992],[110.085704,20.273424],[110.063731,20.283026],[110.04892,20.300238],[110.021576,20.297024],[110.000987,20.280829],[109.992279,20.286526],[109.944428,20.25609],[109.924897,20.238267],[109.917247,20.259955],[109.928559,20.294582],[109.919444,20.342231],[109.874115,20.376288],[109.865733,20.410061],[109.893809,20.420478],[109.914887,20.418647],[109.974864,20.354641],[109.992442,20.384955],[110.009776,20.434231],[109.964936,20.478258],[109.958507,20.459906],[109.93922,20.473863],[109.929942,20.471381],[109.914806,20.457017],[109.896088,20.49258],[109.835216,20.506252],[109.819591,20.523505],[109.831798,20.544582],[109.843761,20.557074],[109.841401,20.595649],[109.818858,20.589097],[109.74586,20.629788],[109.751557,20.673733],[109.779796,20.683539],[109.805919,20.679511],[109.830658,20.693671],[109.844249,20.689683],[109.858735,20.70425],[109.854747,20.719916],[109.801036,20.706285],[109.760265,20.729967],[109.763438,20.776557],[109.773204,20.814114],[109.752045,20.848863],[109.753022,20.863715],[109.731537,20.855048],[109.713878,20.833686],[109.717865,20.807847],[109.661225,20.927558],[109.680675,20.994452],[109.708507,21.035875],[109.699962,21.082994],[109.676606,21.138495],[109.720225,21.183417],[109.752045,21.16413],[109.7671,21.204535],[109.765717,21.280829],[109.773936,21.318671],[109.783702,21.348293],[109.799815,21.332913],[109.807384,21.355943],[109.924083,21.362779],[109.917572,21.413804],[109.933442,21.453803],[109.944428,21.485663],[109.886974,21.481513],[109.827729,21.493109],[109.835216,21.480129],[109.821056,21.458401],[109.799083,21.498603],[109.770112,21.551581],[109.773204,21.581855],[109.745942,21.648679],[109.761135,21.660048],[109.77731,21.651134],[109.796224,21.6347],[109.826609,21.637207],[109.886554,21.656663],[109.914769,21.682398],[109.952028,21.846186],[109.963345,21.863524],[109.985359,21.871482],[110.043702,21.872593],[110.105765,21.898457],[110.178112,21.889052],[110.228032,21.876288],[110.299139,21.896958],[110.355879,21.888974],[110.375,21.896287],[110.380271,21.951503],[110.344924,22.02478],[110.353761,22.130071],[110.345079,22.145083],[110.330455,22.17707],[110.339446,22.19123],[110.37841,22.190429],[110.396084,22.201048],[110.409933,22.200971],[110.471221,22.148183],[110.48905,22.144954],[110.523363,22.170404],[110.545687,22.180378],[110.564032,22.176605],[110.598914,22.159888],[110.637258,22.178285],[110.644234,22.191824],[110.650745,22.237248],[110.676377,22.273938],[110.692035,22.280397],[110.738698,22.266419],[110.766035,22.271535],[110.774252,22.289312],[110.763245,22.312928],[110.703972,22.361426],[110.6956,22.374035],[110.703817,22.415686],[110.702732,22.433541],[110.678702,22.466898],[110.677772,22.482116],[110.692035,22.480179],[110.714669,22.474649],[110.729603,22.499144],[110.744641,22.529168],[110.743246,22.5479],[110.749912,22.576219],[110.76433,22.579087],[110.785724,22.565238],[110.813371,22.584281],[110.828719,22.592291],[110.869853,22.593789],[110.92556,22.61371],[110.941373,22.644045],[110.955636,22.654276],[110.980647,22.649703],[111.001628,22.638748],[111.018681,22.637817],[111.057955,22.665051],[111.08183,22.709596],[111.070978,22.720913],[111.052013,22.734969],[111.181462,22.748534],[111.210918,22.766311],[111.26926,22.810365],[111.344346,22.900566],[111.360831,22.973766],[111.379745,22.982706],[111.388891,23.00826],[111.406926,23.044769],[111.411732,23.07239],[111.391837,23.092803],[111.378039,23.10753],[111.369668,23.132981],[111.382535,23.168638],[111.38424,23.200083],[111.373698,23.243078],[111.362381,23.280156],[111.370288,23.319688],[111.366412,23.350849],[111.385636,23.409527],[111.446459,23.511821],[111.471574,23.569647],[111.466354,23.602151],[111.478912,23.619127],[111.550432,23.651399],[111.61017,23.66313],[111.629703,23.693696],[111.622469,23.717597],[111.613735,23.729999],[111.61172,23.749093],[111.637455,23.819115],[111.697089,23.846994],[111.738327,23.835522],[111.763184,23.831181],[111.783492,23.835522],[111.807884,23.909239],[111.849948,23.939108],[111.879559,23.959778],[111.900798,23.995357],[111.900695,24.015408],[111.876148,24.092535],[111.876768,24.16589],[111.866381,24.187723],[111.862144,24.20506],[111.866536,24.227178],[111.905656,24.249528],[111.949684,24.277149],[111.975936,24.276761],[112.040944,24.337119],[112.052107,24.359004],[112.047301,24.381458],[111.988338,24.471607],[111.987563,24.499306],[112.005546,24.553075],[111.976091,24.564212],[111.958055,24.582376],[111.92953,24.607749],[111.924104,24.641597],[111.943173,24.656299],[111.932476,24.686323],[111.934801,24.702317],[111.959296,24.720894],[111.996554,24.735674],[112.050246,24.781924],[112.091226,24.809158],[112.111224,24.809468],[112.123007,24.793086],[112.139646,24.784431],[112.145072,24.806393],[112.166777,24.894837],[112.164761,24.911994],[112.138406,24.930003],[112.123627,24.944705],[112.127244,24.97783],[112.152979,25.059323],[112.182745,25.152574],[112.188326,25.194018],[112.200935,25.200969],[112.219538,25.198333],[112.251216,25.177921],[112.331573,25.181461],[112.419578,25.164795],[112.458387,25.164252],[112.535953,25.133531],[112.622666,25.135469],[112.663335,25.113144],[112.689897,25.076041],[112.694651,25.059143],[112.697183,25.023873],[112.712376,25.001291],[112.792578,24.948917],[112.836503,24.939563],[112.882133,24.943387],[112.966573,24.958658],[112.993083,24.975375],[112.970397,25.009016],[112.958408,25.04811],[112.973084,25.099709],[112.966263,25.160997],[112.975874,25.188385],[113.008741,25.206188],[113.027344,25.223784],[113.02445,25.240217],[113.00378,25.248511],[112.96001,25.251637],[112.88911,25.241457],[112.866165,25.266494],[112.852058,25.314786],[112.854538,25.333777],[112.870661,25.344138],[112.884614,25.337756],[112.897326,25.321969],[112.913036,25.321995],[112.943732,25.348866],[113.001713,25.365791],[113.089769,25.41416],[113.200874,25.500563],[113.27751,25.516582],[113.291307,25.514102],[113.292444,25.489581],[113.301849,25.471365],[113.390785,25.411266],[113.403032,25.401473],[113.411403,25.388864],[113.462615,25.376617],[113.499563,25.384601],[113.523438,25.385583],[113.539303,25.3653],[113.562092,25.344267],[113.563642,25.329746],[113.582452,25.325948],[113.69397,25.363233],[113.763992,25.341399],[113.809105,25.348221],[113.839698,25.367005],[113.865433,25.415374],[113.886103,25.437259],[113.936229,25.447181],[113.984805,25.422325],[114.003564,25.431885],[114.016431,25.432479],[114.01302,25.396486],[114.022787,25.364137],[114.023407,25.326491],[114.004029,25.286777],[114.012865,25.270706],[114.032554,25.267734],[114.065317,25.27807],[114.127019,25.310548],[114.153787,25.309205],[114.202776,25.295226],[114.28551,25.292048],[114.300393,25.297319],[114.336877,25.319359],[114.375169,25.33003],[114.418629,25.374524],[114.433873,25.388476],[114.453097,25.388089],[114.48555,25.38243],[114.499502,25.387055],[114.518106,25.408036],[114.532369,25.415374],[114.55986,25.414134],[114.571953,25.399587],[114.580479,25.360054],[114.589936,25.34791],[114.631536,25.321995],[114.695459,25.299955],[114.710032,25.284839],[114.717525,25.259854],[114.685848,25.174536],[114.686158,25.153168],[114.722176,25.135675],[114.731323,25.12441],[114.714993,25.110328],[114.676081,25.105651],[114.642543,25.081053],[114.579549,25.066145],[114.548233,25.054466],[114.463226,25.000025],[114.441935,24.994392],[114.418474,24.981938],[114.403281,24.967572],[114.387778,24.930262],[114.376719,24.874089],[114.343078,24.835694],[114.320289,24.783811],[114.28644,24.744743],[114.183398,24.689734],[114.1696,24.674696],[114.182157,24.659167],[114.248097,24.644672],[114.270472,24.619686],[114.289386,24.595631],[114.362456,24.565219],[114.390879,24.511114],[114.414908,24.4999],[114.435269,24.502613],[114.450772,24.515558],[114.482863,24.548967],[114.525857,24.555995],[114.569472,24.551344],[114.62952,24.582324],[114.654015,24.581291],[114.663213,24.563049],[114.691532,24.550414],[114.711582,24.554548],[114.721246,24.567054],[114.733183,24.618368],[114.76791,24.633794],[114.801603,24.625551],[114.83018,24.617748],[114.840257,24.600127],[114.862684,24.587828],[114.880461,24.592995],[114.918753,24.650408],[114.938442,24.6679],[115.023967,24.688183],[115.036524,24.698131],[115.053009,24.707484],[115.092851,24.687718],[115.139102,24.684153],[115.175585,24.693635],[115.251136,24.753321],[115.280178,24.76314],[115.299557,24.762442],[115.332785,24.746707],[115.341311,24.763114],[115.420583,24.78456],[115.438463,24.779315],[115.485747,24.719964],[115.502387,24.705727],[115.549567,24.679037],[115.564295,24.652036],[115.651473,24.584624],[115.691523,24.547985],[115.755911,24.559431],[115.79038,24.561266],[115.799216,24.572738],[115.782318,24.685109],[115.778081,24.700792],[115.753276,24.732703],[115.74909,24.74774],[115.757462,24.779909],[115.754981,24.819596],[115.778081,24.854065],[115.811309,24.872591],[115.885154,24.870239],[115.907685,24.875562],[115.893888,24.900858],[115.935487,24.916335],[115.98799,24.894191],[116.012123,24.895432],[116.035688,24.893571],[116.051966,24.874373],[116.09155,24.852178],[116.141521,24.846778],[116.193663,24.851326],[116.257741,24.835022],[116.262702,24.809881],[116.29686,24.813344],[116.337943,24.836934],[116.372101,24.841301],[116.381868,24.821844],[116.400782,24.785568],[116.432924,24.739627],[116.478245,24.685367],[116.501034,24.6286],[116.516589,24.615423],[116.534882,24.617283],[116.603767,24.655834],[116.659939,24.669606],[116.767788,24.666893],[116.774919,24.652268],[116.769545,24.629608],[116.748564,24.551499],[116.756936,24.525583],[116.82644,24.476491],[116.829696,24.454167],[116.836414,24.434555],[116.882406,24.393989],[116.893982,24.367247],[116.967672,24.185113],[116.94111,24.144444],[116.927468,24.106229],[116.933462,24.032513],[116.946898,24.004943],[116.973977,23.914045],[116.987671,23.892831],[117.036505,23.738267],[117.067408,23.696642],[117.136654,23.659874],[117.158978,23.640702],[117.15083,23.606867],[117.084228,23.550606],[117.08356,23.58895],[117.077881,23.63883],[117.044444,23.655666],[117.018321,23.647895],[116.965072,23.615438],[116.917572,23.637926],[116.916515,23.662746],[116.900727,23.634263],[116.874278,23.598619],[116.886241,23.573065],[116.854991,23.524888],[116.872621,23.473807],[116.75294,23.350246],[116.712989,23.355629],[116.657844,23.354452],[116.557872,23.40176],[116.531749,23.422553],[116.523204,23.377509],[116.573009,23.323676],[116.641889,23.318835],[116.709414,23.31977],[116.748635,23.326288],[116.77711,23.240383],[116.804822,23.236122],[116.731293,23.257717],[116.67921,23.271389],[116.715099,23.243801],[116.671166,23.214639],[116.637021,23.164018],[116.613772,23.190607],[116.61151,23.23873],[116.516856,23.235175],[116.526988,23.200621],[116.563975,23.222968],[116.604504,23.209557],[116.545121,23.144775],[116.548496,23.066402],[116.547852,23.006039],[116.494688,22.939352],[116.379607,22.928984],[116.298487,22.963247],[116.234711,22.980414],[116.234874,22.960273],[116.281458,22.957857],[116.214563,22.908522],[116.14491,22.847823],[116.09569,22.8259],[116.123721,22.894729],[116.041881,22.922321],[116.076178,22.867871],[116.037446,22.850898],[115.996718,22.836684],[115.939488,22.807516],[115.883497,22.794619],[115.825956,22.746644],[115.79546,22.769988],[115.795014,22.800279],[115.806488,22.778266],[115.812755,22.799547],[115.798432,22.819525],[115.776344,22.832346],[115.697036,22.850671],[115.682465,22.88817],[115.713878,22.904527],[115.733735,22.931871],[115.683116,22.924262],[115.639415,22.88935],[115.574067,22.871731],[115.539887,22.852932],[115.546886,22.887152],[115.505626,22.897773],[115.450938,22.931871],[115.430186,22.918199],[115.418549,22.907701],[115.446137,22.89997],[115.483002,22.901842],[115.468028,22.856757],[115.505626,22.849311],[115.54005,22.836249],[115.577891,22.843166],[115.600597,22.861884],[115.556244,22.807435],[115.523936,22.741767],[115.567321,22.747281],[115.580903,22.723334],[115.575219,22.668336],[115.491193,22.687587],[115.421264,22.690236],[115.361272,22.704137],[115.350678,22.746894],[115.397553,22.748765],[115.422373,22.771797],[115.374767,22.773285],[115.289144,22.791553],[115.232767,22.80534],[115.32016,22.850531],[115.309418,22.869371],[115.303803,22.903022],[115.255951,22.847846],[115.217294,22.834891],[115.174407,22.806892],[115.150566,22.809634],[115.101085,22.800116],[115.045665,22.775865],[115.02233,22.743513],[115.030794,22.717322],[115.008513,22.70372],[114.985342,22.689309],[114.959835,22.696134],[114.95237,22.728833],[114.926768,22.761176],[114.889059,22.763748],[114.870379,22.753348],[114.878145,22.729638],[114.902858,22.713934],[114.937229,22.709492],[114.966629,22.676487],[114.924897,22.638658],[114.919119,22.561155],[114.880215,22.559113],[114.865816,22.601745],[114.774609,22.597693],[114.742242,22.62738],[114.74999,22.678724],[114.741951,22.732653],[114.795421,22.769924],[114.817638,22.77912],[114.807279,22.805383],[114.78476,22.815863],[114.762462,22.791083],[114.716732,22.790803],[114.664219,22.774176],[114.617198,22.750067],[114.563324,22.732733],[114.552338,22.694525],[114.522065,22.705959],[114.505926,22.663689],[114.534906,22.644648],[114.562511,22.648342],[114.590343,22.643866],[114.546641,22.602932],[114.502208,22.57392],[114.509288,22.549547],[114.529796,22.557359],[114.543224,22.569403],[114.559906,22.555121],[114.611583,22.528713],[114.587657,22.495592],[114.529667,22.468285],[114.492198,22.463975],[114.484467,22.474351],[114.476817,22.489895],[114.47641,22.509426],[114.485118,22.53441],[114.471202,22.551703],[114.446951,22.57156],[114.436778,22.577379],[114.433035,22.591091],[114.408702,22.61164],[114.380138,22.610338],[114.329112,22.605007],[114.324555,22.598538],[114.316905,22.6022],[114.302175,22.582953],[114.249685,22.570502],[114.220714,22.555121],[114.183035,22.556195]]],[[[111.962657,21.65762],[112.007335,21.643948],[111.981456,21.612047],[111.909679,21.600531],[111.871104,21.573228],[111.809337,21.565497],[111.822439,21.5751],[111.835297,21.643948],[111.896007,21.653957],[111.931407,21.662299],[111.94516,21.650133],[111.962657,21.65762]]],[[[112.645356,21.712836],[112.654552,21.698472],[112.651378,21.6883],[112.643321,21.678168],[112.63795,21.664455],[112.649913,21.649319],[112.650401,21.640448],[112.62379,21.633287],[112.616466,21.619208],[112.607188,21.616034],[112.579926,21.615546],[112.567149,21.617621],[112.555919,21.62344],[112.549083,21.6164],[112.539236,21.598944],[112.534923,21.595526],[112.525401,21.598863],[112.519298,21.606676],[112.51824,21.616767],[112.524262,21.626899],[112.559825,21.648383],[112.567882,21.660631],[112.555919,21.678127],[112.57781,21.68301],[112.620128,21.704495],[112.645356,21.712836]]],[[[112.844005,21.774319],[112.862559,21.745592],[112.812511,21.717108],[112.80714,21.671291],[112.794444,21.623114],[112.799653,21.579088],[112.761485,21.583686],[112.753673,21.607367],[112.737153,21.612616],[112.774425,21.691718],[112.715587,21.680243],[112.724376,21.715806],[112.777517,21.77265],[112.821137,21.774807],[112.844005,21.774319]]],[[[113.391449,22.027533],[113.398936,22.021918],[113.401622,22.018459],[113.40268,22.01435],[113.405772,22.007025],[113.323497,22.011949],[113.309418,22.024115],[113.343598,22.068508],[113.352794,22.073147],[113.363292,22.075995],[113.372732,22.080146],[113.377778,22.089016],[113.38266,22.089586],[113.384044,22.088121],[113.384044,22.085395],[113.385265,22.08218],[113.387218,22.078192],[113.389903,22.074693],[113.393565,22.071601],[113.398936,22.068508],[113.412608,22.075995],[113.41033,22.063544],[113.391449,22.027533]]],[[[113.364757,22.157904],[113.354015,22.130845],[113.336192,22.100491],[113.31365,22.076402],[113.289073,22.068508],[113.279145,22.074693],[113.268809,22.088324],[113.264171,22.104926],[113.271739,22.120022],[113.279145,22.123196],[113.289724,22.125474],[113.298676,22.128567],[113.302745,22.133979],[113.30421,22.141832],[113.308442,22.148627],[113.314952,22.153998],[113.32309,22.157904],[113.327973,22.145819],[113.33546,22.148871],[113.347179,22.15644],[113.364757,22.157904]]],[[[113.593516,22.784817],[113.602875,22.772447],[113.602794,22.762641],[113.594574,22.75609],[113.579845,22.75373],[113.558279,22.75788],[113.544607,22.768785],[113.535655,22.784329],[113.528575,22.802151],[113.521169,22.787909],[113.506114,22.798041],[113.495291,22.81387],[113.480805,22.849311],[113.473969,22.849311],[113.473155,22.825385],[113.455903,22.830756],[113.434093,22.849066],[113.40211,22.88288],[113.396169,22.898098],[113.405121,22.908108],[113.432953,22.912014],[113.475597,22.900702],[113.487804,22.892808],[113.527029,22.846625],[113.546723,22.834866],[113.573009,22.830064],[113.576427,22.82392],[113.587657,22.794623],[113.593516,22.784817]]],[[[117.071544,23.47309],[117.108945,23.482294],[117.134091,23.460469],[117.128781,23.399369],[117.048897,23.40471],[117.004009,23.419759],[116.948098,23.421805],[116.967635,23.453148],[116.993907,23.44831],[117.017426,23.441881],[117.044348,23.464467],[117.070811,23.475328],[117.071544,23.47309]]],[[[110.595876,20.958726],[110.60613,20.953843],[110.617931,20.952379],[110.62794,20.948635],[110.632498,20.936672],[110.630382,20.925767],[110.624522,20.915188],[110.609548,20.897284],[110.589203,20.88349],[110.575694,20.888821],[110.563487,20.903469],[110.547537,20.917711],[110.57488,20.947455],[110.58961,20.959377],[110.602712,20.964911],[110.595876,20.958726]]],[[[110.547537,21.037258],[110.520763,20.972357],[110.526052,20.941596],[110.502696,20.947496],[110.493012,20.977973],[110.441417,21.005845],[110.298676,20.980658],[110.261892,20.992987],[110.24586,21.027574],[110.287364,21.03384],[110.270681,21.044867],[110.290212,21.054267],[110.335216,21.06859],[110.295421,21.063056],[110.371349,21.080959],[110.408214,21.048245],[110.43214,21.057278],[110.451915,21.061103],[110.492931,21.075995],[110.538829,21.073065],[110.547537,21.037258]]],[[[110.616954,21.191474],[110.565196,21.112616],[110.50587,21.126858],[110.489024,21.150092],[110.472911,21.16413],[110.449474,21.156236],[110.44337,21.177883],[110.417735,21.184638],[110.452647,21.201483],[110.499848,21.206285],[110.46339,21.190741],[110.504161,21.18769],[110.537852,21.204495],[110.566173,21.193345],[110.550059,21.168443],[110.577322,21.190985],[110.616954,21.191474]]],[[[110.471365,20.647366],[110.476329,20.631578],[110.478038,20.610785],[110.475841,20.595933],[110.471202,20.592597],[110.464854,20.590766],[110.457286,20.586859],[110.451671,20.589179],[110.44809,20.596259],[110.43922,20.629462],[110.435802,20.638495],[110.426606,20.64289],[110.417654,20.654771],[110.422048,20.662258],[110.430024,20.662014],[110.43336,20.663764],[110.43336,20.667426],[110.437022,20.667914],[110.442638,20.66352],[110.44752,20.658352],[110.462738,20.654771],[110.471365,20.647366]]],[[[113.278005,21.925035],[113.280935,21.922838],[113.285655,21.918118],[113.283702,21.91352],[113.278656,21.907375],[113.275157,21.897528],[113.267751,21.886461],[113.258474,21.880439],[113.250743,21.883205],[113.23463,21.893459],[113.229747,21.898749],[113.225841,21.900824],[113.22169,21.91413],[113.2317,21.934475],[113.247732,21.943183],[113.25766,21.946601],[113.267833,21.943305],[113.275157,21.931545],[113.278005,21.925035]]],[[[113.771747,22.000343],[113.775921,21.985859],[113.764477,21.966818],[113.748206,21.972788],[113.739056,21.985973],[113.736279,21.997162],[113.745502,21.997795],[113.756859,22.00039],[113.771747,22.000343]]],[[[114.306814,22.057196],[114.305349,22.050279],[114.302501,22.044867],[114.222423,22.021674],[114.206716,22.025784],[114.216807,22.032172],[114.271658,22.050523],[114.28297,22.052558],[114.292979,22.057807],[114.295421,22.062812],[114.298595,22.067125],[114.30421,22.069281],[114.310069,22.06859],[114.309337,22.062567],[114.306814,22.057196]]],[[[113.473481,22.098538],[113.465994,22.101508],[113.464854,22.10814],[113.471528,22.114081],[113.518891,22.127265],[113.52711,22.125881],[113.532725,22.120307],[113.530935,22.112942],[113.52711,22.106106],[113.532563,22.095364],[113.547618,22.092597],[113.53891,22.082099],[113.484711,22.071357],[113.470225,22.077623],[113.473969,22.088121],[113.473481,22.098538]]],[[[113.623379,22.439872],[113.634883,22.438045],[113.649595,22.438566],[113.65787,22.432023],[113.657825,22.423751],[113.653293,22.413728],[113.642422,22.411421],[113.642347,22.40019],[113.631449,22.396102],[113.621187,22.391419],[113.612272,22.397962],[113.610441,22.413337],[113.611816,22.43047],[113.623379,22.439872]]],[[[113.546759,22.741884],[113.559505,22.735],[113.563707,22.720303],[113.573204,22.700698],[113.575322,22.698734],[113.603939,22.684952],[113.635687,22.656475],[113.64511,22.625115],[113.641832,22.601624],[113.628015,22.595785],[113.60261,22.611521],[113.562427,22.655683],[113.525331,22.683182],[113.491368,22.705774],[113.476511,22.719514],[113.476539,22.731268],[113.50208,22.736112],[113.525501,22.744873],[113.546759,22.741884]]],[[[113.52921,22.960354],[113.529186,22.948594],[113.54514,22.937762],[113.553599,22.911281],[113.553542,22.885811],[113.545014,22.879961],[113.523757,22.896679],[113.50996,22.921216],[113.505754,22.951609],[113.515376,22.96922],[113.52921,22.960354]]],[[[116.995616,23.563544],[117.005138,23.562934],[117.009288,23.554999],[117.003673,23.54621],[116.99586,23.53852],[116.992931,23.533881],[116.987804,23.524115],[116.970958,23.514635],[116.950938,23.517401],[116.937266,23.526272],[116.936046,23.535549],[116.946544,23.539455],[116.957774,23.544908],[116.96754,23.554348],[116.974376,23.559394],[116.978526,23.559272],[116.98585,23.560452],[116.995616,23.563544]]]]}},{"type":"Feature","properties":{"name_zh":"海南省","name_en":"Hainan","center_lng":109.824962,"center_lat":19.166449,"name_short":"海南"},"geometry":{"type":"Polygon","coordinates":[[[111.010509,19.683783],[111.020356,19.635972],[110.977306,19.640774],[110.887706,19.550605],[110.842784,19.539944],[110.818533,19.591051],[110.862641,19.60871],[110.806326,19.612738],[110.812999,19.563381],[110.802501,19.517401],[110.785492,19.47191],[110.760265,19.451646],[110.745128,19.422675],[110.706228,19.41828],[110.685802,19.393052],[110.670665,19.365058],[110.666026,19.31977],[110.63266,19.264472],[110.589041,19.176703],[110.568614,19.163072],[110.510102,19.150051],[110.490489,19.166571],[110.489757,19.152981],[110.524181,19.128323],[110.546235,19.139879],[110.554942,19.087348],[110.582286,19.150051],[110.563243,19.05565],[110.518077,18.993476],[110.508067,18.922187],[110.509125,18.897773],[110.486583,18.892483],[110.47047,18.884263],[110.461274,18.856024],[110.441091,18.836493],[110.435802,18.814154],[110.450938,18.804999],[110.492849,18.793118],[110.499685,18.837551],[110.503429,18.881903],[110.519054,18.783108],[110.492849,18.77204],[110.450369,18.756537],[110.426768,18.680894],[110.388682,18.675035],[110.345388,18.680854],[110.410899,18.697496],[110.380138,18.690497],[110.301036,18.662787],[110.156993,18.580797],[110.088145,18.50434],[110.03419,18.505764],[110.08253,18.477769],[110.068207,18.408922],[110.053233,18.440619],[110.044444,18.411363],[110.040294,18.38227],[109.968598,18.389838],[109.987071,18.403998],[110.019867,18.41767],[110.020518,18.450507],[110.006196,18.429389],[109.992361,18.439643],[109.981944,18.435492],[109.96518,18.416327],[109.948741,18.415229],[109.882091,18.407538],[109.821544,18.391669],[109.795665,18.405178],[109.746104,18.395901],[109.731781,18.273017],[109.711599,18.287991],[109.670421,18.273017],[109.694021,18.267157],[109.734548,18.259996],[109.738536,18.243232],[109.719005,18.21483],[109.690684,18.209174],[109.663748,18.237616],[109.619151,18.217271],[109.603526,18.198798],[109.601329,18.18122],[109.568044,18.169338],[109.568044,18.193183],[109.556488,18.209215],[109.548595,18.217678],[109.554454,18.228827],[109.563324,18.238023],[109.561209,18.258734],[109.529552,18.227688],[109.478689,18.192694],[109.484711,18.221503],[109.510265,18.238593],[109.492931,18.245063],[109.439952,18.288967],[109.190603,18.299709],[109.149669,18.299709],[109.139496,18.340725],[109.122081,18.358222],[109.091645,18.368598],[108.979015,18.374823],[108.95281,18.402289],[108.875987,18.433173],[108.795584,18.486558],[108.710704,18.499661],[108.677257,18.532416],[108.687185,18.587836],[108.693614,18.719875],[108.649425,18.813625],[108.623871,18.849189],[108.653819,18.921047],[108.650401,18.973578],[108.642589,19.018459],[108.644298,19.124172],[108.678966,19.152045],[108.676036,19.162177],[108.66391,19.209621],[108.622081,19.217719],[108.63795,19.248969],[108.641124,19.294908],[108.644786,19.31037],[108.664561,19.314276],[108.677257,19.327582],[108.672537,19.351264],[108.686534,19.377875],[108.729177,19.377997],[108.770681,19.394355],[108.817882,19.439195],[108.903331,19.493354],[108.944835,19.492011],[108.956554,19.534613],[109.008474,19.597073],[109.078868,19.612738],[109.128917,19.640204],[109.156505,19.649644],[109.204926,19.718573],[109.243988,19.729926],[109.283214,19.724799],[109.298188,19.726793],[109.2942,19.759508],[109.286794,19.773179],[109.307384,19.786851],[109.281505,19.790188],[109.235606,19.762356],[109.181326,19.735989],[109.163341,19.724799],[109.16684,19.805487],[109.19752,19.827826],[109.211192,19.848293],[109.229503,19.855373],[109.25172,19.874701],[109.261567,19.900824],[109.303722,19.921698],[109.3213,19.892035],[109.395763,19.869534],[109.443614,19.872992],[109.465017,19.834052],[109.493988,19.850165],[109.53297,19.852607],[109.581716,19.855699],[109.520193,19.882473],[109.554454,19.910346],[109.544607,19.933336],[109.530935,19.930121],[109.581391,19.984809],[109.626313,19.997952],[109.65211,20.002183],[109.7046,20.006578],[109.725597,20.006578],[109.725597,19.978664],[109.71811,19.957506],[109.763682,19.974351],[109.811697,19.981838],[109.835134,19.973334],[109.83546,19.930854],[109.880382,19.967597],[109.914806,19.99022],[109.929454,19.986151],[109.942638,19.990912],[109.944672,19.978664],[109.975597,19.932278],[109.973806,19.908922],[110.006196,19.916571],[110.014659,19.940863],[110.068207,19.978664],[110.10255,19.973944],[110.136892,19.996731],[110.123302,19.989691],[110.068207,19.984849],[110.137462,20.024359],[110.171153,20.060777],[110.232595,20.044501],[110.280528,20.033271],[110.324962,20.061225],[110.368988,20.038642],[110.368175,20.007799],[110.402517,19.964342],[110.417735,19.923407],[110.410899,19.93769],[110.417735,19.951361],[110.407074,19.984849],[110.386485,20.001899],[110.378184,20.039862],[110.376475,20.071967],[110.431163,20.050605],[110.527599,20.020209],[110.520763,20.006578],[110.564138,19.984524],[110.598643,19.943996],[110.612966,19.925727],[110.621349,19.950019],[110.62322,19.971829],[110.600922,20.021064],[110.57016,20.040269],[110.566173,20.069525],[110.604177,20.110826],[110.670746,20.154975],[110.710948,20.075181],[110.774669,20.020209],[110.890147,19.999172],[110.896332,20.004584],[110.934581,19.995063],[110.996837,19.749172],[110.996593,19.686591],[111.010509,19.683783]]]}},{"type":"Feature","properties":{"name_zh":"福建省","name_en":"Fujian","center_lng":118.1352455,"center_lat":25.949313,"name_short":"福建"},"geometry":{"type":"MultiPolygon","coordinates":[[[[117.468901,23.75309],[117.516191,23.716278],[117.476543,23.689432],[117.444835,23.664944],[117.417766,23.627466],[117.431559,23.58263],[117.337819,23.596463],[117.386729,23.684882],[117.35613,23.689399],[117.342459,23.699652],[117.379242,23.746812],[117.404307,23.774156],[117.434825,23.750718],[117.468901,23.75309]]],[[[119.305431,26.035956],[119.369802,26.014228],[119.401215,25.996039],[119.404959,25.977932],[119.390636,25.966986],[119.381114,25.966986],[119.371593,25.971584],[119.345958,25.976386],[119.312022,25.986762],[119.302013,25.991848],[119.290538,25.995266],[119.273285,25.997138],[119.257579,26.001451],[119.250743,26.012397],[119.246837,26.026557],[119.237559,26.037584],[119.226736,26.047675],[119.217784,26.059027],[119.209239,26.098578],[119.221202,26.089545],[119.243337,26.057074],[119.257579,26.047553],[119.272227,26.04206],[119.305431,26.035956]]],[[[120.4192,27.206366],[120.406749,27.184231],[120.333263,27.247301],[120.292003,27.249416],[120.307628,27.284817],[120.310069,27.295315],[120.298839,27.297797],[120.31186,27.317694],[120.280772,27.311754],[120.265717,27.316352],[120.271495,27.304023],[120.237885,27.309149],[120.230724,27.298326],[120.243663,27.283515],[120.212983,27.283026],[120.193126,27.278062],[120.191417,27.256049],[120.177501,27.221503],[120.201915,27.217841],[120.209483,27.235093],[120.264008,27.252834],[120.306407,27.215277],[120.333588,27.228909],[120.342784,27.235826],[120.365489,27.209621],[120.386241,27.179511],[120.421723,27.146959],[120.373871,27.146959],[120.381358,27.12523],[120.381358,27.119045],[120.373871,27.106024],[120.357921,27.098375],[120.262055,27.12995],[120.247162,27.121649],[120.264008,27.098578],[120.257823,27.072659],[120.216319,27.043931],[120.255626,27.017524],[120.229991,26.989325],[120.148692,26.981879],[120.213878,26.963813],[120.243663,26.955146],[120.229991,26.940904],[120.224132,26.918687],[120.200776,26.915432],[120.125743,26.927314],[120.10963,26.894355],[120.083263,26.886298],[120.065684,26.897854],[120.055268,26.88939],[120.024506,26.837877],[120.062999,26.818915],[120.096528,26.805894],[120.11964,26.784166],[120.10019,26.742906],[120.142833,26.732815],[120.131928,26.707221],[120.102061,26.689154],[120.120697,26.646064],[120.098969,26.628363],[120.075206,26.621487],[120.079682,26.646064],[119.959972,26.611274],[119.937022,26.576728],[119.847179,26.523627],[119.835948,26.56151],[119.85377,26.564114],[119.85377,26.598293],[119.928966,26.625637],[119.984141,26.65351],[119.976817,26.674018],[120.011485,26.721177],[120.028168,26.714993],[120.030528,26.724921],[120.079682,26.796942],[119.9463,26.796942],[119.935639,26.759019],[119.888031,26.687242],[119.856944,26.65351],[119.829194,26.714993],[119.791759,26.68769],[119.811534,26.775784],[119.815766,26.797593],[119.797374,26.816392],[119.846283,26.8522],[119.781993,26.828518],[119.76588,26.784003],[119.766449,26.74494],[119.730235,26.742906],[119.726085,26.786526],[119.685802,26.811998],[119.675059,26.776435],[119.710297,26.729885],[119.730235,26.704739],[119.696137,26.708197],[119.646007,26.753323],[119.622651,26.777167],[119.597748,26.797105],[119.579438,26.776435],[119.552094,26.749091],[119.554698,26.71483],[119.583751,26.703925],[119.608246,26.683539],[119.568126,26.664537],[119.541108,26.656317],[119.592377,26.590888],[119.618907,26.587836],[119.675059,26.618801],[119.730235,26.611274],[119.742198,26.608629],[119.748627,26.587958],[119.782237,26.564765],[119.774181,26.559516],[119.76588,26.534369],[119.795258,26.511623],[119.784923,26.502021],[119.812266,26.474799],[119.816742,26.444729],[119.795746,26.434272],[119.792491,26.416653],[119.761974,26.407457],[119.718761,26.45185],[119.664561,26.492133],[119.640961,26.482164],[119.620372,26.467963],[119.5796,26.470893],[119.57309,26.437812],[119.626557,26.444322],[119.648448,26.437445],[119.665294,26.340155],[119.683849,26.321682],[119.735688,26.322211],[119.754405,26.372056],[119.784679,26.386379],[119.797699,26.411322],[119.846283,26.402411],[119.855805,26.377631],[119.908458,26.3605],[119.949962,26.364936],[119.854747,26.327541],[119.784923,26.296617],[119.792735,26.284084],[119.764415,26.296617],[119.71933,26.282945],[119.654307,26.272406],[119.668224,26.242011],[119.652436,26.217597],[119.620372,26.190497],[119.591807,26.166409],[119.537364,26.096829],[119.473155,25.997138],[119.431733,25.985297],[119.404877,26.013861],[119.343354,26.04206],[119.261241,26.060533],[119.200938,26.104682],[119.120209,26.135932],[119.093516,26.139594],[119.157319,26.090766],[119.200694,26.075914],[119.237315,26.006252],[119.254975,25.963284],[119.34669,25.940375],[119.440929,25.963813],[119.500011,26.010199],[119.519054,26.044501],[119.619395,26.023505],[119.695404,26.002631],[119.698985,25.972561],[119.654307,25.906928],[119.616466,25.892646],[119.574229,25.884914],[119.579112,25.841254],[119.607921,25.805162],[119.609874,25.767157],[119.61671,25.752265],[119.593028,25.693183],[119.584321,25.682603],[119.567638,25.681952],[119.522797,25.705797],[119.487071,25.687323],[119.463634,25.685289],[119.459727,25.63288],[119.47934,25.601549],[119.517345,25.556789],[119.534434,25.575873],[119.568126,25.569037],[119.56837,25.547431],[119.587413,25.521918],[119.566417,25.515815],[119.599864,25.508368],[119.572602,25.494696],[119.603608,25.491156],[119.61142,25.474107],[119.623546,25.450344],[119.625336,25.438056],[119.646007,25.392564],[119.637787,25.363593],[119.602875,25.346137],[119.587901,25.360785],[119.588715,25.401313],[119.589854,25.43183],[119.576264,25.462836],[119.561534,25.463284],[119.548188,25.456977],[119.535899,25.449937],[119.542003,25.412787],[119.552094,25.388861],[119.503266,25.373928],[119.497813,25.3994],[119.502045,25.433987],[119.490733,25.446926],[119.505463,25.472317],[119.466156,25.47484],[119.447032,25.438788],[119.445567,25.490139],[119.365977,25.520697],[119.356049,25.550727],[119.364757,25.58218],[119.356293,25.600043],[119.305186,25.60456],[119.277843,25.570461],[119.260753,25.512112],[119.215099,25.470282],[119.161388,25.44892],[119.10255,25.420315],[119.165294,25.349555],[119.183116,25.329413],[119.20338,25.35814],[119.191742,25.299547],[119.196788,25.263332],[119.225841,25.27969],[119.243012,25.330227],[119.273692,25.31859],[119.293305,25.321967],[119.296967,25.307196],[119.335785,25.272284],[119.344249,25.242377],[119.272472,25.231757],[119.255626,25.175897],[119.212657,25.186225],[119.164679,25.191574],[119.116096,25.213782],[119.114251,25.173056],[119.129242,25.148668],[119.153087,25.139716],[119.11671,25.126614],[119.08546,25.124742],[119.095714,25.114732],[119.064789,25.124742],[119.064708,25.162543],[119.044444,25.124742],[119.058604,25.186225],[119.057384,25.225002],[118.96933,25.226386],[119.024946,25.259289],[118.918468,25.26439],[118.87558,25.243842],[118.911143,25.217231],[118.915294,25.179389],[118.948253,25.19717],[118.972179,25.172065],[118.949067,25.118964],[118.935151,25.104315],[118.88559,25.106147],[118.848969,25.086615],[118.87794,25.040717],[118.928315,25.014879],[118.967052,25.004543],[118.997325,25.053534],[118.999522,25.024075],[118.983246,24.995103],[119.013194,24.958197],[118.992686,24.936957],[118.963715,24.954413],[118.901134,24.937812],[118.969981,24.898871],[118.972504,24.890123],[118.974946,24.883857],[118.951996,24.870754],[118.877208,24.888617],[118.825938,24.877753],[118.792084,24.891099],[118.761974,24.857978],[118.706065,24.846625],[118.701752,24.871527],[118.729747,24.885199],[118.70753,24.93122],[118.695567,24.898871],[118.684337,24.915473],[118.677257,24.937405],[118.644054,24.92414],[118.66212,24.898383],[118.651215,24.866889],[118.572032,24.885199],[118.620616,24.829291],[118.632579,24.777248],[118.643809,24.782213],[118.667735,24.782172],[118.701752,24.810045],[118.716319,24.789944],[118.72877,24.769477],[118.76295,24.762681],[118.746837,24.720689],[118.698741,24.676011],[118.666515,24.68301],[118.635997,24.663764],[118.640229,24.616929],[118.661469,24.590318],[118.590831,24.528062],[118.557221,24.517239],[118.550873,24.537014],[118.561534,24.55622],[118.501231,24.60814],[118.445323,24.628974],[118.434662,24.659003],[118.422618,24.692857],[118.421886,24.624498],[118.351654,24.582343],[118.30714,24.588324],[118.27296,24.574408],[118.241791,24.543769],[118.181163,24.576117],[118.205089,24.5987],[118.203705,24.621527],[118.183849,24.642768],[118.160492,24.693427],[118.145274,24.658637],[118.130951,24.620063],[118.110362,24.584052],[118.044444,24.617662],[118.037364,24.560614],[118.009288,24.580715],[117.97877,24.542548],[118.058116,24.515855],[118.02711,24.487942],[118.006928,24.480455],[118.020274,24.454657],[117.911876,24.478949],[117.846283,24.475084],[117.901134,24.453192],[117.79127,24.460639],[117.98935,24.394761],[118.042979,24.406684],[118.040782,24.365627],[118.023936,24.350775],[118.037364,24.331285],[118.071788,24.348863],[118.102306,24.314276],[118.120616,24.279527],[118.108735,24.261054],[118.059337,24.24551],[118.016205,24.203111],[117.98642,24.187161],[117.967865,24.159817],[117.943614,24.212592],[117.907319,24.186265],[117.930512,24.141099],[117.893647,24.07331],[117.899425,24.040188],[117.839122,24.023627],[117.765473,23.947333],[117.748057,23.907538],[117.737885,23.950507],[117.786469,24.028144],[117.769786,24.031317],[117.770274,24.051459],[117.750011,24.037299],[117.667084,24.06273],[117.692231,24.035224],[117.687266,23.979071],[117.648633,23.909234],[117.626008,23.812233],[117.612559,23.762681],[117.587462,23.77778],[117.598155,23.852444],[117.571056,23.903266],[117.47462,23.920966],[117.416596,23.946845],[117.427094,23.910386],[117.499596,23.874072],[117.434331,23.775922],[117.360932,23.785956],[117.319102,23.761623],[117.277354,23.782213],[117.271921,23.721306],[117.263649,23.655425],[117.238964,23.605473],[117.24409,23.657548],[117.22519,23.684719],[117.22041,23.640201],[117.174622,23.616348],[117.149987,23.650856],[117.093814,23.678477],[117.0533,23.711318],[116.998523,23.870171],[116.978369,23.904794],[116.95527,23.994737],[116.943746,24.008457],[116.924832,24.0776],[116.933204,24.126822],[116.957544,24.16483],[116.963331,24.206921],[116.888349,24.385695],[116.849281,24.419776],[116.831866,24.443289],[116.829386,24.466311],[116.82396,24.480883],[116.749339,24.533438],[116.756781,24.596949],[116.773524,24.640408],[116.774299,24.657823],[116.760191,24.669735],[116.648777,24.666815],[116.574776,24.643535],[116.529559,24.615371],[116.509716,24.618162],[116.500104,24.630538],[116.473439,24.694204],[116.426568,24.74756],[116.384969,24.811587],[116.380938,24.833678],[116.359234,24.840835],[116.328228,24.832438],[116.274691,24.807375],[116.257741,24.817219],[116.256346,24.839828],[116.165137,24.851274],[116.114701,24.846055],[116.069019,24.862617],[116.043129,24.886543],[116.030107,24.896052],[116.000289,24.892641],[115.976105,24.899617],[115.887531,24.916774],[115.853683,24.966952],[115.874612,24.970647],[115.888462,24.999947],[115.875697,25.028989],[115.86531,25.09653],[115.842831,25.194742],[115.901019,25.230631],[115.941172,25.286571],[115.966803,25.314889],[115.97874,25.35083],[115.97874,25.403256],[116.00277,25.502604],[116.023285,25.54025],[116.044524,25.574589],[116.031192,25.602443],[116.025921,25.628875],[116.033362,25.646419],[116.057754,25.692696],[116.078062,25.705434],[116.094185,25.718611],[116.115114,25.758196],[116.134545,25.767575],[116.159659,25.775533],[116.156714,25.788943],[116.13439,25.816564],[116.133408,25.861057],[116.180175,25.90723],[116.210561,25.920408],[116.273451,25.928185],[116.323215,25.955109],[116.362955,26.020815],[116.419282,26.152874],[116.409825,26.17233],[116.405949,26.207729],[116.399852,26.244445],[116.398973,26.287543],[116.46083,26.355756],[116.505271,26.409474],[116.521705,26.412471],[116.538138,26.399655],[116.550643,26.383687],[116.567025,26.377512],[116.585628,26.386012],[116.600149,26.410068],[116.61989,26.498228],[116.614309,26.503085],[116.582683,26.508977],[116.542323,26.562798],[116.535192,26.630675],[116.522015,26.652637],[116.506822,26.680904],[116.505271,26.708577],[116.514728,26.73227],[116.545269,26.867869],[116.592295,26.91797],[116.618856,26.951275],[116.647382,26.96652],[116.679679,26.989231],[116.702004,26.979387],[116.76138,27.006388],[116.828921,27.009928],[116.86711,27.022408],[116.891294,27.026128],[116.923437,27.021012],[116.98519,27.070002],[117.065547,27.170487],[117.109162,27.215652],[117.156188,27.282211],[117.149366,27.306241],[117.134329,27.322312],[117.130298,27.343628],[117.116294,27.339468],[117.103581,27.342182],[117.09893,27.382799],[117.122805,27.423107],[117.123115,27.447162],[117.104201,27.491681],[117.105752,27.554081],[117.188951,27.674978],[117.282382,27.768719],[117.292304,27.797503],[117.298505,27.86569],[117.32827,27.859566],[117.419841,27.919226],[117.459425,27.934135],[117.500508,27.96434],[117.521799,27.974443],[117.544433,27.966665],[117.553114,27.941137],[117.564122,27.923851],[117.584637,27.901476],[117.595644,27.878221],[117.623446,27.853752],[117.701788,27.833004],[117.727936,27.817631],[117.745557,27.81329],[117.774393,27.833573],[117.786847,27.853752],[117.787157,27.890443],[117.797802,27.917573],[117.817388,27.935091],[117.873095,27.94491],[117.924151,27.96651],[117.959343,27.974158],[118.011639,27.982427],[118.0613,27.979016],[118.085537,27.998059],[118.090188,28.005345],[118.113545,28.018471],[118.140624,28.044413],[118.169614,28.041157],[118.195246,28.04449],[118.358285,28.090043],[118.370119,28.11322],[118.380661,28.178487],[118.35198,28.203705],[118.34888,28.219802],[118.408101,28.269877],[118.516001,28.26228],[118.53538,28.284785],[118.608916,28.296464],[118.623178,28.284398],[118.689738,28.295612],[118.709788,28.310081],[118.753093,28.283649],[118.796088,28.23993],[118.800222,28.217244],[118.774022,28.198977],[118.764565,28.183448],[118.773247,28.167816],[118.785959,28.136267],[118.756659,28.10521],[118.746272,28.010745],[118.752576,27.963927],[118.787509,27.93181],[118.819807,27.90995],[118.834535,27.845226],[118.869313,27.752777],[118.891017,27.714278],[118.882026,27.689886],[118.885281,27.667743],[118.922695,27.549998],[118.916287,27.533358],[118.902024,27.525762],[118.885436,27.520362],[118.885074,27.501242],[118.919078,27.476824],[118.956646,27.472148],[119.005274,27.480054],[119.075347,27.461735],[119.091677,27.461347],[119.10811,27.465972],[119.125008,27.444087],[119.157616,27.42582],[119.242934,27.417552],[119.273061,27.435199],[119.288564,27.453363],[119.335745,27.47114],[119.35626,27.497831],[119.390367,27.51261],[119.40711,27.507675],[119.449329,27.513851],[119.472739,27.535245],[119.480387,27.570746],[119.501006,27.604336],[119.511703,27.636711],[119.551442,27.674564],[119.590871,27.669991],[119.615831,27.665573],[119.623427,27.641776],[119.61242,27.621854],[119.611645,27.604879],[119.627045,27.593949],[119.65433,27.577568],[119.653865,27.550748],[119.677429,27.525529],[119.689056,27.499769],[119.686576,27.431995],[119.693397,27.41104],[119.738252,27.372386],[119.758613,27.347427],[119.760887,27.330735],[119.770085,27.315878],[119.818041,27.315568],[119.834784,27.324767],[119.858038,27.319573],[119.890181,27.324095],[119.936121,27.326472],[119.946818,27.338435],[119.983922,27.359984],[120.0233,27.342853],[120.050171,27.340218],[120.073581,27.349132],[120.147736,27.400214],[120.248919,27.410162],[120.289227,27.382567],[120.330878,27.380551],[120.351342,27.37497],[120.399452,27.311331],[120.416506,27.20865],[120.4192,27.206366]]],[[[118.09254,24.55622],[118.163097,24.531968],[118.189301,24.503079],[118.171641,24.478461],[118.153819,24.437079],[118.092052,24.438463],[118.069998,24.460273],[118.093435,24.474677],[118.082286,24.482327],[118.075206,24.512152],[118.09254,24.55622]]],[[[119.846528,25.536322],[119.804698,25.53262],[119.839692,25.479153],[119.794607,25.463039],[119.757335,25.421332],[119.739919,25.407782],[119.693044,25.437649],[119.708995,25.465644],[119.71225,25.480211],[119.69988,25.482327],[119.668468,25.48786],[119.696056,25.509345],[119.778331,25.52204],[119.716156,25.536322],[119.727061,25.590888],[119.702647,25.577297],[119.713634,25.630601],[119.750499,25.652981],[119.777029,25.652086],[119.792003,25.60456],[119.822927,25.601386],[119.830089,25.572008],[119.862478,25.546291],[119.846528,25.536322]]],[[[119.551036,25.209459],[119.563243,25.198798],[119.548676,25.172431],[119.517345,25.171454],[119.512706,25.198798],[119.488943,25.196275],[119.444672,25.229071],[119.458181,25.241116],[119.481456,25.245022],[119.49643,25.23135],[119.522797,25.208441],[119.551036,25.209459]]],[[[119.346528,25.566718],[119.345958,25.561103],[119.352061,25.552232],[119.349132,25.544013],[119.343598,25.515367],[119.334727,25.489691],[119.330577,25.467353],[119.334809,25.449897],[119.334972,25.437974],[119.32602,25.433987],[119.313731,25.429918],[119.302582,25.422919],[119.296886,25.422919],[119.288341,25.443671],[119.285655,25.454739],[119.281586,25.463813],[119.281505,25.482896],[119.303722,25.537746],[119.305024,25.543362],[119.307465,25.54682],[119.310313,25.548651],[119.318207,25.557074],[119.3213,25.561225],[119.331716,25.571275],[119.343272,25.57331],[119.346528,25.566718]]],[[[119.626964,26.107896],[119.638927,26.088568],[119.644054,26.078437],[119.638845,26.070502],[119.620372,26.064195],[119.565278,26.080471],[119.553966,26.095649],[119.57488,26.119534],[119.599376,26.128119],[119.613129,26.121161],[119.626964,26.107896]]],[[[120.326834,26.939683],[120.318533,26.948594],[120.320242,26.958197],[120.322195,26.962104],[120.326182,26.961778],[120.337087,26.970038],[120.3449,26.971951],[120.350922,26.971177],[120.355317,26.968858],[120.357514,26.966051],[120.363048,26.963039],[120.368907,26.955675],[120.373871,26.94359],[120.377696,26.939846],[120.384207,26.937974],[120.385671,26.935167],[120.35255,26.923774],[120.326834,26.939683]]]]}},{"type":"Feature","properties":{"name_zh":"浙江省","name_en":"Zhejiang","center_lng":120.26516749999999,"center_lat":29.180017499999998,"name_short":"浙江"},"geometry":{"type":"MultiPolygon","coordinates":[[[[121.255531,28.140001],[121.279145,28.085435],[121.247244,28.087795],[121.233653,28.082424],[121.231456,28.065009],[121.202442,28.054754],[121.151573,28.041232],[121.152351,28.078074],[121.130626,28.103461],[121.120372,28.135688],[121.165283,28.150534],[121.208976,28.200132],[121.256403,28.214798],[121.26184,28.168809],[121.255531,28.140001]]],[[[122.23878,30.313137],[122.223806,30.278876],[122.217052,30.262519],[122.202322,30.241929],[122.137706,30.254625],[122.083995,30.302436],[122.104177,30.314154],[122.152843,30.322699],[122.211436,30.346625],[122.22047,30.320705],[122.23878,30.313137]]],[[[122.398936,30.456488],[122.410981,30.452135],[122.416515,30.441596],[122.423106,30.414944],[122.404063,30.418647],[122.36378,30.433417],[122.347992,30.435981],[122.306,30.423163],[122.285411,30.422065],[122.272797,30.435981],[122.277354,30.436713],[122.28712,30.442206],[122.278005,30.445746],[122.273774,30.451361],[122.272797,30.459296],[122.272797,30.469468],[122.276622,30.479804],[122.28004,30.482611],[122.28712,30.48314],[122.290782,30.471666],[122.29949,30.47134],[122.31129,30.472642],[122.337413,30.458482],[122.348806,30.460639],[122.369151,30.476996],[122.3685,30.463202],[122.374685,30.457343],[122.385427,30.456204],[122.398936,30.456488]]],[[[121.274807,30.69124],[121.202891,30.665107],[121.148529,30.627834],[121.13087,30.599758],[121.0474,30.582757],[120.977759,30.543318],[120.928803,30.45307],[120.939545,30.421942],[120.901703,30.403551],[120.909028,30.384426],[120.900727,30.373603],[120.831791,30.30525],[120.769619,30.306028],[120.727119,30.375846],[120.619193,30.406096],[120.416025,30.36771],[120.388832,30.290845],[120.342276,30.274246],[120.257904,30.298082],[120.147094,30.198891],[120.230243,30.236035],[120.295523,30.278726],[120.350338,30.240734],[120.39503,30.264716],[120.450494,30.36886],[120.621606,30.372563],[120.684941,30.271781],[120.734401,30.232213],[120.643813,30.145873],[120.653323,30.102545],[120.723399,30.079739],[120.771983,30.083197],[120.783702,30.089301],[120.687999,30.097805],[120.662852,30.141181],[120.813487,30.213253],[120.892812,30.169796],[120.960216,30.195787],[121.128779,30.301627],[121.254102,30.348393],[121.429592,30.292976],[121.587034,30.111512],[121.658306,30.018389],[121.732344,29.978603],[121.75011,29.972505],[121.81643,29.951481],[121.899253,29.923139],[121.949591,29.886934],[122.056244,29.887356],[122.105887,29.906953],[122.114755,29.871554],[121.983039,29.823176],[121.92441,29.773473],[121.873149,29.753828],[121.834598,29.687086],[121.704112,29.572008],[121.648204,29.556708],[121.609141,29.545722],[121.530822,29.510015],[121.516836,29.546091],[121.484386,29.544664],[121.458344,29.525214],[121.448253,29.514106],[121.44116,29.481526],[121.442593,29.415369],[121.479747,29.474758],[121.491791,29.455959],[121.497162,29.422187],[121.476654,29.407782],[121.497314,29.393353],[121.531325,29.417037],[121.553809,29.450117],[121.581256,29.478139],[121.675548,29.510484],[121.699799,29.534329],[121.725352,29.535468],[121.731293,29.518012],[121.763999,29.530761],[121.761289,29.486047],[121.790326,29.475795],[121.830577,29.528062],[121.836518,29.542385],[121.799815,29.5456],[121.758274,29.548099],[121.774322,29.575436],[121.834528,29.61557],[121.880138,29.623521],[121.927257,29.634467],[121.966319,29.602484],[121.963715,29.560207],[121.949799,29.538479],[121.912364,29.514309],[121.944102,29.497707],[121.970958,29.449123],[121.957774,29.423082],[121.93629,29.42772],[121.929102,29.408735],[121.921443,29.381303],[121.927013,29.338609],[121.931407,29.323879],[121.911632,29.315009],[121.905854,29.284613],[121.949555,29.267279],[121.975597,29.280951],[121.966563,29.255764],[121.957286,29.216376],[121.939952,29.204291],[121.893809,29.187079],[121.785347,29.168085],[121.794901,29.243705],[121.799653,29.305121],[121.828868,29.318549],[121.816987,29.33218],[121.788178,29.328559],[121.786632,29.374498],[121.758637,29.359768],[121.774314,29.253887],[121.73878,29.195868],[121.670597,29.175748],[121.639171,29.217271],[121.654552,29.299994],[121.628917,29.284613],[121.628917,29.188422],[121.588715,29.29149],[121.56308,29.304185],[121.574311,29.277777],[121.52589,29.277777],[121.530528,29.238227],[121.504893,29.202094],[121.490977,29.175971],[121.471202,29.191352],[121.431407,29.172187],[121.44337,29.147406],[121.43808,29.143866],[121.456391,29.133775],[121.415375,29.119696],[121.528656,29.115058],[121.624604,29.088284],[121.599213,29.050238],[121.556407,29.064887],[121.532074,29.020494],[121.552745,29.028713],[121.617442,29.039984],[121.689789,29.017076],[121.653819,28.988593],[121.668956,28.96898],[121.684174,28.963446],[121.692149,28.953355],[121.69752,28.936835],[121.62851,28.931952],[121.585297,28.9383],[121.546479,28.952216],[121.497813,28.949652],[121.50766,28.924994],[121.52589,28.9147],[121.566173,28.893378],[121.601654,28.893622],[121.62672,28.880845],[121.622651,28.861274],[121.628266,28.841254],[121.656505,28.838039],[121.653819,28.811957],[121.635753,28.798041],[121.651134,28.787909],[121.628917,28.770697],[121.618256,28.761949],[121.622406,28.741889],[121.502778,28.700385],[121.32016,28.72484],[121.294932,28.748114],[121.268891,28.758287],[121.234711,28.769965],[121.214447,28.807318],[121.190033,28.811672],[121.157725,28.831488],[121.142345,28.845852],[121.171886,28.806952],[121.218272,28.785793],[121.240815,28.752753],[121.298676,28.701239],[121.258393,28.675116],[121.381358,28.681952],[121.490001,28.665717],[121.53037,28.599479],[121.57316,28.525134],[121.534923,28.503404],[121.521251,28.490709],[121.607743,28.477203],[121.583777,28.442946],[121.615888,28.397214],[121.631532,28.355843],[121.647716,28.348456],[121.621349,28.285102],[121.578136,28.260321],[121.541491,28.321787],[121.473086,28.330603],[121.441254,28.311713],[121.429779,28.297105],[121.398936,28.298489],[121.411469,28.273912],[121.408051,28.246283],[121.374522,28.236274],[121.358897,28.202216],[121.374522,28.195258],[121.368175,28.162014],[121.345795,28.145168],[121.326182,28.151801],[121.287852,28.180894],[121.225165,28.238863],[121.203136,28.331855],[121.230479,28.34809],[121.264659,28.366034],[121.184093,28.382148],[121.168956,28.359768],[121.088471,28.293199],[121.059093,28.311428],[121.039561,28.285346],[121.121803,28.284362],[121.119467,28.218936],[121.085836,28.166504],[121.009378,28.103133],[120.993512,28.025779],[120.921397,27.981676],[120.855805,27.996731],[120.781098,28.002387],[120.731049,28.035834],[120.620942,28.039944],[120.584972,28.095526],[120.574474,28.100002],[120.582042,28.034329],[120.658946,28.023993],[120.738536,27.9831],[120.84726,27.948961],[120.862612,27.902874],[120.827004,27.849049],[120.76963,27.772849],[120.704255,27.712839],[120.635265,27.763332],[120.672455,27.711493],[120.669861,27.677213],[120.675629,27.659654],[120.618331,27.593725],[120.605785,27.549959],[120.633387,27.507312],[120.67685,27.494615],[120.665619,27.451728],[120.646495,27.444485],[120.639415,27.408271],[120.635265,27.379706],[120.545909,27.403266],[120.527354,27.349799],[120.517182,27.337226],[120.549327,27.321031],[120.545909,27.294013],[120.534679,27.279608],[120.521495,27.268297],[120.522716,27.253811],[120.512055,27.223619],[120.499034,27.197211],[120.46339,27.197903],[120.437022,27.219468],[120.4192,27.206366],[120.405809,27.296861],[120.358473,27.367245],[120.337389,27.380655],[120.29858,27.378407],[120.257911,27.406958],[120.212022,27.41365],[120.11394,27.383109],[120.057923,27.341716],[120.030121,27.340786],[119.990743,27.359958],[119.954415,27.345747],[119.940462,27.329779],[119.896382,27.324922],[119.86672,27.317971],[119.840882,27.325464],[119.826102,27.318979],[119.781247,27.31332],[119.761713,27.325077],[119.760267,27.342414],[119.745074,27.36293],[119.706626,27.398664],[119.686989,27.426207],[119.690917,27.483672],[119.68301,27.517881],[119.657585,27.544133],[119.65526,27.570333],[119.63955,27.590332],[119.614436,27.600615],[119.61087,27.615989],[119.620947,27.636556],[119.623117,27.6587],[119.604359,27.669061],[119.557798,27.675727],[119.530306,27.65839],[119.501161,27.615395],[119.496045,27.592605],[119.474599,27.541084],[119.459871,27.519897],[119.412381,27.501552],[119.396671,27.512326],[119.372693,27.506461],[119.341016,27.483362],[119.322567,27.461787],[119.278022,27.445173],[119.256731,27.4198],[119.185831,27.419929],[119.128574,27.438196],[119.116947,27.461115],[119.096173,27.464112],[119.081135,27.460004],[119.053178,27.471553],[118.990029,27.479692],[118.931842,27.473776],[118.898614,27.487728],[118.883111,27.510414],[118.895823,27.525452],[118.912256,27.529664],[118.92161,27.54359],[118.888537,27.663867],[118.880785,27.679344],[118.890552,27.707275],[118.883731,27.733191],[118.841046,27.815693],[118.826939,27.896954],[118.808593,27.921319],[118.755728,27.959818],[118.748132,27.973202],[118.753248,28.100895],[118.784254,28.129756],[118.778363,28.16009],[118.76565,28.178177],[118.769629,28.195359],[118.797018,28.212929],[118.800842,28.230809],[118.76286,28.269618],[118.724516,28.317678],[118.697696,28.299901],[118.629276,28.283933],[118.612481,28.292175],[118.592483,28.299203],[118.524373,28.276931],[118.446445,28.288687],[118.476262,28.33225],[118.464635,28.471415],[118.44536,28.487848],[118.439314,28.499217],[118.452956,28.509397],[118.454972,28.52738],[118.427531,28.56265],[118.416473,28.6243],[118.427686,28.688533],[118.41854,28.702899],[118.393683,28.726051],[118.322008,28.823228],[118.300614,28.840488],[118.289555,28.880486],[118.264596,28.917331],[118.227957,28.928364],[118.228267,28.947717],[118.224081,28.960093],[118.063936,29.050553],[118.032155,29.092101],[117.999237,29.134424],[118.046728,29.209949],[118.051999,29.275319],[118.125741,29.294259],[118.162638,29.330355],[118.182482,29.362885],[118.183309,29.381178],[118.283354,29.434999],[118.312241,29.456988],[118.306195,29.471741],[118.319941,29.491017],[118.338596,29.487916],[118.35136,29.477116],[118.373219,29.452828],[118.398799,29.465644],[118.42133,29.494298],[118.496726,29.561116],[118.605195,29.652454],[118.648086,29.658293],[118.731492,29.74405],[118.732887,29.762706],[118.724361,29.794926],[118.736143,29.82265],[118.827559,29.886729],[118.839031,29.918665],[118.850968,29.942255],[118.893963,29.982589],[118.893188,30.007083],[118.869778,30.102866],[118.870553,30.121598],[118.880165,30.147462],[118.867143,30.156532],[118.896288,30.202601],[118.897994,30.251048],[118.876393,30.298952],[118.881095,30.324351],[118.934684,30.352127],[118.954321,30.354788],[118.974785,30.350241],[119.034109,30.320914],[119.057519,30.311871],[119.172654,30.310321],[119.210688,30.313731],[119.229136,30.300425],[119.247326,30.304585],[119.280037,30.346313],[119.331094,30.372384],[119.397188,30.378973],[119.375174,30.39476],[119.3575,30.420805],[119.347992,30.457004],[119.331869,30.483101],[119.326288,30.514959],[119.311095,30.5193],[119.274301,30.513797],[119.24867,30.529351],[119.241849,30.545087],[119.245879,30.560951],[119.26531,30.572527],[119.26872,30.602861],[119.305927,30.618726],[119.320242,30.627175],[119.341894,30.668929],[119.360291,30.680453],[119.383545,30.685259],[119.397498,30.676242],[119.404319,30.656191],[119.412381,30.642781],[119.430881,30.637045],[119.447624,30.642962],[119.488138,30.718539],[119.492634,30.754195],[119.500541,30.769388],[119.537438,30.790421],[119.557282,30.824527],[119.578262,30.855197],[119.576505,30.879227],[119.65309,31.15908],[119.700219,31.166082],[119.754065,31.177839],[119.780007,31.165152],[119.817731,31.161199],[119.880259,31.169622],[119.931936,31.150037],[119.938964,31.098671],[120.025573,31.022241],[120.213417,30.920542],[120.361677,30.938758],[120.368085,30.912506],[120.376973,30.891216],[120.403483,30.88889],[120.423379,30.901241],[120.442292,30.897649],[120.476244,30.803314],[120.577891,30.845792],[120.619956,30.858427],[120.695817,30.880312],[120.709459,30.891086],[120.698452,30.939068],[120.68698,30.950256],[120.682174,30.968756],[120.698142,30.977593],[120.746046,30.982373],[120.833793,31.001726],[120.878131,30.993897],[120.909344,31.011725],[120.969185,31.009451],[120.984275,30.992372],[120.981019,30.966921],[120.993473,30.926355],[120.983551,30.907184],[120.979004,30.892301],[120.997039,30.866928],[120.984895,30.842097],[120.984895,30.826491],[121.037811,30.808456],[121.052591,30.815355],[121.064063,30.835379],[121.078946,30.84295],[121.104371,30.834346],[121.133723,30.795666],[121.162868,30.785305],[121.19036,30.787165],[121.210514,30.78254],[121.240641,30.762257],[121.274807,30.69124]]],[[[121.95753,29.119534],[121.958832,29.108059],[121.958344,29.101874],[121.935313,29.062893],[121.925141,29.063056],[121.912283,29.071357],[121.888682,29.072333],[121.900157,29.093736],[121.888438,29.110297],[121.871593,29.126614],[121.868175,29.147406],[121.881358,29.160305],[121.903331,29.166571],[121.926606,29.166734],[121.943207,29.161119],[121.951915,29.152289],[121.955414,29.1435],[121.95753,29.119534]]],[[[122.14324,29.733385],[122.162934,29.654527],[122.149425,29.66885],[122.132579,29.668891],[122.123057,29.686469],[122.108735,29.704006],[122.092784,29.725775],[122.053071,29.71601],[122.036469,29.717475],[122.03533,29.739976],[122.048595,29.75609],[122.084483,29.784898],[122.114757,29.78852],[122.120942,29.757799],[122.14031,29.734605],[122.14324,29.733385]]],[[[122.395193,29.883612],[122.382823,29.864732],[122.395518,29.842678],[122.377208,29.838935],[122.359223,29.869778],[122.367361,29.895901],[122.333507,29.9206],[122.322032,29.948432],[122.33546,29.96133],[122.359141,29.946275],[122.406749,29.952704],[122.407481,29.930609],[122.409679,29.9112],[122.395193,29.883612]]],[[[121.881847,30.076361],[121.885265,30.061184],[121.893077,30.05622],[121.90211,30.053534],[121.90919,30.044989],[121.910492,30.024115],[121.903331,30.001776],[121.889659,29.983954],[121.871593,29.976711],[121.860118,29.978095],[121.847423,29.982123],[121.836192,29.988674],[121.828868,29.997504],[121.827403,30.004218],[121.829112,30.009101],[121.832205,30.013658],[121.835134,30.019436],[121.835948,30.025702],[121.834483,30.03856],[121.834727,30.044989],[121.837413,30.055894],[121.847667,30.083157],[121.853038,30.087144],[121.864757,30.085924],[121.876475,30.08161],[121.881847,30.076361]]],[[[122.327485,30.024482],[122.313243,30.003485],[122.301036,29.975898],[122.277843,29.939927],[122.184744,29.994452],[122.077403,30.017646],[122.034679,30.002021],[122.019054,29.997219],[122.011729,30.00845],[122.01352,30.025824],[121.995453,30.036566],[121.973399,30.059963],[121.977306,30.077338],[121.978038,30.107082],[121.97462,30.148017],[122.117442,30.135932],[122.164806,30.12051],[122.182465,30.098578],[122.22934,30.09162],[122.249685,30.073432],[122.289561,30.067328],[122.30421,30.041978],[122.327485,30.024482]]],[[[121.074002,27.479484],[121.083143,27.473019],[121.094338,27.466535],[121.103479,27.46007],[121.103365,27.45188],[121.093124,27.452894],[121.074716,27.456722],[121.066487,27.454984],[121.069451,27.446762],[121.076517,27.438498],[121.067264,27.43677],[121.059159,27.444133],[121.050088,27.456056],[121.046109,27.465199],[121.053403,27.47332],[121.074002,27.479484]]],[[[121.181651,27.864651],[121.188487,27.863715],[121.189708,27.855292],[121.189301,27.848293],[121.187511,27.845933],[121.185395,27.843817],[121.180349,27.842271],[121.175059,27.843695],[121.173025,27.84101],[121.174815,27.825873],[121.171235,27.818793],[121.160004,27.818508],[121.147472,27.824368],[121.138438,27.824856],[121.130056,27.820502],[121.116384,27.817816],[121.097992,27.817816],[121.096039,27.827867],[121.114024,27.844143],[121.133067,27.847154],[121.149181,27.845771],[121.156749,27.848782],[121.152599,27.852769],[121.153656,27.856431],[121.158702,27.85814],[121.167979,27.859687],[121.181651,27.864651]]],[[[121.049327,27.950873],[121.044688,27.951972],[121.040212,27.957953],[121.045177,27.967475],[121.064789,27.981431],[121.07016,27.982896],[121.075694,27.981391],[121.080821,27.980658],[121.111339,27.983791],[121.127452,27.977484],[121.139659,27.965766],[121.139171,27.956977],[121.125824,27.951361],[121.103282,27.946194],[121.092947,27.94774],[121.083344,27.954739],[121.071788,27.957261],[121.049327,27.950873]]],[[[121.862153,29.129584],[121.864594,29.123847],[121.867361,29.11579],[121.861013,29.106838],[121.853526,29.097561],[121.842052,29.095038],[121.83725,29.099799],[121.826671,29.107978],[121.814464,29.115383],[121.802501,29.118638],[121.792735,29.118557],[121.785818,29.119696],[121.782725,29.124661],[121.783539,29.13288],[121.785981,29.143744],[121.789806,29.149848],[121.796235,29.1494],[121.843923,29.141913],[121.856781,29.134263],[121.862153,29.129584]]],[[[122.304698,29.81745],[122.312185,29.795152],[122.314708,29.783677],[122.30836,29.776272],[122.295584,29.77912],[122.272472,29.792141],[122.265391,29.798],[122.251313,29.806098],[122.237559,29.823798],[122.232677,29.827826],[122.2317,29.836249],[122.247732,29.846096],[122.271169,29.846829],[122.28419,29.842841],[122.312022,29.829047],[122.310395,29.824612],[122.304698,29.81745]]],[[[121.972179,29.94477],[121.986827,29.929877],[121.9935,29.91885],[121.992442,29.908271],[121.974132,29.899848],[121.946137,29.903957],[121.933604,29.921332],[121.940929,29.93769],[121.951915,29.948065],[121.959972,29.953192],[121.966482,29.951728],[121.970225,29.946845],[121.972179,29.94477]]],[[[122.345714,30.241929],[122.329112,30.239081],[122.315684,30.240302],[122.305349,30.240139],[122.29477,30.236721],[122.283376,30.235256],[122.277599,30.235541],[122.278331,30.240627],[122.287446,30.247789],[122.302501,30.252102],[122.312999,30.259955],[122.318614,30.268378],[122.323985,30.272162],[122.331879,30.273668],[122.342052,30.273627],[122.382579,30.277167],[122.399913,30.274604],[122.407725,30.265937],[122.410655,30.254706],[122.408539,30.243964],[122.395844,30.239447],[122.384532,30.250149],[122.383556,30.261542],[122.380626,30.263739],[122.375011,30.262152],[122.357188,30.247748],[122.345714,30.241929]]],[[[122.529307,30.720771],[122.526378,30.714179],[122.531098,30.704413],[122.52475,30.701809],[122.493175,30.703111],[122.487315,30.70185],[122.474376,30.702582],[122.466563,30.699123],[122.463064,30.696357],[122.460704,30.694037],[122.455251,30.693996],[122.44516,30.696763],[122.431977,30.697984],[122.427257,30.703925],[122.432628,30.71483],[122.434744,30.727118],[122.42921,30.738023],[122.429942,30.743069],[122.440766,30.741034],[122.458018,30.730658],[122.472911,30.717231],[122.484386,30.714667],[122.496349,30.716783],[122.501964,30.71898],[122.509613,30.721177],[122.524587,30.723578],[122.529307,30.720771]]]]}},{"type":"Feature","properties":{"name_zh":"上海市","name_en":"Shanghai","center_lng":121.423683,"center_lat":31.2661585,"name_short":"上海"},"geometry":{"type":"MultiPolygon","coordinates":[[[[121.837738,31.375149],[121.85377,31.372992],[121.867849,31.366197],[121.87794,31.354315],[121.881847,31.336615],[121.877452,31.319648],[121.866222,31.304185],[121.851085,31.293931],[121.834727,31.292548],[121.823416,31.302395],[121.813243,31.320787],[121.7942,31.368801],[121.804454,31.374701],[121.837738,31.375149]]],[[[121.340912,31.490953],[121.448009,31.4265],[121.669932,31.313056],[121.877025,31.099136],[121.960075,30.874257],[121.732835,30.846317],[121.492037,30.797734],[121.350597,30.713446],[121.265911,30.725644],[121.235215,30.767295],[121.204313,30.784762],[121.183384,30.786932],[121.153773,30.786545],[121.129795,30.80073],[121.094139,30.840779],[121.073055,30.841503],[121.060962,30.830522],[121.04887,30.811556],[121.031145,30.809386],[120.981019,30.832046],[120.995333,30.855507],[120.994093,30.872664],[120.979004,30.897184],[120.990166,30.915891],[120.992853,30.931782],[120.981484,30.972916],[120.980709,31.001235],[120.954664,31.012319],[120.896115,31.062135],[120.860768,31.125671],[120.870225,31.138151],[120.95823,31.135025],[121.062978,31.15368],[121.069799,31.170165],[121.058172,31.254501],[121.086697,31.27835],[121.105611,31.279176],[121.126281,31.276954],[121.132328,31.294266],[121.140544,31.317572],[121.139924,31.340542],[121.150983,31.400177],[121.186794,31.457512],[121.214751,31.46733],[121.248703,31.485365],[121.306115,31.486864],[121.340912,31.490953]]],[[[121.844075,31.607947],[121.986598,31.503897],[121.851374,31.439179],[121.730235,31.484768],[121.614689,31.521582],[121.517456,31.568392],[121.375523,31.634134],[121.302908,31.671454],[121.205578,31.756619],[121.181443,31.79598],[121.264065,31.841077],[121.386133,31.811736],[121.500966,31.750329],[121.605243,31.691824],[121.663223,31.652352],[121.844075,31.607947]]],[[[121.76238,31.373765],[121.774181,31.359198],[121.782237,31.341783],[121.78004,31.325181],[121.766368,31.320624],[121.751638,31.330512],[121.72047,31.357733],[121.598806,31.429145],[121.584483,31.441392],[121.591156,31.445868],[121.60255,31.444241],[121.618175,31.443793],[121.691254,31.419176],[121.725597,31.402737],[121.745942,31.388495],[121.76238,31.373765]]]]}},{"type":"Feature","properties":{"name_zh":"江苏省","name_en":"Jiangsu","center_lng":119.1538,"center_lat":32.938145,"name_short":"江苏"},"geometry":{"type":"MultiPolygon","coordinates":[[[[119.880707,32.12519],[119.901378,32.082465],[119.901866,32.073391],[119.89031,32.075385],[119.858735,32.101549],[119.843516,32.10814],[119.815196,32.11522],[119.804861,32.120307],[119.795177,32.120551],[119.792003,32.121772],[119.78712,32.129584],[119.788341,32.133612],[119.79127,32.136868],[119.792003,32.142279],[119.791026,32.165473],[119.798839,32.178697],[119.809906,32.189114],[119.819347,32.203762],[119.789317,32.211493],[119.749848,32.228013],[119.719493,32.249579],[119.716156,32.27265],[119.750824,32.293118],[119.78533,32.291693],[119.814301,32.27558],[119.832856,32.252143],[119.875011,32.155219],[119.880707,32.12519]]],[[[119.280284,35.076606],[119.221202,35.064032],[119.203949,35.02497],[119.192882,34.974026],[119.188698,34.856274],[119.189057,34.766547],[119.188731,34.733059],[119.209809,34.718573],[119.241791,34.761664],[119.324962,34.759996],[119.358002,34.774604],[119.401459,34.751125],[119.463227,34.732367],[119.456554,34.684556],[119.599864,34.568549],[119.640961,34.545722],[119.647716,34.53384],[119.705333,34.531155],[119.795258,34.481676],[119.90504,34.464911],[120.02296,34.419379],[120.239757,34.323676],[120.266694,34.266303],[120.309374,34.174071],[120.325224,34.111298],[120.35849,34.053453],[120.38502,33.970404],[120.412608,33.887519],[120.407074,33.859768],[120.44337,33.824693],[120.464122,33.77497],[120.504893,33.735582],[120.502696,33.661566],[120.483735,33.64997],[120.563243,33.548],[120.634369,33.466946],[120.661957,33.338039],[120.695079,33.293158],[120.737885,33.279283],[120.742686,33.252672],[120.730235,33.242133],[120.744395,33.224107],[120.730235,33.204901],[120.792247,33.10871],[120.819591,33.054104],[120.846446,33.029853],[120.895763,33.013577],[120.907807,32.843899],[120.852387,32.756008],[120.85019,32.696601],[120.846934,32.717678],[120.830333,32.697659],[120.911199,32.630121],[121.020706,32.568522],[121.086192,32.536038],[121.107677,32.497952],[121.1738,32.487625],[121.27171,32.447734],[121.401117,32.352132],[121.419281,32.250312],[121.377208,32.241645],[121.368012,32.227362],[121.431163,32.151353],[121.449474,32.112738],[121.467296,32.121772],[121.488048,32.10814],[121.554238,32.102498],[121.683116,32.042629],[121.764366,31.995287],[121.825206,31.92772],[121.874687,31.825903],[121.930383,31.726714],[121.817306,31.690949],[121.675554,31.723573],[121.574311,31.76553],[121.517426,31.783433],[121.494884,31.806464],[121.317397,31.883248],[121.185151,31.836737],[121.062413,31.813501],[120.977817,31.814365],[120.943126,31.867906],[120.941417,31.892524],[120.910899,31.91767],[120.810802,32.02261],[120.565488,32.076713],[120.427821,32.05293],[120.2671,31.948676],[120.131358,31.943183],[120.02003,31.99079],[119.912201,32.123725],[119.921153,32.196479],[119.887543,32.213853],[119.842133,32.299058],[119.781993,32.321234],[119.692393,32.31977],[119.64088,32.358832],[119.660737,32.327216],[119.678477,32.286282],[119.649018,32.21955],[119.606049,32.196926],[119.65976,32.207913],[119.701427,32.233466],[119.755138,32.205878],[119.763764,32.162502],[119.784923,32.114325],[119.907163,32.045385],[119.97868,31.968957],[120.130951,31.912299],[120.341171,31.956321],[120.455781,31.982519],[120.469493,32.025133],[120.670014,31.998847],[120.779818,31.915883],[120.807752,31.809741],[120.727631,31.850653],[120.731456,31.81387],[120.895363,31.76332],[121.013764,31.743034],[121.211681,31.627631],[121.340912,31.490953],[121.291543,31.485055],[121.238781,31.482213],[121.20917,31.464721],[121.180438,31.451233],[121.139924,31.387904],[121.141474,31.329251],[121.137547,31.307521],[121.130312,31.283362],[121.119253,31.275637],[121.09941,31.279926],[121.061272,31.266619],[121.058637,31.248403],[121.068094,31.164196],[121.052074,31.14859],[120.882989,31.140038],[120.865212,31.135723],[120.866349,31.10743],[120.909344,31.011725],[120.878131,30.993897],[120.833793,31.001726],[120.746046,30.982373],[120.698142,30.977593],[120.682174,30.968756],[120.68698,30.950256],[120.698452,30.939068],[120.709459,30.891086],[120.695817,30.880312],[120.619956,30.858427],[120.577891,30.845792],[120.476244,30.803314],[120.442292,30.897649],[120.423379,30.901241],[120.403483,30.88889],[120.376973,30.891216],[120.368085,30.912506],[120.361677,30.938758],[120.213417,30.920542],[120.025573,31.022241],[119.938964,31.098671],[119.931936,31.150037],[119.880259,31.169622],[119.817731,31.161199],[119.780007,31.165152],[119.754065,31.177839],[119.700219,31.166082],[119.65309,31.15908],[119.574955,31.133113],[119.526896,31.155308],[119.466693,31.161096],[119.369903,31.188355],[119.358534,31.201972],[119.359671,31.254036],[119.3575,31.269487],[119.348922,31.285817],[119.336055,31.284421],[119.321637,31.269487],[119.304687,31.264939],[119.26438,31.263079],[119.175909,31.288556],[119.074727,31.238843],[118.799292,31.230885],[118.787664,31.254888],[118.76348,31.274913],[118.736608,31.32075],[118.738934,31.34124],[118.751026,31.357957],[118.81004,31.379661],[118.88094,31.522443],[118.879855,31.552235],[118.869158,31.576109],[118.867453,31.613523],[118.860477,31.627372],[118.844147,31.632902],[118.821978,31.625563],[118.804253,31.625021],[118.796088,31.637966],[118.783944,31.672021],[118.765495,31.671555],[118.754023,31.659928],[118.741001,31.641764],[118.722811,31.638121],[118.673925,31.649774],[118.660385,31.668532],[118.668499,31.682769],[118.684363,31.700856],[118.675268,31.712612],[118.555999,31.739768],[118.539721,31.754496],[118.518585,31.764082],[118.476882,31.79023],[118.481068,31.858702],[118.460398,31.890664],[118.443344,31.895754],[118.42257,31.895986],[118.380816,31.921618],[118.350223,31.952391],[118.366553,31.964018],[118.370274,31.980503],[118.393993,31.995257],[118.401435,32.007194],[118.385312,32.02404],[118.381126,32.042437],[118.411512,32.088662],[118.499052,32.137677],[118.500912,32.151862],[118.503082,32.192867],[118.542253,32.201239],[118.65036,32.237878],[118.669584,32.267178],[118.653151,32.280846],[118.655941,32.300018],[118.678265,32.327355],[118.682916,32.351023],[118.669119,32.392235],[118.667878,32.453213],[118.661367,32.468225],[118.61181,32.477682],[118.59734,32.486855],[118.592793,32.500084],[118.591862,32.526723],[118.580804,32.538195],[118.552433,32.56163],[118.558893,32.587469],[118.580184,32.593489],[118.602559,32.58367],[118.620698,32.582689],[118.655631,32.592585],[118.673925,32.587624],[118.701727,32.600284],[118.724361,32.600129],[118.751853,32.612506],[118.776657,32.599147],[118.80756,32.604083],[118.822443,32.599535],[118.833605,32.588631],[118.891327,32.595685],[118.905125,32.589639],[118.902334,32.573438],[118.910086,32.560855],[118.935407,32.560597],[118.948275,32.550959],[118.972511,32.517059],[118.989874,32.511659],[119.015454,32.511659],[119.033283,32.500316],[119.03907,32.489955],[119.059534,32.471998],[119.0662,32.445358],[119.130899,32.490653],[119.139426,32.50135],[119.143147,32.530134],[119.162887,32.569072],[119.202161,32.623823],[119.190379,32.711234],[119.172034,32.74149],[119.15436,32.771307],[119.15467,32.805104],[119.148004,32.828539],[119.095088,32.841019],[119.050232,32.880138],[119.03566,32.897243],[119.008943,32.909542],[119.006462,32.934838],[119.002122,32.953751],[118.992975,32.962045],[118.96507,32.967342],[118.906469,32.957007],[118.874119,32.969512],[118.845852,32.968918],[118.832985,32.942822],[118.819032,32.93091],[118.80973,32.920704],[118.802082,32.876185],[118.793245,32.861741],[118.762395,32.854145],[118.752163,32.847143],[118.746272,32.807507],[118.738003,32.786397],[118.744721,32.761722],[118.742861,32.75149],[118.720175,32.732137],[118.610776,32.745598],[118.586746,32.731284],[118.430787,32.740327],[118.399109,32.730897],[118.367328,32.735728],[118.362832,32.749939],[118.292553,32.785286],[118.28909,32.808049],[118.28971,32.833112],[118.279013,32.84815],[118.250643,32.870113],[118.239326,32.893936],[118.239016,32.923701],[118.254054,32.939204],[118.294826,32.974628],[118.248421,33.013412],[118.216485,33.117152],[118.220671,33.164358],[118.214779,33.186683],[118.185582,33.210247],[118.166462,33.21234],[118.157212,33.196605],[118.156437,33.18136],[118.127085,33.173479],[118.08533,33.155083],[117.996447,33.167821],[117.98637,33.185546],[117.982907,33.198491],[117.941825,33.224613],[117.931438,33.240633],[117.938052,33.257479],[117.978773,33.29435],[118.039596,33.454728],[118.069414,33.48837],[118.097319,33.475993],[118.115457,33.484442],[118.112202,33.500307],[118.124191,33.618517],[118.143724,33.639136],[118.1738,33.683448],[118.176281,33.704791],[118.163258,33.736752],[118.123674,33.766001],[118.090963,33.765898],[117.962133,33.750085],[117.925547,33.733962],[117.878831,33.727993],[117.839867,33.733859],[117.736204,33.725125],[117.727367,33.737062],[117.743232,33.751144],[117.746798,33.763624],[117.744937,33.843103],[117.745557,33.882273],[117.722717,33.879896],[117.696051,33.880206],[117.685044,33.892143],[117.678326,33.919067],[117.665149,33.935526],[117.648251,33.987125],[117.634453,34.001387],[117.616728,34.004178],[117.616108,33.998959],[117.608357,33.989864],[117.582622,33.986556],[117.566809,33.996737],[117.547533,34.026709],[117.518233,34.04725],[117.488261,34.04831],[117.440615,34.026244],[117.406922,34.025004],[117.379172,34.04756],[117.331681,34.077403],[117.229258,34.074148],[117.136964,34.107376],[117.018418,34.170654],[117.014078,34.186441],[117.019504,34.237575],[116.978989,34.265428],[116.967517,34.280492],[116.970463,34.31726],[116.98023,34.345449],[116.964365,34.374388],[116.935684,34.397797],[116.906177,34.400898],[116.829386,34.389632],[116.802256,34.400071],[116.776159,34.447975],[116.624851,34.485001],[116.59245,34.498308],[116.578962,34.519676],[116.505995,34.570087],[116.498554,34.583936],[116.443776,34.62569],[116.412771,34.642847],[116.384349,34.651813],[116.385589,34.691449],[116.384349,34.712791],[116.40781,34.734108],[116.420212,34.834256],[116.49938,34.910634],[116.547233,34.914407],[116.646762,34.938385],[116.790939,34.937558],[116.808922,34.954766],[116.827629,34.958306],[116.959301,34.862937],[116.969688,34.847279],[116.983175,34.789014],[117.016248,34.755553],[117.140375,34.56435],[117.144251,34.546522],[117.14177,34.532414],[117.156188,34.475364],[117.193912,34.44596],[117.216546,34.44751],[117.235459,34.461256],[117.237526,34.517506],[117.244348,34.534326],[117.277989,34.566263],[117.3261,34.584556],[117.346254,34.585822],[117.469037,34.475338],[117.57425,34.464202],[117.590683,34.471591],[117.671195,34.532828],[117.759769,34.522079],[117.773618,34.530347],[117.787467,34.602307],[117.790051,34.651167],[117.890768,34.669977],[117.92813,34.677832],[118.050448,34.651477],[118.076958,34.640754],[118.089412,34.583522],[118.10197,34.564092],[118.138453,34.55231],[118.152871,34.54151],[118.141399,34.506473],[118.132356,34.484304],[118.163672,34.452626],[118.170234,34.437123],[118.165273,34.405239],[118.197726,34.399709],[118.338906,34.418261],[118.391048,34.443738],[118.41947,34.503992],[118.429857,34.603392],[118.453421,34.634191],[118.452336,34.656309],[118.456677,34.672354],[118.469699,34.685067],[118.557859,34.708683],[118.652686,34.686875],[118.680746,34.683852],[118.713509,34.696952],[118.759449,34.748629],[118.760224,34.757439],[118.772782,34.791572],[118.774332,34.822164],[118.798258,34.875753],[118.842286,34.93456],[118.855929,35.020447],[118.86182,35.032746],[118.894273,35.045355],[119.102064,35.060134],[119.228671,35.112586],[119.253011,35.109123],[119.277402,35.093362],[119.280284,35.076606]]]]}},{"type":"Feature","properties":{"name_zh":"山东省","name_en":"Shandong","center_lng":118.761471,"center_lat":36.39634100000001,"name_short":"山东"},"geometry":{"type":"MultiPolygon","coordinates":[[[[117.837159,38.270908],[117.963346,38.210694],[118.007197,38.19701],[118.057785,38.161079],[118.081798,38.140692],[118.107677,38.148586],[118.215831,38.144965],[118.448928,38.107787],[118.512299,38.08808],[118.550629,38.070014],[118.573009,38.079901],[118.615777,38.12512],[118.805431,38.151801],[118.898245,38.123299],[118.941987,38.049384],[118.996593,37.963121],[119.116942,37.853271],[119.243083,37.769482],[119.217736,37.675248],[119.069472,37.740631],[119.025401,37.689923],[118.976654,37.610907],[118.957856,37.531399],[118.961192,37.29564],[119.01474,37.269843],[119.058604,37.227607],[119.28712,37.137274],[119.524506,37.139065],[119.660737,37.1376],[119.778901,37.16706],[119.897309,37.249416],[119.846283,37.343695],[119.928966,37.384589],[120.009044,37.422349],[120.297618,37.597886],[120.293793,37.670315],[120.235362,37.67475],[120.219981,37.686265],[120.385997,37.704535],[120.443126,37.738186],[120.564545,37.76435],[120.674327,37.801988],[120.784923,37.829657],[120.846446,37.818101],[120.899425,37.827053],[120.928803,37.788723],[120.975352,37.75137],[121.011485,37.735907],[121.032563,37.710395],[121.066661,37.713568],[121.148529,37.689399],[121.130138,37.651801],[121.134369,37.610541],[121.171641,37.577094],[121.344737,37.590806],[121.354015,37.637885],[121.414073,37.609687],[121.38144,37.582994],[121.424571,37.536322],[121.470714,37.476467],[121.522227,37.459703],[121.570323,37.428656],[121.676117,37.439195],[121.587413,37.453559],[121.613048,37.477281],[121.644786,37.478461],[121.732432,37.461737],[121.957286,37.453559],[121.944591,37.432522],[121.988048,37.425605],[121.981212,37.48017],[122.025645,37.528022],[122.071788,37.544501],[122.082042,37.552924],[122.121837,37.56273],[122.152599,37.514553],[122.141449,37.45661],[122.197765,37.432359],[122.245372,37.459703],[122.296479,37.418158],[122.466075,37.422675],[122.482188,37.422675],[122.570567,37.401557],[122.612397,37.418606],[122.688243,37.409817],[122.656098,37.384589],[122.577403,37.34984],[122.594737,37.295233],[122.549083,37.310858],[122.589854,37.243354],[122.602875,37.209906],[122.628917,37.192816],[122.563243,37.173163],[122.574311,37.144436],[122.482677,37.13996],[122.465831,37.145168],[122.447602,37.147447],[122.43629,37.099189],[122.44752,37.082261],[122.448497,37.057196],[122.40919,37.006293],[122.436371,37.027737],[122.54005,37.027737],[122.526459,36.914252],[122.498546,36.904202],[122.512706,36.934638],[122.477306,36.925971],[122.430512,36.920111],[122.405772,36.922187],[122.407481,36.900458],[122.429454,36.888129],[122.431,36.864651],[122.397227,36.85692],[122.38559,36.863227],[122.377208,36.852484],[122.361095,36.833441],[122.200287,36.84276],[122.184825,36.884955],[122.25294,36.905951],[122.16269,36.945787],[122.166108,37.014106],[122.149181,36.962144],[122.110118,36.95189],[122.080903,36.916571],[122.033051,36.898017],[122.037608,36.96369],[122.049164,36.979926],[122.004161,36.986029],[121.914887,36.985826],[121.915131,36.920233],[121.75587,36.872301],[121.744884,36.847235],[121.708507,36.832831],[121.649425,36.822252],[121.684174,36.84276],[121.624522,36.814765],[121.634288,36.746568],[121.603526,36.749661],[121.583018,36.762844],[121.550385,36.76435],[121.50351,36.760443],[121.522227,36.794989],[121.555186,36.803412],[121.595225,36.826321],[121.588145,36.846177],[121.538097,36.828843],[121.511567,36.80858],[121.492279,36.82392],[121.452973,36.816392],[121.470714,36.789618],[121.444835,36.753485],[121.390147,36.746812],[121.401703,36.712388],[121.333507,36.712388],[121.128022,36.650946],[121.062755,36.610053],[121.030772,36.617092],[121.023529,36.58393],[120.998383,36.589504],[120.936534,36.611965],[120.905528,36.624254],[120.850597,36.650946],[120.75058,36.616848],[120.750011,36.59984],[120.742279,36.555854],[120.793793,36.550971],[120.850352,36.60456],[120.905284,36.557074],[120.922618,36.537665],[120.950206,36.540025],[120.961436,36.53144],[120.93629,36.497016],[120.934337,36.456773],[120.894786,36.438666],[120.898285,36.411607],[120.874278,36.380601],[120.844005,36.422675],[120.806895,36.463935],[120.747813,36.455634],[120.7317,36.436225],[120.686534,36.387152],[120.722179,36.330552],[120.669037,36.334621],[120.643647,36.322496],[120.654552,36.288275],[120.675629,36.250637],[120.704845,36.156236],[120.623871,36.117662],[120.593598,36.109768],[120.545909,36.099758],[120.473643,36.08926],[120.421723,36.061957],[120.339366,36.049954],[120.292003,36.061957],[120.312266,36.091295],[120.334972,36.136135],[120.339203,36.222602],[120.306407,36.274237],[120.275157,36.204088],[120.264252,36.180854],[120.226085,36.194078],[120.216319,36.199123],[120.144542,36.208889],[120.11142,36.222724],[120.092865,36.223212],[120.090343,36.205959],[120.105235,36.174221],[120.089692,36.111721],[120.135753,36.083401],[120.171886,36.046129],[120.186046,35.984524],[120.229503,35.972805],[120.280772,35.998236],[120.295421,36.003323],[120.303477,35.980536],[120.244395,35.95307],[120.175304,35.890041],[120.189708,35.931545],[120.162852,35.933295],[120.135753,35.90412],[120.052257,35.862616],[120.00294,35.727769],[119.937755,35.761135],[119.900157,35.736274],[119.930756,35.69953],[119.900483,35.660549],[119.908458,35.633979],[119.885265,35.617621],[119.843272,35.61579],[119.811615,35.647895],[119.748057,35.599799],[119.732514,35.620836],[119.702403,35.606024],[119.668956,35.590318],[119.641368,35.572008],[119.599864,35.469184],[119.564545,35.424709],[119.551524,35.380032],[119.50766,35.332343],[119.428722,35.321479],[119.421886,35.277411],[119.387706,35.20539],[119.336192,35.08869],[119.280192,35.088298],[119.26593,35.103904],[119.238438,35.112327],[119.175599,35.10592],[118.954011,35.050755],[118.866781,35.036311],[118.856756,35.025459],[118.856756,34.983705],[118.833605,34.919316],[118.775107,34.827745],[118.774332,34.797566],[118.760844,34.760566],[118.759914,34.750153],[118.724671,34.706848],[118.693148,34.686669],[118.666638,34.683775],[118.58101,34.70907],[118.477192,34.689201],[118.460088,34.676824],[118.452336,34.661967],[118.454351,34.639591],[118.433422,34.609257],[118.422725,34.578484],[118.409858,34.471695],[118.342782,34.418571],[118.248111,34.411983],[118.165429,34.399244],[118.169614,34.430767],[118.167599,34.447665],[118.14605,34.46508],[118.134836,34.500117],[118.15313,34.533681],[118.14481,34.550088],[118.108274,34.560578],[118.090601,34.577011],[118.084141,34.631375],[118.064091,34.648221],[117.9426,34.675041],[117.914694,34.676953],[117.805916,34.663673],[117.788397,34.608973],[117.774393,34.534146],[117.768502,34.523242],[117.692796,34.534998],[117.653212,34.52611],[117.580761,34.466269],[117.546603,34.462445],[117.373642,34.563989],[117.331061,34.586106],[117.283312,34.568123],[117.259644,34.548072],[117.23856,34.524792],[117.239077,34.468181],[117.221352,34.449965],[117.204144,34.444694],[117.1658,34.462574],[117.144716,34.501615],[117.14301,34.542646],[117.14363,34.556031],[117.043223,34.730232],[116.993252,34.774002],[116.972168,34.838029],[116.967672,34.851516],[116.941421,34.879628],[116.812953,34.959391],[116.79962,34.941666],[116.72469,34.929083],[116.575086,34.920349],[116.504755,34.912185],[116.453698,34.881644],[116.410394,34.736459],[116.390136,34.720568],[116.382488,34.703153],[116.387449,34.66853],[116.344041,34.616027],[116.227976,34.565436],[116.210199,34.579724],[116.186531,34.583109],[116.126328,34.574763],[116.100852,34.607733],[116.079148,34.61458],[116.064575,34.60409],[116.033982,34.603625],[115.993675,34.621608],[115.97502,34.601247],[115.956726,34.591791],[115.816425,34.57143],[115.777771,34.582592],[115.693073,34.600757],[115.671834,34.57758],[115.616437,34.567399],[115.51944,34.585279],[115.448075,34.651968],[115.435776,34.675713],[115.431332,34.768266],[115.42234,34.786404],[115.341001,34.824981],[115.306533,34.846917],[115.270101,34.849346],[115.24602,34.842266],[115.230672,34.826712],[115.223231,34.891617],[115.213877,34.905157],[115.1745,34.944172],[114.976941,35.010137],[114.93038,34.999234],[114.834211,35.016183],[114.847078,35.081554],[114.851832,35.159611],[114.913482,35.208187],[114.981954,35.266892],[115.021796,35.324873],[115.068357,35.380115],[115.132125,35.397891],[115.150729,35.415875],[115.226538,35.416236],[115.307102,35.475768],[115.340381,35.485173],[115.33263,35.523362],[115.383479,35.55752],[115.395055,35.615759],[115.467505,35.663534],[115.502232,35.716554],[115.576439,35.722342],[115.680826,35.767791],[115.851048,35.859052],[115.883914,35.887629],[115.858283,35.904372],[115.920191,35.967779],[115.965718,35.985917],[116.039202,35.976306],[116.087209,36.05922],[116.080491,36.098572],[115.926909,36.021988],[115.840816,36.033537],[115.818698,36.024623],[115.738703,35.968606],[115.513394,35.911193],[115.468229,35.912925],[115.445439,35.896905],[115.431332,35.846236],[115.403995,35.812569],[115.343017,35.775801],[115.322708,35.777248],[115.317644,35.791511],[115.33573,35.936437],[115.346893,35.948555],[115.409266,35.978683],[115.449315,36.041831],[115.463113,36.110742],[115.460322,36.157871],[115.451486,36.242801],[115.445595,36.253395],[115.424459,36.269931],[115.412367,36.287656],[115.399964,36.29856],[115.374178,36.300162],[115.354179,36.302952],[115.346117,36.334888],[115.302037,36.428836],[115.286534,36.461496],[115.275734,36.474208],[115.28917,36.498909],[115.320538,36.53684],[115.343637,36.574615],[115.341622,36.599756],[115.400119,36.671664],[115.443734,36.703496],[115.499545,36.761684],[115.664393,36.815273],[115.686097,36.859508],[115.695243,36.873615],[115.773016,36.945704],[115.775807,36.974488],[115.781388,36.996269],[115.824176,37.037197],[115.857352,37.066213],[115.870426,37.128793],[115.882364,37.150007],[115.902104,37.201967],[115.947993,37.232818],[115.970989,37.264522],[115.974244,37.319376],[115.980756,37.325887],[116.038478,37.355524],[116.106639,37.364696],[116.124003,37.369606],[116.147877,37.367487],[116.195523,37.354103],[116.213351,37.356893],[116.248595,37.383067],[116.255571,37.387331],[116.255571,37.404746],[116.243324,37.419473],[116.225599,37.433659],[116.219397,37.449497],[116.231696,37.4804],[116.272831,37.532541],[116.282856,37.553574],[116.306524,37.571299],[116.350087,37.620908],[116.376907,37.556416],[116.386416,37.515643],[116.4106,37.484637],[116.425173,37.48071],[116.449358,37.511612],[116.484911,37.532593],[116.533642,37.571609],[116.556741,37.597137],[116.608728,37.639408],[116.645005,37.69943],[116.718437,37.744621],[116.726033,37.751391],[116.750269,37.808959],[116.781947,37.833841],[116.809697,37.839319],[116.875481,37.836864],[116.975579,37.836347],[117.075521,37.842445],[117.171587,37.842755],[117.307186,37.850506],[117.369198,37.842703],[117.403821,37.841411],[117.433794,37.857948],[117.458495,37.897041],[117.489346,37.93076],[117.505934,37.970137],[117.532651,38.015354],[117.618485,38.057884],[117.703958,38.082585],[117.754084,38.128164],[117.775323,38.156999],[117.779044,38.173639],[117.767727,38.190899],[117.770982,38.227693],[117.790568,38.251981],[117.826689,38.26397],[117.837159,38.270908]]],[[[120.748383,37.938707],[120.757335,37.922675],[120.7588,37.907538],[120.754568,37.896674],[120.746593,37.897895],[120.73699,37.904608],[120.726329,37.90884],[120.722423,37.919094],[120.727061,37.947659],[120.734548,37.947659],[120.748383,37.938707]]],[[[120.606781,37.979885],[120.618988,37.981147],[120.625824,37.972561],[120.625662,37.958686],[120.622895,37.948798],[120.618419,37.947008],[120.615489,37.94831],[120.609386,37.955024],[120.601899,37.969306],[120.606781,37.979885]]],[[[120.720063,37.980943],[120.727306,37.969428],[120.72047,37.964016],[120.709158,37.965766],[120.700531,37.969875],[120.694998,37.974677],[120.690929,37.981431],[120.688243,37.985256],[120.690196,37.990627],[120.704112,37.989651],[120.720063,37.980943]]],[[[120.760427,38.170478],[120.772716,38.165432],[120.773285,38.159735],[120.761241,38.158026],[120.754568,38.158189],[120.746593,38.161851],[120.73878,38.175605],[120.742686,38.187567],[120.760427,38.170478]]],[[[120.806488,38.288235],[120.800059,38.287502],[120.799978,38.293891],[120.802745,38.298407],[120.807384,38.304877],[120.819835,38.313666],[120.833751,38.312567],[120.836192,38.304267],[120.82838,38.298814],[120.824392,38.298326],[120.820486,38.297512],[120.813324,38.293769],[120.806488,38.288235]]],[[[120.914236,38.384101],[120.907563,38.385159],[120.906912,38.392564],[120.917817,38.395453],[120.924571,38.386868],[120.923188,38.383246],[120.917247,38.384426],[120.914236,38.384101]]]]}},{"type":"Feature","properties":{"name_zh":"河北省","name_en":"Hebei","center_lng":116.6442845,"center_lat":39.3390075,"name_short":"河北"},"geometry":{"type":"MultiPolygon","coordinates":[[[[117.543549,38.621324],[117.668045,38.446157],[117.837159,38.270908],[117.799043,38.255701],[117.775168,38.235806],[117.767262,38.203508],[117.772533,38.181339],[117.779819,38.164441],[117.7592,38.134727],[117.710004,38.089768],[117.687318,38.072663],[117.568669,38.048918],[117.513995,37.986209],[117.495702,37.940139],[117.461285,37.902183],[117.440925,37.866888],[117.413175,37.843685],[117.377466,37.84105],[117.319434,37.850765],[117.204299,37.840223],[117.102754,37.841928],[116.996508,37.831851],[116.932584,37.835572],[116.82396,37.835882],[116.792799,37.838259],[116.756161,37.815108],[116.727583,37.753768],[116.724173,37.74935],[116.648622,37.703797],[116.631569,37.672481],[116.580977,37.610728],[116.547904,37.589282],[116.504961,37.552747],[116.45406,37.515126],[116.428894,37.484482],[116.414941,37.481123],[116.392927,37.506703],[116.379698,37.533006],[116.371016,37.597214],[116.319495,37.597499],[116.298256,37.561532],[116.275931,37.545461],[116.263942,37.511302],[116.219914,37.462365],[116.222705,37.438309],[116.233247,37.42583],[116.25278,37.411153],[116.256346,37.389966],[116.25154,37.384463],[116.221154,37.360201],[116.202189,37.354413],[116.180485,37.356015],[116.133925,37.370019],[116.11191,37.367203],[116.049175,37.358185],[115.996569,37.3309],[115.97502,37.321702],[115.972694,37.271834],[115.956571,37.241603],[115.90722,37.206463],[115.892286,37.171478],[115.870892,37.131687],[115.870271,37.09709],[115.834408,37.043527],[115.785574,36.999551],[115.77622,36.985366],[115.775807,36.952396],[115.700669,36.878731],[115.688732,36.864882],[115.680826,36.842842],[115.544297,36.76773],[115.461097,36.722875],[115.409886,36.678976],[115.348753,36.608644],[115.348029,36.581721],[115.323121,36.556374],[115.309117,36.517487],[115.276147,36.479737],[115.282969,36.464751],[115.295991,36.448732],[115.343327,36.352148],[115.349838,36.308973],[115.367046,36.300084],[115.394538,36.30104],[115.408956,36.291584],[115.418103,36.278458],[115.437843,36.259544],[115.44885,36.249157],[115.455826,36.227091],[115.380379,36.111388],[115.349683,36.082191],[115.322088,36.077876],[115.300487,36.083431],[115.279558,36.107719],[115.241524,36.165312],[115.202199,36.181099],[115.150315,36.177792],[115.128095,36.182495],[115.10608,36.184562],[115.060605,36.151618],[115.044792,36.118209],[115.028617,36.096092],[114.997146,36.070124],[114.930691,36.056559],[114.917513,36.065732],[114.924024,36.081157],[114.893173,36.119579],[114.830645,36.150765],[114.797882,36.140068],[114.714373,36.15353],[114.633706,36.131955],[114.560636,36.134384],[114.405761,36.215568],[114.365867,36.222079],[114.343078,36.244713],[114.304579,36.240734],[114.240035,36.248718],[114.208564,36.240166],[114.089708,36.265384],[114.059736,36.281352],[114.048005,36.311918],[114.017051,36.344733],[113.981136,36.359951],[113.959949,36.347756],[113.928271,36.348118],[113.899332,36.346206],[113.873391,36.36468],[113.825435,36.34512],[113.72663,36.354836],[113.69149,36.395324],[113.626016,36.441239],[113.567673,36.45979],[113.535117,36.483381],[113.53305,36.516273],[113.545504,36.537718],[113.543023,36.554617],[113.522663,36.569267],[113.513826,36.593787],[113.496463,36.611047],[113.452538,36.645515],[113.465715,36.676366],[113.466335,36.693988],[113.440446,36.714969],[113.44458,36.730523],[113.475379,36.74122],[113.556511,36.760702],[113.601986,36.766955],[113.655678,36.807779],[113.669786,36.842842],[113.675522,36.866897],[113.699861,36.874881],[113.765852,36.865089],[113.776032,36.890617],[113.771743,36.988595],[113.761976,37.00384],[113.746887,37.076187],[113.759289,37.123161],[113.845434,37.197006],[113.86781,37.226669],[113.896955,37.312245],[113.961654,37.400405],[114.051519,37.49797],[114.082215,37.564813],[114.096323,37.59954],[114.026353,37.750771],[113.926411,37.923577],[113.885948,37.9582],[113.85427,38.040521],[113.808175,38.108579],[113.751848,38.159325],[113.716966,38.187695],[113.675987,38.212242],[113.542558,38.250069],[113.53181,38.277871],[113.517392,38.368718],[113.537752,38.424425],[113.542093,38.464629],[113.55248,38.566173],[113.608962,38.644463],[113.680948,38.667769],[113.683738,38.702858],[113.798253,38.778357],[113.826055,38.823651],[113.768798,38.891192],[113.754225,38.931267],[113.762907,38.957416],[113.776032,38.970903],[113.822955,39.008369],[113.85334,39.072292],[113.887498,39.084591],[113.962429,39.098751],[114.021185,39.119266],[114.049814,39.100766],[114.116683,39.065574],[114.158955,39.073068],[114.231353,39.070148],[114.267992,39.082085],[114.316671,39.136707],[114.377856,39.157403],[114.393979,39.169341],[114.408862,39.189934],[114.416148,39.22572],[114.420334,39.299979],[114.447671,39.326127],[114.462089,39.345092],[114.465809,39.379638],[114.500226,39.434854],[114.540947,39.531231],[114.516401,39.56451],[114.479969,39.594354],[114.465809,39.604327],[114.437129,39.610812],[114.420954,39.626057],[114.405865,39.654376],[114.39739,39.676442],[114.405606,39.750132],[114.404211,39.833796],[114.388088,39.857619],[114.372998,39.863149],[114.32835,39.860461],[114.210838,39.888134],[114.185723,39.904025],[114.058031,39.924488],[114.038652,39.93764],[114.017361,39.973581],[113.933284,40.017816],[113.92362,40.036213],[113.940725,40.068356],[113.965065,40.085461],[113.989766,40.12644],[114.005114,40.132279],[114.019067,40.120187],[114.039996,40.088819],[114.065937,40.093057],[114.085367,40.185015],[114.159988,40.210362],[114.450306,40.293768],[114.510665,40.324981],[114.492216,40.34839],[114.385608,40.355237],[114.285769,40.378569],[114.259104,40.492619],[114.252282,40.567938],[114.198436,40.622224],[114.156268,40.663875],[114.149756,40.695191],[114.128879,40.775393],[114.05245,40.820506],[114.047334,40.865051],[114.027748,40.911534],[114.014106,40.927089],[113.984185,40.941713],[113.918349,41.01822],[113.856906,41.058321],[113.8228,41.094184],[113.854891,41.087725],[113.874631,41.089895],[113.881762,41.117801],[113.894371,41.151855],[113.909203,41.161467],[113.931372,41.161209],[113.963824,41.153354],[113.980774,41.161105],[113.989301,41.175523],[113.984908,41.240894],[113.94026,41.256552],[113.914215,41.277817],[113.910908,41.333601],[113.92362,41.383107],[113.927961,41.418351],[113.952352,41.438246],[113.971576,41.459795],[114.007233,41.51881],[114.136372,41.555707],[114.185878,41.580201],[114.197092,41.593586],[114.231922,41.826905],[114.324009,41.913514],[114.381887,41.936614],[114.435837,41.972529],[114.475731,42.064694],[114.532679,42.122416],[114.596344,42.141278],[114.775713,42.149159],[114.844908,42.148332],[114.85514,42.11606],[114.849714,42.069396],[114.896119,41.976766],[114.923094,41.927105],[114.921544,41.902094],[114.931311,41.838609],[114.918443,41.827938],[114.881185,41.815484],[114.868886,41.795899],[114.886559,41.753111],[114.888057,41.730631],[114.880564,41.696163],[114.879841,41.631981],[114.877154,41.612447],[115.035594,41.61547],[115.225866,41.585834],[115.255942,41.600355],[115.282814,41.624023],[115.341311,41.615858],[115.31599,41.673503],[115.322398,41.710891],[115.577938,41.791093],[115.841746,41.919922],[115.901019,41.93664],[115.948199,41.914729],[116.037858,41.800627],[116.085969,41.810885],[116.117491,41.867858],[116.20715,41.884007],[116.377527,42.009684],[116.415096,42.004103],[116.429824,41.994595],[116.447084,41.954287],[116.466101,41.947621],[116.536742,41.967103],[116.56842,41.936045],[116.618546,41.924625],[116.746084,41.974854],[116.797295,41.986998],[116.813418,42.002243],[116.858118,42.019503],[116.887677,42.057123],[116.885403,42.076398],[116.854811,42.110298],[116.859823,42.138307],[116.886023,42.166987],[116.884783,42.203161],[116.869435,42.233288],[116.826595,42.308167],[116.837034,42.339819],[117.055936,42.462835],[117.154948,42.470845],[117.316643,42.463197],[117.404028,42.455962],[117.421546,42.464643],[117.433484,42.499732],[117.447281,42.544406],[117.463146,42.56102],[117.498337,42.581613],[117.516786,42.607219],[117.536061,42.621456],[117.548102,42.605203],[117.59952,42.552442],[117.742612,42.591096],[117.808396,42.60634],[117.80049,42.568823],[117.845655,42.535724],[117.944615,42.43617],[118.018977,42.389868],[118.024559,42.363616],[118.018461,42.335194],[118.035101,42.299744],[118.035566,42.268557],[117.997842,42.25153],[117.989315,42.221609],[118.086002,42.181663],[118.102073,42.163034],[118.099489,42.109962],[118.126671,42.064229],[118.123571,42.035522],[118.147755,42.019813],[118.188993,42.026737],[118.205116,42.041879],[118.214469,42.075675],[118.253899,42.081979],[118.27984,42.051232],[118.277153,42.01263],[118.291622,41.991339],[118.295136,41.95992],[118.274362,41.911421],[118.315032,41.877444],[118.319218,41.83047],[118.278238,41.752697],[118.238086,41.775151],[118.199742,41.797656],[118.157057,41.770422],[118.159382,41.719133],[118.197365,41.668852],[118.231213,41.599425],[118.287075,41.588857],[118.313637,41.569556],[118.298237,41.500103],[118.294723,41.460622],[118.343557,41.416852],[118.34981,41.336237],[118.380196,41.311768],[118.410168,41.330811],[118.437247,41.348329],[118.689117,41.343627],[118.772472,41.370886],[118.818877,41.38166],[118.829884,41.367139],[118.867143,41.336547],[119.213633,41.323886],[119.238283,41.31983],[119.236423,41.288229],[119.197304,41.206891],[119.123923,41.15661],[119.047752,41.094391],[119.000571,41.08049],[118.937113,41.060543],[118.939748,41.021837],[118.987239,41.00959],[119.008323,40.9991],[119.010338,40.976259],[118.989254,40.956932],[118.951065,40.955123],[118.902179,40.956622],[118.857686,40.869082],[118.848333,40.848515],[118.849263,40.829834],[119.041241,40.663255],[119.06155,40.651369],[119.086199,40.656743],[119.123923,40.66757],[119.170638,40.703046],[119.190999,40.70041],[119.195753,40.677672],[119.189759,40.620105],[119.258488,40.552228],[119.293628,40.530705],[119.464057,40.532307],[119.563689,40.540058],[119.572371,40.519026],[119.597796,40.486108],[119.592422,40.446575],[119.590665,40.415621],[119.58405,40.39831],[119.581673,40.361981],[119.598313,40.3271],[119.634745,40.2801],[119.631179,40.229483],[119.634745,40.209071],[119.666887,40.212404],[119.719649,40.213334],[119.747089,40.199614],[119.747658,40.143622],[119.737942,40.112177],[119.741818,40.090473],[119.765434,40.063033],[119.823467,40.031097],[119.843001,40.00438],[119.847806,39.993425],[119.792491,39.963446],[119.708217,39.934935],[119.603038,39.90644],[119.535592,39.890826],[119.524899,39.841649],[119.466795,39.814848],[119.385869,39.75963],[119.349864,39.731757],[119.302338,39.617825],[119.267589,39.597968],[119.208588,39.569566],[119.243012,39.570705],[119.231212,39.545478],[119.262397,39.577512],[119.261981,39.535084],[119.297103,39.455217],[119.279429,39.384006],[119.203345,39.363438],[119.093767,39.260808],[119.015636,39.189765],[118.926036,39.130601],[118.894298,39.131822],[118.947602,39.168606],[118.969981,39.193305],[118.880626,39.172797],[118.87379,39.213813],[118.8162,39.163665],[118.727779,39.14725],[118.61936,39.161042],[118.52711,39.149237],[118.512146,39.11598],[118.409959,39.0629],[118.34427,39.030709],[118.267855,39.043004],[118.186804,39.11008],[118.096404,39.202392],[118.009563,39.218552],[118.007144,39.248871],[118.010399,39.33623],[117.991486,39.361267],[117.897124,39.398681],[117.882397,39.410618],[117.87573,39.433795],[117.896814,39.493145],[117.912679,39.53335],[117.905083,39.553891],[117.87418,39.571435],[117.823899,39.56557],[117.80204,39.569833],[117.762921,39.582184],[117.745402,39.576654],[117.743232,39.562133],[117.737961,39.546785],[117.724887,39.535107],[117.708299,39.535055],[117.690005,39.55495],[117.668198,39.566526],[117.620759,39.58283],[117.6251,39.60611],[117.635848,39.621122],[117.631301,39.652386],[117.617503,39.669569],[117.580296,39.684245],[117.567842,39.72357],[117.548774,39.739538],[117.530015,39.770854],[117.507794,39.856379],[117.504074,39.882424],[117.515752,39.952109],[117.501438,39.984588],[117.509551,39.999626],[117.53048,40.002468],[117.621276,39.963142],[117.697447,39.968207],[117.772688,39.964899],[117.785245,39.974046],[117.786227,39.990273],[117.764781,40.011305],[117.742302,40.031614],[117.755324,40.058175],[117.717756,40.072128],[117.635073,40.099],[117.555905,40.170365],[117.331216,40.267517],[117.263726,40.320382],[117.240782,40.363066],[117.242332,40.425233],[117.23794,40.450193],[117.209259,40.467969],[117.184145,40.49727],[117.18492,40.512049],[117.243108,40.57016],[117.32827,40.594577],[117.411779,40.597367],[117.430538,40.628218],[117.485935,40.661937],[117.199183,40.690023],[117.116294,40.68731],[117.07273,40.673538],[116.910415,40.749218],[116.768873,40.864844],[116.72469,40.906883],[116.668052,40.94794],[116.657924,40.965252],[116.649087,41.040338],[116.626194,41.047624],[116.599581,41.030622],[116.594465,40.995896],[116.482275,40.943134],[116.461967,40.909183],[116.417111,40.902413],[116.350862,40.926133],[116.355823,40.901586],[116.472302,40.769812],[116.449978,40.760975],[116.375977,40.767305],[116.341871,40.760406],[116.31996,40.743715],[116.298876,40.738676],[116.280272,40.745317],[116.25061,40.764696],[116.226115,40.764747],[116.126483,40.654651],[116.048245,40.606824],[116.006387,40.5953],[115.896058,40.613439],[115.779321,40.574733],[115.727851,40.556026],[115.728161,40.539593],[115.912336,40.338365],[115.938588,40.312139],[115.93404,40.258163],[115.88164,40.213308],[115.845002,40.160572],[115.545537,40.082825],[115.513084,40.060191],[115.469004,40.006551],[115.451951,40.000091],[115.425234,39.985467],[115.42234,39.971824],[115.454276,39.94211],[115.503162,39.916117],[115.500837,39.864621],[115.510914,39.838499],[115.565691,39.800723],[115.512619,39.779665],[115.468539,39.785143],[115.445439,39.775634],[115.435673,39.754938],[115.437326,39.749305],[115.471949,39.629158],[115.49045,39.617246],[115.577938,39.595723],[115.610546,39.603578],[115.660362,39.595516],[115.675865,39.577223],[115.68806,39.549679],[115.7201,39.531851],[115.755911,39.508958],[115.774257,39.514074],[115.79255,39.535778],[115.808518,39.543995],[115.857869,39.55154],[115.88133,39.556759],[115.89642,39.567146],[115.931405,39.574329],[115.957346,39.573218],[116.017239,39.556552],[116.102505,39.563425],[116.185291,39.579083],[116.210406,39.5719],[116.317634,39.460899],[116.410394,39.440435],[116.459021,39.453975],[116.465532,39.472216],[116.457781,39.486634],[116.429669,39.502447],[116.426103,39.516064],[116.444293,39.53198],[116.537673,39.561539],[116.549713,39.585465],[116.564389,39.597532],[116.627538,39.611484],[116.787838,39.572391],[116.793419,39.483714],[116.822565,39.424984],[116.828766,39.394262],[116.850987,39.355583],[116.845096,39.310934],[116.82613,39.216547],[116.836207,39.190941],[116.847731,39.180244],[116.860289,39.174069],[116.898322,39.160246],[116.907159,39.147378],[116.910105,39.130067],[116.901216,39.110275],[116.712184,39.011831],[116.695802,38.993382],[116.68216,38.952713],[116.687741,38.87494],[116.723449,38.803213],[116.773834,38.764197],[116.840548,38.745361],[116.871761,38.708439],[116.887677,38.695907],[116.925763,38.689938],[117.028495,38.708645],[117.048494,38.697767],[117.07273,38.624154],[117.21329,38.597903],[117.223832,38.579377],[117.242487,38.565682],[117.271323,38.559249],[117.543549,38.621324]]],[[[118.632743,39.074581],[118.648672,39.055851],[118.648736,39.044651],[118.594321,38.972197],[118.514308,38.919445],[118.502699,38.919028],[118.480276,38.93482],[118.4909,38.943187],[118.470698,38.970551],[118.469477,39.006319],[118.478483,39.042858],[118.488193,39.050492],[118.526381,39.046694],[118.559718,39.003125],[118.577812,39.008619],[118.610196,39.034034],[118.628711,39.048554],[118.614637,39.067649],[118.632743,39.074581]]],[[[117.239077,40.092618],[117.163939,39.987224],[117.147506,39.948001],[117.164404,39.895601],[117.1843,39.876016],[117.208949,39.866818],[117.248172,39.864699],[117.263106,39.851237],[117.253339,39.838189],[117.196702,39.820903],[117.18306,39.802377],[117.192206,39.788993],[117.203368,39.768762],[117.197322,39.749512],[117.183215,39.655099],[117.169417,39.627246],[117.152777,39.618409],[117.122185,39.617996],[116.928398,39.674581],[116.903128,39.685873],[116.874086,39.694063],[116.876567,39.714346],[116.905764,39.754576],[116.927933,39.785892],[116.915996,39.832918],[116.906074,39.843718],[116.892225,39.831057],[116.869435,39.838551],[116.845406,39.847491],[116.823495,39.866973],[116.805046,39.880977],[116.78143,39.889659],[116.757866,39.930069],[116.744223,39.959008],[116.756781,40.000246],[116.773834,40.024637],[116.987671,40.034353],[117.064307,40.064842],[117.239077,40.092618]]]]}},{"type":"Feature","properties":{"name_zh":"天津市","name_en":"Tianjin","center_lng":117.346848,"center_lat":39.4081375,"name_short":"天津"},"geometry":{"type":"Polygon","coordinates":[[[118.009563,39.218552],[117.88559,39.201117],[117.737559,39.106391],[117.726649,39.088291],[117.757484,39.045086],[117.775264,38.981058],[117.701915,38.995307],[117.708751,38.981024],[117.576264,38.773749],[117.557246,38.672349],[117.543549,38.621324],[117.271323,38.559249],[117.242487,38.565682],[117.223832,38.579377],[117.21329,38.597903],[117.07273,38.624154],[117.048494,38.697767],[117.028495,38.708645],[116.925763,38.689938],[116.887677,38.695907],[116.871761,38.708439],[116.840548,38.745361],[116.773834,38.764197],[116.723449,38.803213],[116.687741,38.87494],[116.68216,38.952713],[116.695802,38.993382],[116.712184,39.011831],[116.901216,39.110275],[116.910105,39.130067],[116.907159,39.147378],[116.898322,39.160246],[116.860289,39.174069],[116.847731,39.180244],[116.836207,39.190941],[116.82613,39.216547],[116.845096,39.310934],[116.850987,39.355583],[116.828766,39.394262],[116.822565,39.424984],[116.793419,39.483714],[116.787838,39.572391],[116.812178,39.610812],[116.875636,39.686467],[116.907314,39.68471],[116.955063,39.664659],[117.130143,39.616962],[117.158823,39.620321],[117.174378,39.63293],[117.188641,39.721012],[117.200733,39.755868],[117.200888,39.778451],[117.187504,39.792584],[117.1843,39.808785],[117.203058,39.824004],[117.258455,39.841238],[117.259644,39.857671],[117.241092,39.865526],[117.194532,39.870745],[117.179649,39.879401],[117.159443,39.905704],[117.148436,39.955753],[117.207089,40.037066],[117.288583,40.100033],[117.310597,40.110472],[117.332921,40.149074],[117.359483,40.175481],[117.3708,40.194033],[117.356796,40.257026],[117.605256,40.139462],[117.650111,40.083187],[117.73238,40.06926],[117.756255,40.052594],[117.741992,40.026136],[117.770982,40.006809],[117.788811,39.986552],[117.781214,39.969705],[117.765556,39.964073],[117.647941,39.961695],[117.615643,39.964667],[117.522884,40.003502],[117.502988,39.992908],[117.502988,39.980247],[117.517406,39.939733],[117.503247,39.873225],[117.523504,39.828164],[117.533116,39.750416],[117.559781,39.734216],[117.57487,39.693598],[117.585412,39.68055],[117.622516,39.666416],[117.636624,39.637581],[117.632748,39.616471],[117.621689,39.599392],[117.62479,39.578463],[117.679877,39.561694],[117.693726,39.551255],[117.71357,39.533143],[117.730003,39.538181],[117.741062,39.551565],[117.742612,39.567275],[117.750157,39.579755],[117.770672,39.58146],[117.809016,39.567714],[117.83103,39.566035],[117.883327,39.569161],[117.910457,39.546062],[117.911387,39.527588],[117.878211,39.447334],[117.876196,39.424596],[117.886582,39.405915],[117.976293,39.371757],[118.002803,39.350002],[118.012466,39.325145],[118.007299,39.244272],[118.009563,39.218552]]]}},{"type":"Feature","properties":{"name_zh":"西沙群岛","name_en":"Paracel Islands","center_lng":111.9648545,"center_lat":16.354315500000002,"name_short":"西沙群岛"},"geometry":{"type":"MultiPolygon","coordinates":[[[[111.196544,15.775377],[111.194102,15.776109],[111.192882,15.778225],[111.1963,15.785712],[111.199392,15.789211],[111.20753,15.789293],[111.208507,15.786282],[111.20753,15.782172],[111.2046,15.779242],[111.196544,15.775377]]],[[[111.763357,16.043443],[111.753103,16.044664],[111.753429,16.047431],[111.761404,16.048651],[111.76588,16.045315],[111.763357,16.043443]]],[[[111.600108,16.527289],[111.599864,16.527493],[111.600841,16.531968],[111.602875,16.533352],[111.605724,16.533515],[111.608165,16.531806],[111.60963,16.528266],[111.608897,16.527248],[111.606293,16.524237],[111.602794,16.524644],[111.600108,16.527289]]],[[[112.735037,16.657945],[112.730154,16.660224],[112.725271,16.666205],[112.726248,16.669013],[112.72877,16.669257],[112.733409,16.666083],[112.736827,16.660224],[112.735037,16.657945]]],[[[112.333181,16.825019],[112.327159,16.829739],[112.325938,16.833238],[112.327891,16.837104],[112.330577,16.837633],[112.33546,16.832587],[112.33725,16.828437],[112.333181,16.825019]]],[[[112.333669,16.933254],[112.336681,16.932115],[112.337087,16.932034],[112.337576,16.931342],[112.341075,16.926988],[112.340505,16.92357],[112.33546,16.923814],[112.333669,16.926418],[112.333669,16.933254]]]]}},{"type":"Feature","properties":{"name_zh":"北京市","name_en":"Beijing","center_lng":116.455197,"center_lat":40.244081,"name_short":"北京"},"geometry":{"type":"Polygon","coordinates":[[[117.356796,40.257026],[117.3708,40.194033],[117.359483,40.175481],[117.332921,40.149074],[117.310597,40.110472],[117.288583,40.100033],[117.005086,40.038797],[116.829386,40.036678],[116.764997,40.018953],[116.746239,39.971049],[116.744998,39.953065],[116.776004,39.909942],[116.784428,39.885628],[116.810938,39.878548],[116.832177,39.859815],[116.850212,39.845423],[116.879202,39.832401],[116.896462,39.836897],[116.910105,39.841289],[116.928708,39.801395],[116.922197,39.773593],[116.904679,39.751682],[116.875171,39.710574],[116.875636,39.686467],[116.812178,39.610812],[116.676424,39.603268],[116.604387,39.611174],[116.55271,39.58916],[116.543409,39.567275],[116.493283,39.552366],[116.428274,39.521412],[116.426878,39.505858],[116.432614,39.500122],[116.46424,39.478288],[116.462897,39.460434],[116.433545,39.442347],[116.335773,39.453251],[116.224978,39.535675],[116.195523,39.577843],[116.10974,39.564175],[116.071551,39.566164],[116.000599,39.557612],[115.938071,39.575466],[115.900089,39.568438],[115.884431,39.558387],[115.870685,39.554485],[115.833064,39.543943],[115.796684,39.539577],[115.778908,39.517381],[115.762578,39.509708],[115.73984,39.515573],[115.695863,39.544227],[115.679895,39.561617],[115.669353,39.588928],[115.618452,39.603733],[115.584759,39.596756],[115.554218,39.598307],[115.476755,39.624765],[115.463423,39.643214],[115.436086,39.751372],[115.440944,39.770053],[115.462028,39.783929],[115.498615,39.780518],[115.562745,39.794755],[115.548741,39.818345],[115.501457,39.857619],[115.503886,39.912551],[115.496444,39.923636],[115.423477,39.968413],[115.42234,39.980144],[115.4473,39.998463],[115.457687,40.001796],[115.484972,40.018514],[115.52838,40.073162],[115.819835,40.151891],[115.862985,40.17853],[115.905515,40.23925],[115.945202,40.293717],[115.920553,40.333662],[115.894973,40.346866],[115.725216,40.550187],[115.74847,40.566542],[115.887945,40.613103],[115.994708,40.595972],[116.039408,40.601915],[116.119507,40.650439],[116.207305,40.750381],[116.244099,40.766918],[116.261772,40.759011],[116.291434,40.739891],[116.313449,40.740769],[116.337013,40.757151],[116.353808,40.764799],[116.440366,40.761672],[116.468013,40.765574],[116.458866,40.791567],[116.349467,40.921792],[116.400213,40.906909],[116.45406,40.902827],[116.476074,40.934194],[116.591829,40.991865],[116.596015,41.020778],[116.617926,41.045169],[116.642731,41.045609],[116.654978,40.981995],[116.664952,40.952281],[116.693787,40.925978],[116.764687,40.868746],[116.865249,40.784746],[117.058003,40.677207],[117.099705,40.679223],[117.174378,40.693434],[117.428523,40.669042],[117.438134,40.6369],[117.420616,40.607806],[117.359328,40.596385],[117.259644,40.578247],[117.189261,40.523599],[117.18337,40.500577],[117.195617,40.479493],[117.232049,40.454275],[117.242487,40.438462],[117.23794,40.385546],[117.250549,40.337822],[117.287963,40.297851],[117.356796,40.257026]]]}},{"type":"Feature","properties":{"name_zh":"四川省","name_en":"Sichuan","center_lng":102.9422235,"center_lat":30.167279999999998,"name_short":"四川"},"geometry":{"type":"Polygon","coordinates":[[[108.518369,32.19757],[108.361169,32.167184],[108.406954,32.118143],[108.416876,32.089334],[108.365717,32.080032],[108.320241,32.035099],[108.260193,31.954639],[108.271355,31.932134],[108.480852,31.810823],[108.514803,31.766149],[108.516198,31.708272],[108.469483,31.667886],[108.449639,31.6529],[108.431036,31.610035],[108.393932,31.552286],[108.323187,31.49937],[108.232236,31.481283],[108.215958,31.429736],[108.192497,31.37793],[108.194358,31.345348],[108.175909,31.306126],[108.037365,31.2298],[108.041085,31.203367],[108.006772,31.038623],[107.9537,30.983329],[107.931686,30.948783],[107.95153,30.925658],[107.939748,30.885299],[107.83717,30.802177],[107.800066,30.800343],[107.769061,30.827421],[107.728081,30.888503],[107.706842,30.880415],[107.665088,30.845714],[107.620852,30.837369],[107.507578,30.821995],[107.456676,30.760862],[107.452181,30.719934],[107.488354,30.657793],[107.416524,30.526742],[107.384071,30.515502],[107.228732,30.238155],[107.162793,30.183765],[107.112821,30.126947],[107.074012,30.101419],[107.047347,30.068165],[107.001407,30.054987],[106.885497,30.051654],[106.807982,30.039743],[106.754032,30.039614],[106.71729,30.059277],[106.685509,30.133691],[106.639724,30.197382],[106.605721,30.2858],[106.55885,30.316677],[106.544122,30.339906],[106.508879,30.315359],[106.480664,30.316212],[106.436429,30.321638],[106.418445,30.297117],[106.408317,30.271925],[106.30486,30.262882],[106.266982,30.227716],[106.231583,30.228026],[106.215925,30.248102],[106.190656,30.263734],[106.152467,30.325591],[105.974803,30.388688],[105.879202,30.409539],[105.815278,30.437677],[105.728255,30.329596],[105.734456,30.287118],[105.716576,30.271848],[105.653737,30.281459],[105.626762,30.266602],[105.644436,30.23831],[105.648311,30.213918],[105.570435,30.188984],[105.552865,30.157772],[105.577566,30.128807],[105.7389,30.032637],[105.744688,30.001296],[105.71146,29.945511],[105.718591,29.887401],[105.696422,29.863966],[105.652342,29.857015],[105.562373,29.810971],[105.55147,29.747616],[105.535192,29.729969],[105.476849,29.720899],[105.446102,29.696146],[105.399283,29.698472],[105.345849,29.642687],[105.304611,29.60747],[105.285181,29.552848],[105.307712,29.486443],[105.320838,29.464042],[105.356443,29.456833],[105.397836,29.43562],[105.411685,29.40296],[105.415871,29.338442],[105.505839,29.291468],[105.610226,29.283122],[105.661179,29.272529],[105.694717,29.30493],[105.700608,29.223695],[105.723397,29.173026],[105.732906,29.145973],[105.736936,29.085202],[105.737867,29.042414],[105.742673,29.000246],[105.795124,28.936529],[105.855637,28.916633],[105.985345,28.971565],[106.008444,28.9734],[106.105699,28.920664],[106.155567,28.918494],[106.247603,28.884723],[106.261401,28.841702],[106.271167,28.733647],[106.339587,28.616109],[106.379946,28.540532],[106.325634,28.471441],[106.299693,28.483016],[106.30052,28.507692],[106.293802,28.536941],[106.268687,28.556629],[106.171535,28.59779],[106.123476,28.638717],[105.975268,28.755222],[105.939095,28.713597],[105.916615,28.675433],[105.891914,28.609313],[105.840909,28.603862],[105.773213,28.58885],[105.706344,28.598384],[105.675958,28.574096],[105.663659,28.533633],[105.630483,28.506374],[105.620561,28.482422],[105.65074,28.45276],[105.658078,28.358373],[105.658233,28.324111],[105.698593,28.304474],[105.747789,28.305689],[105.797605,28.282383],[105.846801,28.269153],[105.878582,28.245253],[105.872225,28.207813],[105.882302,28.161873],[105.921628,28.152261],[105.956148,28.155284],[106.008961,28.140246],[106.037797,28.150969],[106.097225,28.173449],[106.132881,28.168669],[106.181457,28.141745],[106.201508,28.115984],[106.208484,28.066039],[106.268842,28.027437],[106.300313,27.997387],[106.308581,27.937804],[106.33044,27.887471],[106.345375,27.834942],[106.298763,27.805926],[106.236234,27.770682],[106.180837,27.77045],[106.094899,27.787477],[106.056245,27.769442],[106.004879,27.751614],[105.923282,27.754094],[105.875946,27.745206],[105.84308,27.719368],[105.771508,27.720815],[105.731665,27.71141],[105.711925,27.691488],[105.667225,27.683634],[105.631103,27.682238],[105.609037,27.714665],[105.592294,27.729574],[105.553485,27.744663],[105.513488,27.778641],[105.395665,27.767582],[105.329726,27.72929],[105.269988,27.758978],[105.276965,27.7874],[105.233711,27.840678],[105.231334,27.871503],[105.273709,27.932921],[105.282391,28.000746],[105.265647,28.008058],[105.224203,27.999454],[105.191647,28.00966],[105.181725,28.055316],[105.017394,28.085237],[104.966182,28.047797],[104.952385,27.999273],[104.956106,27.945736],[104.918382,27.924239],[104.897401,27.901114],[104.833219,27.888556],[104.759115,27.873389],[104.702374,27.88295],[104.631629,27.848972],[104.572046,27.854062],[104.492103,27.885895],[104.36317,27.973823],[104.327203,28.037901],[104.427869,28.075341],[104.444612,28.099887],[104.436861,28.129343],[104.405338,28.197659],[104.423993,28.229156],[104.386735,28.273442],[104.311959,28.303544],[104.268499,28.333801],[104.264003,28.394882],[104.256562,28.464619],[104.256872,28.494643],[104.251756,28.51056],[104.254546,28.539499],[104.3163,28.559988],[104.352422,28.567507],[104.380999,28.56898],[104.401359,28.5904],[104.43252,28.602466],[104.445749,28.614429],[104.438411,28.629209],[104.395106,28.643601],[104.352525,28.645745],[104.332784,28.633601],[104.27532,28.638924],[104.248345,28.661998],[104.232532,28.639699],[104.119878,28.62678],[104.078898,28.613112],[104.029237,28.630423],[103.952601,28.614972],[103.908831,28.633601],[103.878187,28.630552],[103.87059,28.666313],[103.845372,28.653652],[103.836691,28.604921],[103.795246,28.531179],[103.85979,28.400851],[103.7892,28.255562],[103.708947,28.215875],[103.666262,28.263288],[103.626574,28.261686],[103.6027,28.247837],[103.562237,28.229311],[103.459039,28.134769],[103.456766,28.105313],[103.440332,28.083402],[103.441211,28.042397],[103.489218,28.037746],[103.533918,27.979404],[103.560222,27.98793],[103.555726,27.970309],[103.511233,27.93013],[103.482397,27.824839],[103.476919,27.799983],[103.456352,27.781354],[103.444415,27.755645],[103.318583,27.66348],[103.284425,27.64051],[103.296207,27.587851],[103.229079,27.573589],[103.150531,27.473233],[103.120765,27.412255],[103.083713,27.410575],[103.038186,27.403315],[102.991523,27.386029],[102.954832,27.420781],[102.907187,27.333732],[102.889823,27.256683],[102.913853,27.112299],[102.880367,27.047445],[102.878196,27.031968],[102.895715,27.008558],[102.893389,26.961481],[102.953282,26.861694],[102.999533,26.756016],[103.009454,26.715062],[103.029453,26.661861],[103.036326,26.582926],[103.057824,26.536288],[103.033949,26.502155],[103.000049,26.495877],[103.002633,26.468591],[102.991574,26.44606],[103.000824,26.410404],[102.988474,26.365187],[102.908685,26.349322],[102.878196,26.365058],[102.791276,26.31041],[102.711126,26.229019],[102.667821,26.225867],[102.611753,26.286975],[102.618264,26.355291],[102.568138,26.378649],[102.465095,26.322709],[102.400551,26.311805],[102.358331,26.262583],[102.290067,26.237159],[102.241336,26.214163],[102.145683,26.132152],[102.112558,26.084429],[101.921562,26.098872],[101.904147,26.087659],[101.864718,26.040297],[101.844874,26.035853],[101.834797,26.055335],[101.787927,26.082026],[101.77568,26.10652],[101.777075,26.148327],[101.763742,26.176335],[101.667934,26.232198],[101.648917,26.230363],[101.631192,26.212095],[101.614294,26.205713],[101.587422,26.214163],[101.57471,26.233412],[101.574245,26.255865],[101.577345,26.278009],[101.57657,26.303149],[101.602512,26.32661],[101.61755,26.332863],[101.643646,26.349477],[101.638479,26.373455],[101.608093,26.396916],[101.581738,26.45513],[101.525101,26.509829],[101.451203,26.530629],[101.412446,26.569671],[101.419577,26.593933],[101.449498,26.620546],[101.494663,26.70558],[101.5035,26.756455],[101.497299,26.779373],[101.468877,26.78697],[101.437096,26.741081],[101.409449,26.729454],[101.375652,26.760951],[101.357462,26.85185],[101.161195,27.016775],[101.140731,27.065351],[101.171427,27.152064],[101.168016,27.196015],[101.099442,27.205239],[101.056912,27.186816],[101.015933,27.180176],[100.99981,27.214644],[100.991748,27.330813],[100.926584,27.450676],[100.880489,27.475481],[100.866846,27.498529],[100.872892,27.548706],[100.640452,27.891528],[100.607844,27.887936],[100.579112,27.846466],[100.551051,27.819956],[100.520924,27.81931],[100.464287,27.847241],[100.418708,27.837448],[100.320626,27.73314],[100.301093,27.768667],[100.299749,27.832177],[100.28807,27.864372],[100.218514,27.888324],[100.172263,27.949302],[100.072063,28.04418],[100.029171,28.144897],[100.034649,28.17872],[100.118365,28.208046],[100.168387,28.248509],[100.149164,28.277628],[100.151954,28.313414],[100.131594,28.351035],[100.032013,28.428704],[99.980027,28.487977],[99.945094,28.55973],[99.904631,28.583475],[99.868768,28.5881],[99.840552,28.614662],[99.836625,28.654039],[99.820502,28.680627],[99.777507,28.706775],[99.744951,28.727239],[99.72304,28.774084],[99.718854,28.842271],[99.679735,28.830489],[99.628679,28.814624],[99.599068,28.757315],[99.551268,28.707163],[99.521657,28.610166],[99.502898,28.579367],[99.467965,28.572184],[99.393138,28.54278],[99.373449,28.518931],[99.371123,28.500767],[99.396238,28.467074],[99.390657,28.426792],[99.388642,28.334317],[99.416444,28.254761],[99.398925,28.126501],[99.38151,28.184533],[99.314796,28.232876],[99.299293,28.259955],[99.274747,28.277318],[99.273662,28.307316],[99.244826,28.321863],[99.162092,28.455473],[99.180489,28.504772],[99.165503,28.554769],[99.172376,28.592648],[99.15863,28.630191],[99.130776,28.664633],[99.117702,28.708713],[99.124575,28.749667],[99.096618,28.83594],[99.121061,28.964666],[99.108814,29.224185],[99.067473,29.296765],[99.059101,29.367174],[99.041996,29.528017],[99.024168,29.581554],[98.986754,29.650904],[99.004014,29.761672],[99.012541,29.773067],[99.005461,29.820092],[99.043392,29.944994],[99.029852,30.067932],[98.956679,30.471164],[98.932752,30.490697],[98.927481,30.593792],[98.905364,30.663813],[98.936163,30.700504],[98.954301,30.747865],[98.880559,30.793185],[98.787697,30.88088],[98.798032,30.940902],[98.79705,30.997178],[98.745219,31.040638],[98.693129,31.124741],[98.613134,31.164971],[98.611377,31.25618],[98.6491,31.316693],[98.713954,31.29101],[98.756174,31.24445],[98.781909,31.239024],[98.874565,31.341291],[98.864488,31.36775],[98.575927,31.615977],[98.563421,31.669385],[98.547918,31.684707],[98.468543,31.766873],[98.434902,31.824647],[98.419037,31.879889],[98.444978,31.908001],[98.452988,31.984095],[98.384724,32.063521],[98.271759,32.190774],[98.211814,32.296246],[98.187475,32.366707],[98.129339,32.395051],[98.090943,32.401821],[98.066965,32.422802],[97.856487,32.519126],[97.715721,32.54419],[97.617277,32.59274],[97.594694,32.623616],[97.559348,32.629792],[97.441887,32.697255],[97.427056,32.71666],[97.384165,32.779188],[97.360962,32.897036],[97.375276,32.931246],[97.414085,32.964474],[97.493719,32.999407],[97.504416,33.026692],[97.496613,33.07315],[97.476459,33.13281],[97.495062,33.187458],[97.586943,33.280708],[97.629938,33.338224],[97.684095,33.347991],[97.730655,33.381839],[97.732671,33.401682],[97.659083,33.420286],[97.628698,33.440104],[97.579967,33.446434],[97.521314,33.462609],[97.497233,33.487569],[97.477389,33.562241],[97.428813,33.580586],[97.390521,33.611385],[97.390366,33.647533],[97.390986,33.758973],[97.364838,33.825791],[97.375173,33.86243],[97.449949,33.882041],[97.629628,33.957359],[97.636604,33.99622],[97.658463,34.004798],[97.720888,33.973689],[97.739957,33.93196],[97.745073,33.864858],[97.819074,33.864187],[97.977668,33.942631],[98.025469,33.959349],[98.227679,33.934131],[98.267832,33.888707],[98.270209,33.858605],[98.30168,33.845841],[98.397436,33.863773],[98.444152,33.848735],[98.645845,33.676162],[98.653596,33.649316],[98.634373,33.635105],[98.633287,33.607716],[98.663363,33.58981],[98.694731,33.52121],[98.729199,33.496974],[98.752247,33.451008],[98.764856,33.37786],[98.772917,33.302722],[98.805163,33.254172],[98.852085,33.174875],[99.043081,33.087826],[99.199971,33.017029],[99.244981,32.955999],[99.289371,32.88714],[99.349419,32.879828],[99.396858,32.852775],[99.524913,32.830399],[99.598913,32.7888],[99.698545,32.744617],[99.728931,32.757665],[99.765415,32.873213],[99.76929,32.921763],[99.817711,32.940109],[99.847477,32.969978],[99.856365,33.020724],[99.875899,33.0246],[99.918584,32.96804],[99.959098,32.940677],[100.012325,32.946465],[100.08369,32.885435],[100.149009,32.828152],[100.15769,32.750637],[100.126013,32.688108],[100.125599,32.658317],[100.207972,32.634804],[100.233913,32.658084],[100.254997,32.725806],[100.310394,32.738725],[100.374938,32.745521],[100.442273,32.726582],[100.488781,32.683613],[100.503716,32.64284],[100.525265,32.61509],[100.54206,32.586616],[100.560922,32.563336],[100.54485,32.537187],[100.483097,32.498172],[100.468007,32.473858],[100.487748,32.432568],[100.58955,32.438744],[100.621952,32.501479],[100.637196,32.540572],[100.640452,32.580131],[100.65766,32.617389],[100.681121,32.652865],[100.674713,32.683096],[100.74489,32.671184],[100.865916,32.654157],[100.894596,32.635218],[100.921468,32.626226],[100.952319,32.635037],[101.008026,32.648447],[101.076963,32.681649],[101.112102,32.667774],[101.141145,32.670073],[101.187447,32.70927],[101.237366,32.818281],[101.226049,32.869725],[101.151583,32.911867],[101.131429,32.938352],[101.124867,33.001784],[101.16135,33.114361],[101.184139,33.152757],[101.296329,33.192496],[101.351106,33.195235],[101.386504,33.183298],[101.401542,33.225001],[101.445157,33.235853],[101.524584,33.195907],[101.609747,33.117514],[101.693876,33.213425],[101.726949,33.267789],[101.677546,33.308562],[101.660544,33.349696],[101.691085,33.420286],[101.766068,33.471213],[101.787927,33.593221],[101.80343,33.605391],[101.836968,33.586038],[101.883993,33.546325],[101.887869,33.507567],[101.91226,33.465813],[101.924663,33.433153],[101.919495,33.395921],[101.889109,33.328664],[101.867405,33.30143],[101.832162,33.26921],[101.831077,33.223399],[101.855881,33.184021],[101.85645,33.142758],[101.856036,33.120175],[101.968846,33.20247],[102.004244,33.2188],[102.088684,33.216577],[102.130955,33.284661],[102.156948,33.30944],[102.239165,33.328069],[102.27875,33.377756],[102.350373,33.399176],[102.375695,33.408349],[102.461994,33.457596],[102.467679,33.469973],[102.481838,33.465038],[102.454553,33.512838],[102.460031,33.541622],[102.42365,33.576349],[102.356006,33.609396],[102.327997,33.646215],[102.331666,33.697788],[102.343138,33.725177],[102.31761,33.726469],[102.298283,33.734479],[102.324845,33.75179],[102.281075,33.789979],[102.244075,33.807032],[102.264229,33.826153],[102.171211,33.941753],[102.248932,33.975368],[102.277664,33.982732],[102.300299,33.983404],[102.32252,33.983792],[102.336317,33.973482],[102.360502,33.971648],[102.406132,33.9987],[102.458584,34.069239],[102.635162,34.088514],[102.635937,34.11027],[102.592839,34.123912],[102.57961,34.152851],[102.661569,34.190446],[102.749832,34.258529],[102.800733,34.277133],[102.889823,34.298372],[102.94429,34.284058],[103.000566,34.213984],[103.041907,34.1898],[103.140557,34.14727],[103.154252,34.08314],[103.144123,33.99901],[103.144227,33.94351],[103.182932,33.899766],[103.194249,33.871111],[103.184172,33.822096],[103.204171,33.797059],[103.296982,33.759593],[103.415218,33.762952],[103.541412,33.817419],[103.556294,33.79401],[103.521516,33.725797],[103.552987,33.701225],[103.659441,33.710527],[103.694374,33.691381],[103.803618,33.671227],[104.116312,33.662132],[104.156309,33.62402],[104.174448,33.561647],[104.163803,33.522347],[104.227054,33.422715],[104.282658,33.373028],[104.31971,33.350936],[104.374642,33.333935],[104.385184,33.31391],[104.334128,33.305848],[104.299867,33.299518],[104.282038,33.282103],[104.289945,33.213193],[104.328237,33.140355],[104.414847,33.045348],[104.408335,33.003955],[104.377588,32.958764],[104.305138,32.940574],[104.278317,32.867064],[104.299505,32.837918],[104.4057,32.809367],[104.48399,32.739036],[104.621397,32.664363],[104.761182,32.643873],[104.84097,32.639817],[104.916831,32.610516],[105.047314,32.637595],[105.071861,32.613694],[105.099766,32.59553],[105.146792,32.608346],[105.194747,32.66165],[105.220947,32.659971],[105.269988,32.641703],[105.349157,32.698935],[105.417421,32.730767],[105.43959,32.760016],[105.386364,32.823371],[105.377992,32.860501],[105.413339,32.901894],[105.464447,32.921531],[105.498553,32.907397],[105.561443,32.770222],[105.576016,32.717306],[105.613688,32.702578],[105.704587,32.750818],[105.756935,32.761851],[105.805976,32.755055],[105.829851,32.797275],[105.853415,32.829159],[105.960385,32.854016],[106.039347,32.872438],[106.102496,32.859752],[106.095158,32.827247],[106.056865,32.760068],[106.05423,32.723558],[106.062756,32.699942],[106.114898,32.648834],[106.228948,32.591964],[106.281864,32.595453],[106.375606,32.642478],[106.446816,32.646586],[106.603964,32.675525],[106.712588,32.737821],[106.756719,32.740482],[106.877435,32.718391],[107.038976,32.717977],[107.083624,32.687178],[107.092978,32.595504],[107.068586,32.532898],[107.096233,32.504735],[107.216949,32.447038],[107.271416,32.447813],[107.310484,32.472644],[107.370532,32.519824],[107.403295,32.533518],[107.441794,32.532847],[107.44815,32.515871],[107.445204,32.501867],[107.448305,32.476442],[107.450475,32.469465],[107.457452,32.454557],[107.462413,32.440242],[107.458382,32.429494],[107.457865,32.418022],[107.460242,32.412053],[107.470061,32.405387],[107.596203,32.393811],[107.638733,32.397506],[107.713663,32.343039],[107.783013,32.302809],[107.850968,32.220411],[107.960057,32.158347],[107.998245,32.146281],[108.007237,32.182971],[108.02274,32.210127],[108.06465,32.231082],[108.151673,32.240901],[108.216113,32.24873],[108.264017,32.262088],[108.307012,32.252502],[108.440957,32.261623],[108.487053,32.242787],[108.518369,32.19757]]]}},{"type":"Feature","properties":{"name_zh":"重庆市","name_en":"Chongqing","center_lng":107.730329,"center_lat":30.194695,"name_short":"重庆"},"geometry":{"type":"Polygon","coordinates":[[[107.811539,30.798017],[107.849882,30.809618],[107.949205,30.899923],[107.938042,30.938448],[107.932926,30.95638],[107.99654,31.021699],[108.037675,31.15045],[108.034367,31.215744],[108.058759,31.243339],[108.187071,31.318166],[108.193272,31.355632],[108.197355,31.391314],[108.221074,31.450225],[108.241797,31.486011],[108.327476,31.501411],[108.406799,31.566032],[108.438632,31.632617],[108.45522,31.657758],[108.478785,31.674243],[108.521159,31.719821],[108.506897,31.781859],[108.422664,31.852526],[108.263397,31.939937],[108.262674,31.963295],[108.344736,32.073546],[108.401477,32.080342],[108.419202,32.100005],[108.370988,32.148684],[108.375638,32.177235],[108.585858,32.169251],[108.680995,32.104759],[108.739337,32.090367],[108.762592,32.074477],[108.856333,32.018847],[108.952658,31.982002],[109.174453,31.855885],[109.280596,31.719279],[109.573085,31.730105],[109.658764,31.718116],[109.724497,31.63608],[109.73261,31.561123],[109.838288,31.540762],[109.963965,31.495985],[109.965981,31.478234],[110.051505,31.430382],[110.108246,31.398032],[110.145505,31.285662],[110.142249,31.24662],[110.175477,31.198406],[110.162299,31.173085],[110.112897,31.131614],[110.104835,31.099213],[110.136358,31.017874],[110.129537,30.957025],[110.119925,30.884058],[110.078635,30.834604],[110.022308,30.82277],[109.98722,30.829953],[109.954043,30.856127],[109.9373,30.883128],[109.902212,30.894032],[109.748578,30.835353],[109.658144,30.759777],[109.644605,30.728073],[109.596959,30.693295],[109.562698,30.659188],[109.525129,30.659498],[109.495363,30.651308],[109.394181,30.583741],[109.322764,30.580253],[109.286487,30.601543],[109.179259,30.566791],[109.133422,30.564672],[109.105103,30.585317],[109.073425,30.600303],[108.947283,30.604644],[108.903513,30.58064],[108.868425,30.551365],[108.786673,30.538421],[108.732516,30.519714],[108.689211,30.537645],[108.669987,30.573845],[108.642341,30.564956],[108.589786,30.503539],[108.426178,30.482326],[108.402304,30.451062],[108.386025,30.378508],[108.488706,30.333446],[108.532011,30.315488],[108.544,30.264845],[108.527826,30.162836],[108.550512,29.999513],[108.531391,29.952952],[108.535319,29.909208],[108.531081,29.8658],[108.503176,29.852183],[108.404784,29.83867],[108.419822,29.802135],[108.437702,29.750691],[108.456925,29.728728],[108.49682,29.719272],[108.521004,29.727152],[108.539143,29.78242],[108.56927,29.812289],[108.604203,29.851796],[108.64079,29.846551],[108.66792,29.768803],[108.696032,29.698162],[108.731741,29.682736],[108.819849,29.650981],[108.881654,29.632068],[108.896692,29.595662],[108.872042,29.50161],[108.874626,29.472904],[108.916381,29.41991],[108.91359,29.370042],[108.938705,29.338003],[109.003921,29.312991],[109.051411,29.246768],[109.274808,29.049261],[109.274188,29.016498],[109.240392,28.882708],[109.260856,28.750674],[109.281216,28.729125],[109.267057,28.70786],[109.261011,28.67856],[109.256515,28.659827],[109.221788,28.640939],[109.214347,28.623783],[109.237136,28.608228],[109.278736,28.591795],[109.284627,28.573476],[109.258375,28.505909],[109.173213,28.461984],[109.155332,28.435526],[109.1158,28.291555],[109.089238,28.266234],[109.087223,28.249826],[109.096215,28.211069],[109.089083,28.196419],[109.07389,28.191897],[109.021284,28.21156],[108.999735,28.198848],[108.976429,28.198202],[108.942942,28.199855],[108.898087,28.216314],[108.867288,28.210346],[108.847341,28.210578],[108.791324,28.232024],[108.765279,28.228613],[108.748329,28.215797],[108.731276,28.21957],[108.728485,28.24223],[108.774581,28.393642],[108.783727,28.426095],[108.748949,28.453173],[108.730035,28.475446],[108.70368,28.485858],[108.654898,28.473456],[108.642496,28.463767],[108.642341,28.44767],[108.668127,28.415191],[108.671073,28.398525],[108.66513,28.375969],[108.677739,28.353438],[108.681305,28.337702],[108.670453,28.326643],[108.643891,28.324654],[108.607459,28.335196],[108.582758,28.37416],[108.584101,28.426534],[108.584463,28.59009],[108.578882,28.60673],[108.551132,28.635229],[108.530461,28.64634],[108.509532,28.637245],[108.406128,28.658432],[108.330318,28.689154],[108.320655,28.739745],[108.375949,28.794367],[108.349955,28.843253],[108.341532,28.912112],[108.292439,29.044972],[108.293215,29.077244],[108.054573,29.064505],[107.907295,28.997636],[107.862905,28.981926],[107.829109,28.992236],[107.789834,29.040192],[107.786734,29.113753],[107.777587,29.145947],[107.692579,29.142692],[107.661057,29.150727],[107.557239,29.186823],[107.532072,29.20646],[107.501687,29.245089],[107.477295,29.23974],[107.443809,29.206822],[107.422828,29.161295],[107.418384,29.100136],[107.434507,29.058278],[107.487734,29.021459],[107.499671,29.003062],[107.497036,28.988334],[107.46882,28.959318],[107.458795,28.903869],[107.436833,28.877256],[107.270176,28.804754],[107.216794,28.829429],[107.130857,28.89803],[107.076183,28.888909],[107.015515,28.879865],[106.983579,28.822918],[106.946268,28.792816],[106.911542,28.810567],[106.837231,28.751191],[106.848497,28.678534],[106.845603,28.646727],[106.828963,28.608693],[106.788449,28.58978],[106.753619,28.578256],[106.750001,28.502162],[106.730158,28.483326],[106.669179,28.497796],[106.656157,28.513195],[106.607891,28.519939],[106.555129,28.515237],[106.55761,28.533995],[106.611922,28.613499],[106.627735,28.648355],[106.575645,28.748581],[106.519938,28.80018],[106.497872,28.825941],[106.466091,28.830024],[106.469192,28.782249],[106.519628,28.696207],[106.519938,28.660576],[106.48888,28.617401],[106.491671,28.555854],[106.453172,28.541591],[106.339587,28.616109],[106.271167,28.733647],[106.261401,28.841702],[106.247603,28.884723],[106.155567,28.918494],[106.105699,28.920664],[106.008444,28.9734],[105.985345,28.971565],[105.855637,28.916633],[105.795124,28.936529],[105.742673,29.000246],[105.737867,29.042414],[105.736936,29.085202],[105.732906,29.145973],[105.723397,29.173026],[105.700608,29.223695],[105.694717,29.30493],[105.661179,29.272529],[105.610226,29.283122],[105.505839,29.291468],[105.415871,29.338442],[105.411685,29.40296],[105.397836,29.43562],[105.356443,29.456833],[105.320838,29.464042],[105.307712,29.486443],[105.285181,29.552848],[105.304611,29.60747],[105.345849,29.642687],[105.399283,29.698472],[105.446102,29.696146],[105.476849,29.720899],[105.535192,29.729969],[105.55147,29.747616],[105.562373,29.810971],[105.652342,29.857015],[105.696422,29.863966],[105.718591,29.887401],[105.71146,29.945511],[105.744688,30.001296],[105.7389,30.032637],[105.577566,30.128807],[105.552865,30.157772],[105.570435,30.188984],[105.648311,30.213918],[105.644436,30.23831],[105.626762,30.266602],[105.653737,30.281459],[105.716576,30.271848],[105.734456,30.287118],[105.728255,30.329596],[105.815278,30.437677],[105.879202,30.409539],[105.974803,30.388688],[106.152467,30.325591],[106.190656,30.263734],[106.215925,30.248102],[106.231583,30.228026],[106.266982,30.227716],[106.30486,30.262882],[106.408317,30.271925],[106.418445,30.297117],[106.436429,30.321638],[106.480664,30.316212],[106.508879,30.315359],[106.544122,30.339906],[106.55885,30.316677],[106.605721,30.2858],[106.639724,30.197382],[106.685509,30.133691],[106.71729,30.059277],[106.754032,30.039614],[106.807982,30.039743],[106.885497,30.051654],[107.001407,30.054987],[107.047347,30.068165],[107.074012,30.101419],[107.112821,30.126947],[107.162793,30.183765],[107.228732,30.238155],[107.384071,30.515502],[107.416524,30.526742],[107.488354,30.657793],[107.452181,30.719934],[107.456676,30.760862],[107.507578,30.821995],[107.620852,30.837369],[107.665088,30.845714],[107.706842,30.880415],[107.728081,30.888503],[107.769061,30.827421],[107.800066,30.800343],[107.811539,30.798017]]]}},{"type":"Feature","properties":{"name_zh":"贵州省","name_en":"Guizhou","center_lng":106.55885,"center_lat":26.9387435,"name_short":"贵州"},"geometry":{"type":"Polygon","coordinates":[[[107.496106,29.246096],[107.515174,29.232919],[107.547782,29.192301],[107.631705,29.166695],[107.682296,29.143338],[107.765805,29.150417],[107.786269,29.126595],[107.785804,29.050398],[107.811539,29.012338],[107.850037,28.982598],[107.896288,28.991977],[107.991269,29.043499],[108.286238,29.077166],[108.297504,29.071998],[108.34055,28.919656],[108.34179,28.859531],[108.371608,28.815942],[108.329336,28.756772],[108.323032,28.705845],[108.36396,28.677681],[108.505656,28.639803],[108.52488,28.644324],[108.54431,28.642128],[108.572629,28.613577],[108.583843,28.595619],[108.582913,28.471751],[108.579347,28.386226],[108.600948,28.341733],[108.629938,28.326798],[108.665026,28.324628],[108.679134,28.332793],[108.680064,28.348658],[108.665802,28.370362],[108.669677,28.392789],[108.670142,28.41023],[108.644976,28.443174],[108.64079,28.458573],[108.649937,28.47095],[108.695877,28.485833],[108.723369,28.480923],[108.743213,28.458599],[108.780937,28.432141],[108.780782,28.40837],[108.750964,28.307756],[108.72771,28.228613],[108.742748,28.214247],[108.760938,28.22559],[108.776751,28.232205],[108.84176,28.212283],[108.860984,28.209364],[108.891421,28.216314],[108.91142,28.213162],[108.962941,28.197607],[108.995859,28.197737],[109.014307,28.210346],[109.068309,28.19337],[109.084587,28.193602],[109.094974,28.205204],[109.096111,28.223446],[109.087068,28.261273],[109.108824,28.283855],[109.123551,28.305921],[109.169647,28.458263],[109.222719,28.493016],[109.249384,28.476117],[109.252949,28.449504],[109.273155,28.390748],[109.261476,28.335687],[109.270468,28.314758],[109.329172,28.285199],[109.354287,28.265174],[109.358007,28.227916],[109.330206,28.166369],[109.294549,28.072705],[109.30013,28.051466],[109.319353,28.047048],[109.335993,28.060303],[109.353202,28.062577],[109.366379,28.052552],[109.362658,28.029633],[109.323901,28.000668],[109.312842,27.98191],[109.310672,27.963565],[109.332583,27.944729],[109.340334,27.935479],[109.319664,27.916953],[109.309277,27.897807],[109.327312,27.847706],[109.328965,27.813367],[109.335063,27.79249],[109.358783,27.760735],[109.41449,27.714019],[109.432628,27.688052],[109.447253,27.650018],[109.444772,27.601055],[109.440586,27.58767],[109.418366,27.559507],[109.276875,27.438532],[109.258685,27.434579],[109.198172,27.442847],[109.170577,27.4198],[109.135644,27.411195],[109.124637,27.387502],[109.005781,27.257458],[108.968832,27.248931],[108.892971,27.173174],[108.893591,27.134726],[108.872972,27.118578],[108.847031,27.107571],[108.792977,27.103178],[108.788378,27.088218],[108.819746,27.068116],[108.882584,27.011866],[108.941185,27.022692],[108.960926,27.039177],[108.976532,27.069769],[109.007796,27.094057],[109.095491,27.134442],[109.118591,27.13824],[109.121949,27.124081],[109.109909,27.106098],[109.120399,27.084135],[109.147581,27.077882],[109.168872,27.086771],[109.21135,27.132556],[109.225819,27.153072],[109.263853,27.133176],[109.29889,27.146044],[109.381882,27.151857],[109.418986,27.141961],[109.446477,27.120955],[109.460275,27.095969],[109.499187,27.062483],[109.507146,27.04499],[109.50606,27.00166],[109.507146,26.976364],[109.493606,26.944816],[109.464151,26.922595],[109.450922,26.908099],[109.444927,26.892493],[109.461825,26.877197],[109.491126,26.881564],[109.502495,26.875931],[109.520788,26.845158],[109.505285,26.824797],[109.386843,26.74953],[109.342349,26.742477],[109.303696,26.730565],[109.282922,26.718628],[109.290518,26.690878],[109.319353,26.675788],[109.34762,26.668579],[109.377231,26.646152],[109.408909,26.57799],[109.402553,26.537295],[109.355837,26.480658],[109.32018,26.435674],[109.292378,26.352578],[109.296564,26.312529],[109.315633,26.288809],[109.399297,26.269947],[109.405033,26.257519],[109.385499,26.232559],[109.3886,26.21238],[109.410407,26.188014],[109.41759,26.158068],[109.427822,26.116391],[109.456709,26.03885],[109.383742,25.970431],[109.403328,25.934619],[109.35563,25.875966],[109.312532,25.785351],[109.292068,25.735768],[109.25605,25.728275],[109.216207,25.752873],[109.173523,25.808968],[109.162464,25.794912],[109.1574,25.757575],[109.128047,25.749411],[109.106653,25.782923],[109.085363,25.805428],[108.953329,25.775714],[108.866255,25.701661],[108.860673,25.681456],[108.865479,25.658098],[108.888269,25.651535],[108.979839,25.704271],[109.041334,25.720394],[109.036167,25.685358],[109.024384,25.59495],[109.042988,25.553247],[109.018803,25.523094],[108.98356,25.51498],[108.92806,25.550405],[108.781712,25.521362],[108.766312,25.528029],[108.771325,25.559655],[108.767759,25.598929],[108.725695,25.612545],[108.6596,25.576372],[108.639085,25.537227],[108.656758,25.512086],[108.624977,25.493535],[108.579347,25.467851],[108.565859,25.434882],[108.571595,25.410206],[108.601051,25.377754],[108.603532,25.343363],[108.54183,25.380647],[108.501161,25.441987],[108.440647,25.486171],[108.421114,25.508702],[108.372848,25.515833],[108.338948,25.520071],[108.29337,25.5387],[108.284688,25.51126],[108.274301,25.500253],[108.228516,25.479737],[108.196735,25.43589],[108.166297,25.410284],[108.134154,25.391396],[108.130279,25.374162],[108.126248,25.257244],[108.10966,25.235798],[108.06775,25.213138],[107.95029,25.204483],[107.887141,25.157354],[107.861871,25.145959],[107.776037,25.152987],[107.764255,25.186887],[107.757692,25.2112],[107.739398,25.227349],[107.715059,25.219029],[107.702191,25.208358],[107.686172,25.202441],[107.672374,25.216006],[107.674544,25.234274],[107.64912,25.252826],[107.641626,25.267528],[107.646897,25.295614],[107.645037,25.3106],[107.627157,25.305613],[107.616822,25.290265],[107.601629,25.267347],[107.564835,25.258717],[107.535793,25.230708],[107.506441,25.215231],[107.479466,25.216911],[107.466443,25.226419],[107.465358,25.243085],[107.478122,25.264505],[107.479156,25.276132],[107.470681,25.283599],[107.427996,25.299567],[107.412183,25.321065],[107.407015,25.361605],[107.400969,25.383283],[107.384691,25.396745],[107.33503,25.408191],[107.319992,25.415477],[107.313016,25.429559],[107.315651,25.447543],[107.327434,25.470151],[107.267076,25.540664],[107.222686,25.558363],[107.165583,25.526788],[107.07794,25.528442],[107.049828,25.51095],[107.021923,25.497953],[107.004818,25.46333],[106.994741,25.453382],[106.974587,25.440437],[106.976447,25.408269],[107.009159,25.362251],[107.015515,25.347833],[107.008693,25.292229],[106.995516,25.255384],[106.986214,25.24293],[106.97066,25.234713],[106.923841,25.254919],[106.90038,25.216601],[106.885962,25.196964],[106.666802,25.173503],[106.587117,25.104359],[106.456686,25.036095],[106.306566,24.981473],[106.207915,24.972714],[106.186005,24.95933],[106.155722,24.960363],[106.199441,24.829854],[106.083944,24.715262],[106.020743,24.641907],[105.91646,24.728723],[105.851968,24.729344],[105.787734,24.715727],[105.675338,24.789676],[105.607642,24.803344],[105.542168,24.810166],[105.45809,24.866441],[105.413855,24.940545],[105.360784,24.953413],[105.289419,24.933181],[105.228854,24.988992],[105.177177,25.001446],[105.139505,24.971887],[105.100076,24.954317],[105.045299,24.888688],[105.030261,24.838407],[105.012485,24.797479],[104.973934,24.782699],[104.876731,24.755027],[104.825261,24.688261],[104.763146,24.664386],[104.717826,24.640021],[104.6708,24.66759],[104.630337,24.682912],[104.539852,24.741772],[104.552203,24.833549],[104.605533,24.895509],[104.658139,24.95796],[104.68036,24.976615],[104.707025,25.01731],[104.692607,25.060564],[104.689042,25.101259],[104.713846,25.148672],[104.718704,25.175053],[104.719738,25.210942],[104.761027,25.219314],[104.779992,25.227969],[104.789087,25.250759],[104.778235,25.26174],[104.713691,25.273083],[104.668888,25.296828],[104.595146,25.36809],[104.553546,25.484543],[104.523781,25.505524],[104.468073,25.491106],[104.432675,25.506815],[104.422443,25.579266],[104.374022,25.601461],[104.32064,25.635852],[104.307153,25.658486],[104.307773,25.690499],[104.298626,25.754501],[104.30767,25.767032],[104.349063,25.751813],[104.367046,25.750496],[104.382911,25.763544],[104.393556,25.791191],[104.421823,25.875268],[104.415622,25.908858],[104.402134,25.919865],[104.390042,25.943611],[104.436551,25.964023],[104.463422,25.981515],[104.501456,26.060451],[104.513549,26.095074],[104.515254,26.121558],[104.504557,26.155432],[104.526571,26.183363],[104.541144,26.229588],[104.545175,26.270412],[104.636745,26.340511],[104.653643,26.359864],[104.667751,26.375031],[104.676794,26.380354],[104.675089,26.385496],[104.655349,26.431048],[104.642481,26.44712],[104.633335,26.466421],[104.626513,26.497659],[104.620312,26.502388],[104.578351,26.544013],[104.57308,26.569205],[104.563675,26.58153],[104.545485,26.590961],[104.515409,26.59215],[104.495979,26.587706],[104.473189,26.601813],[104.463733,26.626644],[104.460012,26.663231],[104.429884,26.71253],[104.40508,26.719015],[104.390352,26.709249],[104.383944,26.680439],[104.354799,26.644136],[104.336195,26.633207],[104.317695,26.628892],[104.218063,26.626618],[104.153364,26.651242],[104.13445,26.648296],[104.110989,26.634473],[104.054972,26.560033],[104.044585,26.528071],[104.027067,26.515384],[103.915807,26.517787],[103.860255,26.532231],[103.781294,26.582693],[103.759228,26.623414],[103.763103,26.662636],[103.775092,26.731702],[103.765894,26.741159],[103.737369,26.736146],[103.729927,26.758005],[103.715148,26.81596],[103.721866,26.835856],[103.729617,26.856501],[103.749926,26.863916],[103.778296,26.880013],[103.771372,26.912079],[103.778916,26.938201],[103.778296,26.955874],[103.759073,26.976442],[103.751631,26.999515],[103.748996,27.005148],[103.722899,27.036464],[103.700885,27.052432],[103.674995,27.039978],[103.606834,27.04977],[103.596447,27.076074],[103.606834,27.091964],[103.695407,27.151702],[103.859325,27.315387],[103.906351,27.387192],[103.939837,27.399026],[103.97508,27.400989],[103.995234,27.391843],[104.029857,27.358795],[104.094866,27.32487],[104.155999,27.28371],[104.184887,27.271824],[104.24509,27.301383],[104.249585,27.317661],[104.263693,27.370629],[104.331338,27.429515],[104.361,27.447007],[104.373557,27.437499],[104.45226,27.340993],[104.515564,27.318281],[104.594216,27.313785],[104.704855,27.328694],[104.729556,27.319806],[104.769864,27.32934],[104.790379,27.332105],[104.812238,27.324327],[104.856318,27.306809],[104.909235,27.331123],[104.928149,27.341923],[105.022045,27.39006],[105.06876,27.411195],[105.165705,27.395098],[105.192887,27.395021],[105.198468,27.42197],[105.214281,27.442124],[105.220482,27.457446],[105.221567,27.494756],[105.242858,27.525452],[105.246114,27.582503],[105.263632,27.608754],[105.284458,27.660172],[105.314223,27.721435],[105.36838,27.763706],[105.479795,27.783886],[105.524495,27.774636],[105.567748,27.737093],[105.602681,27.722856],[105.625625,27.686347],[105.646916,27.67813],[105.703554,27.688594],[105.725671,27.707224],[105.756574,27.720272],[105.833106,27.717146],[105.855637,27.729806],[105.915324,27.75505],[105.939405,27.749082],[106.043998,27.75952],[106.084667,27.785204],[106.130918,27.784196],[106.229103,27.768951],[106.28574,27.795901],[106.339742,27.828379],[106.338967,27.865845],[106.310907,27.925712],[106.30269,27.991031],[106.291528,28.009221],[106.210964,28.060871],[106.199957,28.106941],[106.199337,28.124253],[106.163629,28.153941],[106.10942,28.174715],[106.055005,28.156292],[106.017436,28.142417],[105.996817,28.140324],[105.934909,28.155414],[105.891759,28.153889],[105.87145,28.192595],[105.880597,28.235693],[105.866024,28.258353],[105.808922,28.278145],[105.759881,28.304319],[105.710375,28.301761],[105.667225,28.318298],[105.650482,28.340028],[105.655753,28.441107],[105.627072,28.475084],[105.622732,28.499811],[105.658078,28.52459],[105.66986,28.560996],[105.683193,28.583449],[105.730115,28.603655],[105.829231,28.602699],[105.881372,28.604921],[105.908089,28.639648],[105.931498,28.706465],[105.965036,28.750829],[106.078311,28.669258],[106.153707,28.623602],[106.188795,28.584612],[106.28729,28.545028],[106.30052,28.516838],[106.298349,28.49175],[106.314162,28.471027],[106.372143,28.522781],[106.382427,28.572494],[106.474463,28.536811],[106.482989,28.588462],[106.510119,28.639467],[106.522212,28.672669],[106.514357,28.709592],[106.46299,28.799948],[106.476323,28.834752],[106.504228,28.819585],[106.562416,28.767133],[106.598279,28.697758],[106.626495,28.6374],[106.594869,28.578204],[106.554354,28.527691],[106.562416,28.510741],[106.630215,28.521722],[106.665304,28.502085],[106.693984,28.482784],[106.74318,28.492525],[106.751913,28.525675],[106.76199,28.590891],[106.803228,28.588307],[106.837231,28.622853],[106.847928,28.658406],[106.846533,28.692848],[106.849168,28.773024],[106.927251,28.810335],[106.959498,28.790956],[106.999547,28.85997],[107.030708,28.887617],[107.10662,28.900458],[107.161087,28.881338],[107.228887,28.820153],[107.285524,28.805219],[107.4466,28.885059],[107.462102,28.914928],[107.472851,28.964589],[107.499671,28.993063],[107.498276,29.007248],[107.479466,29.028203],[107.428461,29.067115],[107.416834,29.112229],[107.430477,29.18287],[107.456521,29.222945],[107.486649,29.24421],[107.496106,29.246096]]]}},{"type":"Feature","properties":{"name_zh":"湖南省","name_en":"Hunan","center_lng":111.511106,"center_lat":27.370525999999998,"name_short":"湖南"},"geometry":{"type":"Polygon","coordinates":[[[109.258375,28.505909],[109.284627,28.573476],[109.278736,28.591795],[109.237136,28.608228],[109.214347,28.623783],[109.221788,28.640939],[109.256515,28.659827],[109.261011,28.67856],[109.267057,28.70786],[109.281216,28.729125],[109.260856,28.750674],[109.240392,28.882708],[109.274188,29.016498],[109.274808,29.049261],[109.245353,29.132201],[109.25822,29.191759],[109.257755,29.228681],[109.304316,29.262142],[109.339869,29.296817],[109.329275,29.315575],[109.328345,29.353712],[109.37351,29.387871],[109.376921,29.406371],[109.375991,29.431279],[109.386843,29.445929],[109.406428,29.464171],[109.408547,29.491818],[109.411699,29.500784],[109.426272,29.504633],[109.432318,29.533908],[109.445547,29.539644],[109.456709,29.534657],[109.465856,29.566413],[109.484305,29.56742],[109.499187,29.567162],[109.514897,29.570082],[109.533656,29.596902],[109.586417,29.616074],[109.61949,29.61566],[109.655767,29.594861],[109.690855,29.604912],[109.747958,29.711468],[110.103905,29.785417],[110.136978,29.774049],[110.165193,29.759502],[110.225138,29.737332],[110.299139,29.673874],[110.361667,29.650103],[110.412413,29.674494],[110.42094,29.704182],[110.437218,29.727101],[110.482073,29.712295],[110.525533,29.72524],[110.591162,29.771361],[110.561655,29.825492],[110.500573,29.86257],[110.473392,29.906263],[110.476957,29.957991],[110.502124,29.977757],[110.497783,29.998893],[110.489515,30.040234],[110.543361,30.055013],[110.659892,30.038348],[110.715599,30.02964],[110.724746,30.053541],[110.733944,30.08819],[110.798953,30.094675],[111.246161,30.031733],[111.330859,29.980031],[111.371218,29.954244],[111.390597,29.926959],[111.414988,29.925796],[111.482477,29.939026],[111.683137,29.899028],[111.712747,29.907115],[111.741428,29.923471],[111.76861,29.919595],[112.082389,29.733431],[112.140732,29.692917],[112.172823,29.645607],[112.187292,29.650568],[112.213802,29.673099],[112.22946,29.630982],[112.248115,29.615066],[112.277261,29.594576],[112.279586,29.542616],[112.295089,29.542564],[112.443917,29.641369],[112.496214,29.644289],[112.656049,29.628528],[112.683696,29.647493],[112.689897,29.66682],[112.70292,29.678525],[112.740747,29.684933],[112.762347,29.699221],[112.782191,29.732268],[112.798624,29.743172],[112.853091,29.779113],[112.915103,29.754308],[112.929624,29.701469],[112.987657,29.744025],[113.021763,29.747435],[112.990912,29.692038],[112.908488,29.600803],[112.953344,29.476625],[113.008121,29.518095],[113.04879,29.489699],[113.054991,29.443345],[113.076747,29.459675],[113.084912,29.494737],[113.115504,29.467737],[113.145683,29.472077],[113.415848,29.764566],[113.519511,29.841667],[113.591134,29.860012],[113.53274,29.704906],[113.541008,29.683046],[113.614802,29.687697],[113.634697,29.684829],[113.649425,29.676277],[113.678777,29.613361],[113.674592,29.567782],[113.674126,29.53135],[113.694177,29.504892],[113.717741,29.477426],[113.729369,29.437092],[113.709783,29.411022],[113.661517,29.388336],[113.609428,29.328779],[113.581005,29.2647],[113.62121,29.235761],[113.649322,29.20597],[113.650872,29.134424],[113.678932,29.10657],[113.701928,29.072386],[113.736448,29.106518],[113.768333,29.124502],[113.788951,29.121479],[113.902381,29.06634],[113.905172,28.955985],[113.954213,28.943014],[113.990231,28.922292],[114.01209,28.912913],[114.026508,28.886661],[114.050589,28.865112],[114.130481,28.826122],[114.142728,28.788501],[114.12335,28.691712],[114.112808,28.615515],[114.084076,28.549782],[114.121954,28.515831],[114.180607,28.500612],[114.170995,28.448729],[114.179935,28.433278],[114.221587,28.415268],[114.232594,28.39434],[114.233834,28.376175],[114.202983,28.319486],[114.184483,28.29308],[114.150376,28.272435],[114.084076,28.247449],[114.077409,28.215229],[114.043613,28.190502],[114.020255,28.172854],[114.016121,28.133296],[114.008215,28.089423],[113.892924,28.013122],[113.814376,28.002322],[113.778099,27.985966],[113.73681,27.981574],[113.707044,27.940672],[113.71216,27.864062],[113.700998,27.818948],[113.646014,27.745542],[113.586793,27.632086],[113.559611,27.584337],[113.564727,27.547854],[113.575838,27.526925],[113.597025,27.386494],[113.60488,27.360449],[113.66746,27.329547],[113.700171,27.334378],[113.740531,27.360191],[113.78275,27.370784],[113.823575,27.354145],[113.85117,27.322544],[113.84993,27.280997],[113.817167,27.220251],[113.755775,27.147258],[113.753088,27.089923],[113.768022,27.076384],[113.78182,27.08398],[113.794377,27.085531],[113.808175,27.051657],[113.824195,27.031477],[113.843728,27.014191],[113.863159,26.977733],[113.883933,26.967527],[113.89463,26.955099],[113.876956,26.920269],[113.868533,26.874329],[113.860162,26.858309],[113.831636,26.827484],[113.864709,26.655867],[113.888274,26.6353],[113.906257,26.628866],[113.989456,26.609539],[114.003099,26.594475],[114.016431,26.585225],[114.070588,26.579153],[114.087021,26.552902],[114.074309,26.487608],[114.076324,26.470684],[114.051054,26.431514],[114.017516,26.392963],[114.012245,26.362861],[114.001238,26.300126],[113.988371,26.265064],[113.925377,26.170367],[113.953283,26.161478],[113.969406,26.167034],[113.989146,26.184216],[114.001032,26.188479],[114.022012,26.175018],[114.040926,26.171013],[114.062837,26.177782],[114.136682,26.220364],[114.162159,26.221371],[114.179677,26.209615],[114.209184,26.199228],[114.21523,26.175431],[114.199262,26.155045],[114.117304,26.121765],[114.101956,26.102619],[114.07958,26.087374],[114.053845,26.080786],[114.026353,26.049625],[114.015346,25.984512],[114.014571,25.916842],[113.980154,25.87054],[113.94181,25.79716],[113.902226,25.729567],[113.913543,25.669338],[113.961809,25.624689],[113.979637,25.592262],[113.978397,25.563143],[113.935609,25.494852],[113.886103,25.437259],[113.865433,25.415374],[113.839698,25.367005],[113.809105,25.348221],[113.763992,25.341399],[113.69397,25.363233],[113.582452,25.325948],[113.563642,25.329746],[113.562092,25.344267],[113.539303,25.3653],[113.523438,25.385583],[113.499563,25.384601],[113.462615,25.376617],[113.411403,25.388864],[113.403032,25.401473],[113.390785,25.411266],[113.301849,25.471365],[113.292444,25.489581],[113.291307,25.514102],[113.27751,25.516582],[113.200874,25.500563],[113.089769,25.41416],[113.001713,25.365791],[112.943732,25.348866],[112.913036,25.321995],[112.897326,25.321969],[112.884614,25.337756],[112.870661,25.344138],[112.854538,25.333777],[112.852058,25.314786],[112.866165,25.266494],[112.88911,25.241457],[112.96001,25.251637],[113.00378,25.248511],[113.02445,25.240217],[113.027344,25.223784],[113.008741,25.206188],[112.975874,25.188385],[112.966263,25.160997],[112.973084,25.099709],[112.958408,25.04811],[112.970397,25.009016],[112.993083,24.975375],[112.966573,24.958658],[112.882133,24.943387],[112.836503,24.939563],[112.792578,24.948917],[112.712376,25.001291],[112.697183,25.023873],[112.694651,25.059143],[112.689897,25.076041],[112.663335,25.113144],[112.622666,25.135469],[112.535953,25.133531],[112.458387,25.164252],[112.419578,25.164795],[112.331573,25.181461],[112.251216,25.177921],[112.219538,25.198333],[112.200935,25.200969],[112.188326,25.194018],[112.182745,25.152574],[112.152979,25.059323],[112.127244,24.97783],[112.123627,24.944705],[112.138406,24.930003],[112.164761,24.911994],[112.166777,24.894837],[112.145072,24.806393],[112.139646,24.784431],[112.123007,24.793086],[112.111224,24.809468],[112.091226,24.809158],[112.050246,24.781924],[111.996554,24.735674],[111.990922,24.755337],[111.941002,24.773579],[111.915732,24.771822],[111.898007,24.764458],[111.825092,24.760659],[111.661691,24.777842],[111.636266,24.759807],[111.624949,24.734356],[111.615751,24.706968],[111.584435,24.70503],[111.568725,24.699759],[111.516945,24.642656],[111.486198,24.660071],[111.438242,24.675316],[111.426615,24.687253],[111.458551,24.749187],[111.474416,24.804817],[111.46961,24.820217],[111.440413,24.854271],[111.449456,24.87843],[111.442531,24.916774],[111.428475,24.953387],[111.442428,24.974574],[111.456897,25.00142],[111.461858,25.019481],[111.448629,25.03625],[111.414316,25.059763],[111.42429,25.089115],[111.426925,25.106194],[111.419949,25.120043],[111.388581,25.134771],[111.334269,25.115315],[111.31024,25.117485],[111.274376,25.147664],[111.17092,25.065034],[111.125755,25.044466],[111.095938,24.974729],[111.03992,24.919022],[111.012894,24.927781],[110.99367,24.964859],[110.956153,25.018783],[110.954913,25.051288],[110.993205,25.150765],[111.005142,25.162702],[111.047052,25.171255],[111.099038,25.213733],[111.115316,25.245229],[111.111906,25.265822],[111.116866,25.286312],[111.147459,25.303185],[111.159086,25.347084],[111.171333,25.372379],[111.199911,25.387856],[111.244301,25.394264],[111.282748,25.430024],[111.288019,25.459893],[111.306054,25.488445],[111.321092,25.520303],[111.317991,25.537227],[111.325743,25.5965],[111.303212,25.647039],[111.31427,25.668304],[111.318921,25.688768],[111.323727,25.729825],[111.356025,25.732357],[111.371218,25.744579],[111.411267,25.802611],[111.416073,25.841524],[111.472504,25.890694],[111.455037,25.901339],[111.456587,25.921622],[111.446614,25.926712],[111.342486,25.903923],[111.317371,25.909013],[111.303108,25.896456],[111.299698,25.86837],[111.284815,25.860799],[111.256238,25.86899],[111.202081,25.930278],[111.194329,25.957512],[111.201926,25.995675],[111.246781,26.131997],[111.26771,26.229665],[111.275461,26.253953],[111.251897,26.279714],[111.237169,26.284365],[111.204406,26.284597],[111.135832,26.302917],[111.033099,26.346325],[110.971811,26.376633],[110.942304,26.387718],[110.92556,26.361931],[110.896725,26.282272],[110.713274,26.276148],[110.697151,26.299299],[110.688624,26.332321],[110.577054,26.350795],[110.55163,26.333716],[110.55597,26.301315],[110.542431,26.272118],[110.546255,26.248114],[110.53654,26.22486],[110.476027,26.169669],[110.409726,26.164011],[110.35283,26.126648],[110.298984,26.021048],[110.246997,25.978208],[110.213304,26.001566],[110.181213,26.03916],[110.081271,26.038902],[110.026494,26.044173],[110.037449,26.092594],[110.062047,26.149929],[110.011146,26.166569],[109.984739,26.184371],[109.958539,26.195378],[109.902629,26.161609],[109.838443,26.045026],[109.781341,26.023761],[109.771522,26.002108],[109.784131,25.957512],[109.780824,25.916377],[109.712611,25.890229],[109.657524,25.898626],[109.656697,25.92617],[109.672252,25.985313],[109.657937,26.00017],[109.613392,26.046059],[109.578046,26.042933],[109.536756,26.036654],[109.487922,26.049986],[109.456709,26.03885],[109.427822,26.116391],[109.41759,26.158068],[109.410407,26.188014],[109.3886,26.21238],[109.385499,26.232559],[109.405033,26.257519],[109.399297,26.269947],[109.315633,26.288809],[109.296564,26.312529],[109.292378,26.352578],[109.32018,26.435674],[109.355837,26.480658],[109.402553,26.537295],[109.408909,26.57799],[109.377231,26.646152],[109.34762,26.668579],[109.319353,26.675788],[109.290518,26.690878],[109.282922,26.718628],[109.303696,26.730565],[109.342349,26.742477],[109.386843,26.74953],[109.505285,26.824797],[109.520788,26.845158],[109.502495,26.875931],[109.491126,26.881564],[109.461825,26.877197],[109.444927,26.892493],[109.450922,26.908099],[109.464151,26.922595],[109.493606,26.944816],[109.507146,26.976364],[109.50606,27.00166],[109.507146,27.04499],[109.499187,27.062483],[109.460275,27.095969],[109.446477,27.120955],[109.418986,27.141961],[109.381882,27.151857],[109.29889,27.146044],[109.263853,27.133176],[109.225819,27.153072],[109.21135,27.132556],[109.168872,27.086771],[109.147581,27.077882],[109.120399,27.084135],[109.109909,27.106098],[109.121949,27.124081],[109.118591,27.13824],[109.095491,27.134442],[109.007796,27.094057],[108.976532,27.069769],[108.960926,27.039177],[108.941185,27.022692],[108.882584,27.011866],[108.819746,27.068116],[108.788378,27.088218],[108.792977,27.103178],[108.847031,27.107571],[108.872972,27.118578],[108.893591,27.134726],[108.892971,27.173174],[108.968832,27.248931],[109.005781,27.257458],[109.124637,27.387502],[109.135644,27.411195],[109.170577,27.4198],[109.198172,27.442847],[109.258685,27.434579],[109.276875,27.438532],[109.418366,27.559507],[109.440586,27.58767],[109.444772,27.601055],[109.447253,27.650018],[109.432628,27.688052],[109.41449,27.714019],[109.358783,27.760735],[109.335063,27.79249],[109.328965,27.813367],[109.327312,27.847706],[109.309277,27.897807],[109.319664,27.916953],[109.340334,27.935479],[109.332583,27.944729],[109.310672,27.963565],[109.312842,27.98191],[109.323901,28.000668],[109.362658,28.029633],[109.366379,28.052552],[109.353202,28.062577],[109.335993,28.060303],[109.319353,28.047048],[109.30013,28.051466],[109.294549,28.072705],[109.330206,28.166369],[109.358007,28.227916],[109.354287,28.265174],[109.329172,28.285199],[109.270468,28.314758],[109.261476,28.335687],[109.273155,28.390748],[109.252949,28.449504],[109.249384,28.476117],[109.258375,28.505909]]]}},{"type":"Feature","properties":{"name_zh":"宁夏回族自治区","name_en":"Ningxia","center_lng":106.010098,"center_lat":37.314157,"name_short":"宁夏"},"geometry":{"type":"Polygon","coordinates":[[[106.773772,39.372998],[106.793616,39.352999],[106.809377,39.309332],[106.808241,39.199055],[106.848342,39.163941],[106.879606,39.093893],[106.911852,39.069192],[106.982183,39.031675],[106.977843,39.002891],[106.772842,38.715673],[106.704423,38.637229],[106.570994,38.378278],[106.629905,38.223765],[106.80762,38.157077],[107.060835,38.114935],[107.30573,38.077934],[107.392753,37.985227],[107.40469,37.921665],[107.491765,37.904508],[107.628431,37.859793],[107.655941,37.795161],[107.625297,37.770511],[107.509438,37.764284],[107.480603,37.741831],[107.474195,37.698113],[107.436058,37.663464],[107.317202,37.590186],[107.321853,37.548484],[107.256224,37.378649],[107.238033,37.306354],[107.310432,37.203673],[107.326969,37.155355],[107.256844,37.091173],[107.125689,37.124633],[107.055099,37.119828],[106.98854,37.109105],[106.888908,37.120448],[106.780749,37.195663],[106.68985,37.206566],[106.656777,37.197316],[106.644065,37.181658],[106.637657,37.124091],[106.624169,37.083396],[106.622464,37.049367],[106.637347,37.025544],[106.637037,37.00601],[106.608356,36.955471],[106.581226,36.940226],[106.576058,36.923638],[106.606496,36.897851],[106.649026,36.834186],[106.653056,36.816849],[106.621689,36.741582],[106.602155,36.725821],[106.567997,36.730342],[106.548153,36.730213],[106.499422,36.704117],[106.48981,36.687399],[106.490741,36.602004],[106.48919,36.537822],[106.439994,36.514774],[106.430848,36.50232],[106.453482,36.480151],[106.486555,36.457827],[106.495391,36.436743],[106.502781,36.349771],[106.49813,36.338299],[106.476633,36.322021],[106.474928,36.300239],[106.49658,36.268355],[106.52955,36.259337],[106.550479,36.26249],[106.598434,36.278096],[106.613886,36.275512],[106.698532,36.225179],[106.765866,36.202984],[106.819558,36.211588],[106.833665,36.202829],[106.87635,36.160377],[106.898209,36.129165],[106.914539,36.114127],[106.94477,36.076946],[106.931592,36.024313],[106.932936,35.994806],[106.938414,35.975737],[106.915779,35.957495],[106.919913,35.941837],[106.938569,35.923906],[106.914849,35.907059],[106.859452,35.895044],[106.845448,35.885872],[106.848083,35.8744],[106.870924,35.850835],[106.878831,35.829855],[106.906271,35.801872],[106.913402,35.788824],[106.8779,35.76221],[106.859452,35.737302],[106.840952,35.732961],[106.767106,35.706555],[106.754239,35.684024],[106.715895,35.685109],[106.636416,35.714565],[106.594869,35.727432],[106.469605,35.727432],[106.44201,35.717045],[106.431313,35.704643],[106.429762,35.687589],[106.448831,35.620436],[106.472292,35.590825],[106.507949,35.570491],[106.509034,35.55628],[106.429607,35.556538],[106.413278,35.545893],[106.419841,35.525041],[106.438289,35.501063],[106.468571,35.493777],[106.489655,35.483002],[106.497407,35.469179],[106.49012,35.405178],[106.464851,35.332366],[106.377776,35.260665],[106.313387,35.27361],[106.270237,35.327921],[106.210654,35.395152],[106.112417,35.42466],[106.001727,35.429362],[105.919406,35.405204],[105.889434,35.414712],[105.900647,35.446777],[106.071903,35.467034],[106.065082,35.487653],[105.903541,35.518194],[105.859668,35.488118],[105.803496,35.520054],[105.702158,35.632192],[105.68433,35.673533],[105.707429,35.685729],[105.725568,35.710069],[105.63932,35.71074],[105.580202,35.697563],[105.45716,35.752133],[105.437885,35.754769],[105.424397,35.764174],[105.40936,35.786912],[105.398766,35.802569],[105.376442,35.843135],[105.362954,35.853212],[105.320579,35.923441],[105.314843,35.972792],[105.330966,36.032426],[105.351482,36.057644],[105.431064,36.0979],[105.437885,36.132368],[105.435249,36.188825],[105.447032,36.207325],[105.445946,36.254583],[105.407499,36.365067],[105.347606,36.418449],[105.308952,36.491184],[105.219242,36.702411],[105.229164,36.735071],[105.320579,36.796566],[105.186376,36.962163],[105.090464,37.026319],[104.965252,37.063836],[104.916935,37.104841],[104.897401,37.146518],[104.870891,37.180935],[104.863605,37.209874],[104.80149,37.243334],[104.756686,37.247908],[104.720874,37.219408],[104.701444,37.214085],[104.658139,37.222586],[104.621397,37.249277],[104.624343,37.262997],[104.630544,37.274831],[104.656899,37.277208],[104.671368,37.285657],[104.683771,37.30346],[104.716327,37.319376],[104.722425,37.339323],[104.687802,37.362061],[104.701754,37.393739],[104.689507,37.411929],[104.47629,37.443761],[104.358519,37.401232],[104.436396,37.50753],[104.522385,37.529958],[104.646977,37.5066],[104.944323,37.545719],[105.001684,37.569955],[105.028091,37.606335],[105.065143,37.648968],[105.354428,37.752631],[105.40998,37.749737],[105.534106,37.724984],[105.651412,37.737025],[105.788096,37.805057],[105.8021,37.824513],[105.814813,37.956469],[105.82613,37.999877],[105.819929,38.014062],[105.760656,38.114108],[105.755643,38.147801],[105.765772,38.184388],[105.789026,38.210846],[105.828094,38.226814],[105.838222,38.240509],[105.848661,38.27477],[105.84525,38.304122],[105.82737,38.33071],[105.822719,38.346135],[105.84122,38.571289],[105.963486,38.830369],[106.003484,38.881193],[106.029115,38.945504],[106.066012,38.989972],[106.083892,39.067176],[106.120479,39.124486],[106.165179,39.13048],[106.206003,39.122393],[106.240782,39.126656],[106.271012,39.144045],[106.285895,39.162158],[106.288221,39.179986],[106.278816,39.206393],[106.271477,39.249827],[106.275663,39.269154],[106.30207,39.289488],[106.347028,39.293778],[106.496942,39.285794],[106.567377,39.316257],[106.749278,39.364626],[106.773772,39.372998]]]}},{"type":"Feature","properties":{"name_zh":"陕西省","name_en":"Shaanxi","center_lng":108.362642,"center_lat":35.6430185,"name_short":"陕西"},"geometry":{"type":"Polygon","coordinates":[[[109.335993,31.705249],[109.252588,31.744006],[109.11766,31.905727],[108.9108,31.99319],[108.789308,32.045331],[108.75298,32.083003],[108.715566,32.096853],[108.663166,32.112459],[108.518369,32.19757],[108.479405,32.25028],[108.367577,32.265499],[108.291354,32.251184],[108.250995,32.264827],[108.200455,32.240435],[108.116481,32.232038],[108.051782,32.226612],[108.015919,32.203306],[108.005842,32.159433],[107.990494,32.145222],[107.904504,32.196511],[107.843526,32.228162],[107.772936,32.310715],[107.681521,32.3719],[107.622248,32.399211],[107.575067,32.391796],[107.459622,32.408642],[107.459932,32.413526],[107.456831,32.421329],[107.460552,32.433163],[107.461327,32.445178],[107.455281,32.458122],[107.450475,32.470163],[107.444739,32.500187],[107.445824,32.505226],[107.448305,32.522227],[107.430787,32.535172],[107.391047,32.530263],[107.354926,32.507293],[107.302629,32.465383],[107.256224,32.444532],[107.20217,32.452774],[107.079594,32.513571],[107.071067,32.543492],[107.097784,32.658007],[107.065331,32.708314],[107.010864,32.719554],[106.842967,32.716892],[106.737444,32.743428],[106.660808,32.698805],[106.531255,32.671882],[106.433328,32.644338],[106.363978,32.63868],[106.268377,32.592636],[106.211533,32.596848],[106.081567,32.67661],[106.059501,32.706092],[106.053455,32.73547],[106.060896,32.771204],[106.09986,32.837298],[106.095519,32.868382],[106.011752,32.867219],[105.898787,32.85138],[105.843803,32.819651],[105.825045,32.784692],[105.795538,32.753557],[105.741691,32.762626],[105.633274,32.707461],[105.599581,32.703921],[105.568265,32.730457],[105.551315,32.805879],[105.63932,32.885487],[105.733939,32.907372],[105.801015,32.957549],[105.858738,32.963053],[105.886488,32.978013],[105.898167,33.000725],[105.910569,33.031731],[105.89765,33.158907],[105.923282,33.211487],[105.920026,33.229238],[105.887418,33.240271],[105.747168,33.293989],[105.723087,33.324995],[105.717506,33.341531],[105.715129,33.374811],[105.732906,33.401734],[105.785306,33.406333],[105.832435,33.497542],[105.864164,33.513304],[105.926382,33.545188],[105.976508,33.569579],[105.989996,33.601929],[106.005654,33.614951],[106.094124,33.609396],[106.111487,33.580302],[106.155567,33.562887],[106.273958,33.605985],[106.318503,33.608802],[106.379791,33.617121],[106.418135,33.613892],[106.439994,33.591051],[106.471207,33.548702],[106.55947,33.598621],[106.55761,33.634278],[106.540247,33.661408],[106.491051,33.694223],[106.466711,33.724247],[106.465781,33.765304],[106.455136,33.815611],[106.481904,33.836798],[106.486555,33.86305],[106.469192,33.871525],[106.434878,33.881912],[106.423199,33.925165],[106.430227,33.942115],[106.506864,34.071306],[106.537456,34.126625],[106.579469,34.12678],[106.586342,34.15975],[106.53389,34.253568],[106.519628,34.277288],[106.569754,34.277236],[106.656002,34.254214],[106.685922,34.268916],[106.672073,34.369995],[106.660033,34.394955],[106.621224,34.441386],[106.572906,34.482547],[106.522418,34.49991],[106.486555,34.524146],[106.368371,34.520219],[106.328425,34.558614],[106.319898,34.588535],[106.338037,34.608586],[106.377156,34.63215],[106.390178,34.656541],[106.422786,34.700001],[106.476116,34.725581],[106.491516,34.740955],[106.519318,34.795654],[106.537766,34.811906],[106.551409,34.848623],[106.500817,34.926241],[106.496012,34.947635],[106.504538,34.986469],[106.48919,35.014297],[106.53048,35.047008],[106.564586,35.079616],[106.624789,35.076567],[106.811031,35.087471],[106.92043,35.086541],[106.944615,35.064527],[107.029777,35.048274],[107.059905,35.03104],[107.107395,34.972465],[107.170079,34.932907],[107.192558,34.902831],[107.218655,34.891462],[107.237258,34.90402],[107.270021,34.911564],[107.291105,34.937764],[107.320767,34.942209],[107.355546,34.933527],[107.386086,34.941433],[107.474195,34.928928],[107.512229,34.928592],[107.541891,34.953887],[107.569641,34.965411],[107.724515,34.953164],[107.792625,34.967323],[107.842441,34.998122],[107.83841,35.010318],[107.792935,35.049825],[107.68059,35.208213],[107.672839,35.232966],[107.723379,35.246583],[107.733197,35.255678],[107.738623,35.279707],[107.730872,35.301773],[107.741672,35.318361],[107.861975,35.274359],[107.945019,35.255523],[107.955302,35.233767],[107.964087,35.223277],[107.995455,35.229736],[108.015609,35.242785],[108.072246,35.258365],[108.13865,35.287097],[108.20521,35.293634],[108.22557,35.285857],[108.268875,35.262447],[108.327373,35.276684],[108.492634,35.272498],[108.521469,35.284022],[108.595057,35.36456],[108.617226,35.392827],[108.603738,35.547856],[108.512943,35.675911],[108.509997,35.70087],[108.522555,35.795076],[108.4962,35.855641],[108.490929,35.876415],[108.499455,35.888843],[108.534182,35.91047],[108.566945,35.926283],[108.61118,35.967391],[108.654795,35.980001],[108.674948,35.999818],[108.691226,36.064491],[108.699133,36.135934],[108.690141,36.175983],[108.656345,36.21779],[108.644149,36.242233],[108.647456,36.260216],[108.682235,36.295356],[108.703991,36.334475],[108.704921,36.353285],[108.68332,36.377108],[108.627768,36.41739],[108.61459,36.429043],[108.565859,36.43974],[108.54183,36.454364],[108.509997,36.459532],[108.45522,36.458292],[108.423284,36.470177],[108.395947,36.494284],[108.380599,36.523817],[108.356363,36.546038],[108.2943,36.563092],[108.243864,36.573479],[108.223865,36.59526],[108.202109,36.599265],[108.178338,36.57446],[108.161336,36.569138],[108.102477,36.585519],[108.049922,36.593839],[108.027081,36.613321],[108.026461,36.632855],[108.027753,36.659365],[107.965483,36.669132],[107.936647,36.687373],[107.902489,36.743132],[107.83992,36.77192],[107.739088,36.796617],[107.711648,36.816229],[107.663382,36.820078],[107.530832,36.846588],[107.533519,36.863797],[107.52029,36.883795],[107.487734,36.890979],[107.28785,36.911029],[107.294774,36.959372],[107.288108,37.016759],[107.277773,37.043786],[107.326969,37.155355],[107.310432,37.203673],[107.238033,37.306354],[107.256224,37.378649],[107.321853,37.548484],[107.317202,37.590186],[107.436058,37.663464],[107.474195,37.698113],[107.480603,37.741831],[107.509438,37.764284],[107.625297,37.770511],[107.655941,37.795161],[107.676663,37.842807],[107.90776,37.794903],[107.991114,37.725708],[108.006617,37.676848],[108.015454,37.636773],[108.307167,37.632742],[108.520539,37.670802],[108.73851,37.671267],[108.769723,37.695012],[108.775666,37.756223],[108.780472,37.905284],[108.816438,37.973884],[108.851527,37.99024],[108.877107,37.975822],[108.920205,37.918151],[108.954259,37.925541],[109.035391,38.075221],[109.02795,38.110956],[108.959996,38.182734],[108.955448,38.224876],[108.982837,38.298489],[108.993792,38.346187],[109.045365,38.422461],[109.135179,38.495738],[109.176003,38.554598],[109.313152,38.620485],[109.315788,38.667821],[109.365139,38.689318],[109.391545,38.738824],[109.462446,38.78709],[109.506526,38.790863],[109.537996,38.785204],[109.567814,38.840627],[109.593549,38.869617],[109.635303,38.905817],[109.700622,39.02351],[109.820563,39.054464],[109.833431,39.075651],[109.841389,39.092291],[109.988305,39.194455],[110.169121,39.276259],[110.175477,39.295302],[110.14659,39.359045],[110.106902,39.415062],[110.109176,39.428395],[110.126591,39.439763],[110.158682,39.444518],[110.215526,39.430178],[110.255059,39.377442],[110.338103,39.318143],[110.379651,39.319719],[110.404197,39.336307],[110.428536,39.355944],[110.501814,39.37491],[110.526463,39.365014],[110.550648,39.342302],[110.603409,39.267216],[110.632607,39.247191],[110.656326,39.245977],[110.684852,39.264374],[110.707072,39.305353],[110.812906,39.427387],[110.822983,39.440616],[110.905872,39.510018],[110.958323,39.523324],[110.999406,39.551075],[111.018061,39.567818],[111.053873,39.561694],[111.075319,39.561461],[111.097488,39.571435],[111.127305,39.580582],[111.137072,39.56495],[111.109838,39.508622],[111.048757,39.436715],[111.046742,39.414494],[111.110045,39.385193],[111.151025,39.357236],[111.179498,39.342431],[111.214948,39.316438],[111.22177,39.283494],[111.118003,39.067435],[110.995013,39.003847],[111.00385,38.916126],[110.980337,38.816649],[110.948711,38.7712],[110.921685,38.717327],[110.871817,38.621364],[110.900859,38.580462],[110.897138,38.535452],[110.870473,38.50194],[110.8528,38.457239],[110.774252,38.426234],[110.711517,38.356936],[110.671209,38.31699],[110.634519,38.303347],[110.57969,38.287327],[110.559588,38.217047],[110.517317,38.207126],[110.509617,38.145062],[110.507395,38.011582],[110.513596,38.00104],[110.514371,37.970241],[110.524448,37.952619],[110.577158,37.93138],[110.67462,37.79622],[110.753064,37.745758],[110.727433,37.700361],[110.787894,37.652482],[110.766294,37.62406],[110.786964,37.573572],[110.77606,37.551972],[110.738802,37.469548],[110.653639,37.433994],[110.633692,37.379321],[110.687384,37.357229],[110.669607,37.301186],[110.665008,37.282272],[110.643924,37.274831],[110.634002,37.250957],[110.527859,37.144503],[110.496543,37.096082],[110.469774,37.069521],[110.446727,37.044328],[110.425746,37.027094],[110.408228,37.014899],[110.373088,37.007328],[110.407452,36.980637],[110.395102,36.90705],[110.400993,36.861187],[110.407504,36.830052],[110.415101,36.805196],[110.393396,36.780804],[110.376963,36.775172],[110.397531,36.760909],[110.412517,36.753726],[110.417994,36.733598],[110.43236,36.704065],[110.400786,36.698923],[110.39381,36.682387],[110.49892,36.524593],[110.482487,36.44868],[110.459336,36.327189],[110.469206,36.243318],[110.447243,36.141877],[110.506206,35.912072],[110.519694,35.8852],[110.560415,35.849182],[110.619843,35.597259],[110.556177,35.508582],[110.559691,35.470858],[110.53778,35.427812],[110.496543,35.404093],[110.445176,35.335104],[110.424816,35.294228],[110.357843,35.238263],[110.317122,35.125737],[110.284876,35.00975],[110.271285,34.913528],[110.242656,34.824981],[110.252268,34.663259],[110.335415,34.61582],[110.343064,34.541975],[110.332315,34.496034],[110.327871,34.471927],[110.340376,34.436813],[110.386472,34.397952],[110.46378,34.37537],[110.476957,34.357335],[110.478663,34.326381],[110.437993,34.297157],[110.432257,34.280337],[110.433807,34.261397],[110.469361,34.225353],[110.53592,34.197732],[110.557624,34.181402],[110.606665,34.170499],[110.620669,34.152386],[110.611678,34.130113],[110.593643,34.065337],[110.594418,34.040248],[110.611161,34.036372],[110.621083,34.017821],[110.644234,33.969606],[110.601239,33.906044],[110.593022,33.885296],[110.605735,33.866822],[110.677307,33.842224],[110.756733,33.796025],[110.790581,33.748845],[110.789341,33.716314],[110.849699,33.660013],[110.942769,33.618413],[110.977082,33.583868],[111.000078,33.518523],[111.010723,33.49439],[110.998476,33.458578],[110.990104,33.438114],[111.011653,33.391347],[111.008863,33.347991],[110.941373,33.250555],[110.934397,33.242028],[110.921064,33.21743],[110.900136,33.205209],[110.823448,33.19893],[110.808565,33.176089],[110.798643,33.16379],[110.749757,33.13976],[110.738905,33.128366],[110.743246,33.113509],[110.752858,33.101933],[110.739525,33.09612],[110.711258,33.108109],[110.658342,33.147951],[110.62315,33.14423],[110.600929,33.159708],[110.591782,33.199007],[110.564135,33.23792],[110.539331,33.246111],[110.50972,33.236163],[110.495922,33.223838],[110.44993,33.178828],[110.23444,33.156323],[110.182247,33.166141],[110.139303,33.200093],[110.110416,33.211642],[109.916475,33.234535],[109.751989,33.240865],[109.672407,33.260683],[109.644295,33.261071],[109.603987,33.23593],[109.551794,33.24394],[109.529935,33.244276],[109.46229,33.189034],[109.446477,33.162343],[109.511797,33.140277],[109.570914,33.111803],[109.62073,33.113147],[109.743617,33.089531],[109.75726,33.080074],[109.781186,33.044831],[109.766251,32.968582],[109.744547,32.937396],[109.783201,32.901196],[109.868467,32.912978],[109.925311,32.900731],[110.003601,32.884117],[110.095844,32.841252],[110.115687,32.810349],[110.143283,32.760455],[110.154651,32.720303],[110.146435,32.666766],[110.168191,32.643176],[110.152171,32.607286],[110.099874,32.614831],[110.064941,32.611395],[110.063752,32.592481],[110.061892,32.57641],[110.013316,32.54915],[110.000862,32.551941],[109.879526,32.591629],[109.845885,32.578244],[109.822785,32.570519],[109.801805,32.573438],[109.77793,32.595065],[109.762531,32.599768],[109.715402,32.585221],[109.694524,32.587469],[109.651426,32.598889],[109.634838,32.590647],[109.623004,32.559382],[109.610602,32.54897],[109.579441,32.541218],[109.561303,32.405025],[109.493193,32.363219],[109.486062,32.346656],[109.501099,32.302835],[109.526989,32.271157],[109.542492,32.236405],[109.605951,32.21036],[109.61639,32.198371],[109.629567,32.123363],[109.672407,32.076337],[109.666309,32.043006],[109.650186,32.019415],[109.613289,31.943864],[109.614219,31.891361],[109.602127,31.796871],[109.580061,31.762273],[109.593962,31.737598],[109.335993,31.705249]]]}},{"type":"Feature","properties":{"name_zh":"青海省","name_en":"Qinghai","center_lng":96.23774900000001,"center_lat":35.4295045,"name_short":"青海"},"geometry":{"type":"Polygon","coordinates":[[[92.923868,39.153114],[93.024431,39.147585],[93.064325,39.171925],[93.129334,39.197918],[93.259972,39.187298],[93.415156,39.220449],[93.502024,39.271918],[93.626151,39.277706],[93.733845,39.308531],[93.796735,39.297912],[93.852597,39.292667],[93.908925,39.285639],[94.037392,39.30649],[94.149892,39.324267],[94.521187,39.310831],[94.631051,39.29538],[94.66831,39.278895],[94.724637,39.23683],[94.919871,39.196161],[94.955217,39.1727],[95.005964,39.151202],[95.117843,39.161279],[95.235614,39.162468],[95.305325,39.182777],[95.354521,39.134562],[95.496011,39.030331],[95.583861,39.001031],[95.601948,38.970955],[95.70282,38.883234],[95.758114,38.873545],[95.856144,38.81484],[96.007608,38.751692],[96.031069,38.731486],[96.054788,38.678828],[96.098558,38.668209],[96.140933,38.665237],[96.232762,38.632526],[96.315496,38.626945],[96.502616,38.549017],[96.513003,38.528915],[96.502306,38.489382],[96.532434,38.457653],[96.698263,38.406312],[96.749165,38.379389],[96.927035,38.351716],[96.950134,38.362878],[96.971218,38.567259],[96.966722,38.595061],[96.942383,38.639115],[96.948274,38.669423],[96.969048,38.68043],[96.970133,38.705235],[96.97835,38.734794],[96.975869,38.779235],[96.977419,38.841919],[96.972148,38.876335],[96.983982,38.924549],[96.991217,39.000565],[96.962537,39.103247],[96.966257,39.124434],[96.986153,39.142934],[96.997625,39.178953],[97.013283,39.192078],[97.137461,39.203163],[97.674948,39.00501],[98.020508,38.836234],[98.193676,38.875405],[98.278684,38.97049],[98.311137,39.017309],[98.351496,39.021081],[98.395576,39.000204],[98.444565,38.957312],[98.541407,38.955116],[98.60223,38.947597],[98.696436,39.000514],[98.721447,39.029866],[98.739121,39.066841],[98.814517,39.057203],[98.886399,39.039168],[98.928722,39.019841],[98.988408,38.974288],[99.08189,38.968629],[99.098634,38.939639],[99.088557,38.903052],[99.427916,38.639606],[99.501451,38.596352],[99.515404,38.566483],[99.557159,38.515375],[99.914553,38.338306],[100.115574,38.251206],[100.158466,38.207436],[100.170248,38.221492],[100.167147,38.246968],[100.15552,38.27508],[100.15552,38.302779],[100.12715,38.321951],[100.105704,38.35461],[100.08462,38.417681],[100.103689,38.485532],[100.140792,38.485842],[100.235774,38.394608],[100.280422,38.371637],[100.330238,38.32071],[100.441807,38.289911],[100.510537,38.284692],[100.570017,38.230173],[100.635749,38.1054],[101.049781,37.96373],[101.692532,37.598377],[101.746482,37.53696],[101.801724,37.526082],[101.827511,37.617704],[101.937065,37.730695],[101.96559,37.734855],[101.995873,37.6145],[102.067238,37.548303],[102.03494,37.497892],[102.040108,37.464845],[102.153796,37.40658],[102.21281,37.399113],[102.378795,37.292556],[102.443856,37.262351],[102.550619,37.16383],[102.549844,37.118846],[102.495842,37.089106],[102.460134,36.955652],[102.477187,36.940252],[102.548191,36.90674],[102.596663,36.851136],[102.674746,36.80163],[102.681567,36.764681],[102.652577,36.737138],[102.605396,36.723082],[102.591909,36.68727],[102.632216,36.643552],[102.698156,36.608877],[102.735879,36.528933],[102.801198,36.38858],[102.818562,36.326052],[102.853288,36.323468],[102.924085,36.281429],[102.948631,36.26758],[102.985063,36.258407],[103.010385,36.237892],[103.026818,36.208074],[102.930493,36.078883],[102.931216,36.054337],[102.971421,36.023796],[102.996587,35.99987],[102.998912,35.986021],[102.97049,35.943388],[102.981032,35.874451],[102.979999,35.840267],[102.872925,35.846365],[102.787556,35.860034],[102.735414,35.830423],[102.704977,35.839518],[102.679862,35.756836],[102.711695,35.662216],[102.720376,35.566279],[102.643689,35.518349],[102.534961,35.535635],[102.490726,35.511114],[102.426441,35.435305],[102.337557,35.430396],[102.289292,35.406935],[102.299213,35.350607],[102.260249,35.290353],[102.294976,35.279914],[102.32376,35.26516],[102.361122,35.218626],[102.374454,35.173564],[102.295803,35.105713],[102.246762,35.049747],[102.143254,35.005021],[102.084653,34.957376],[102.017887,34.945206],[101.998508,34.924742],[101.918151,34.861335],[101.920322,34.819503],[101.923216,34.787283],[101.906938,34.755708],[101.852006,34.76315],[101.819449,34.734263],[101.764983,34.714806],[101.752994,34.680287],[101.772734,34.64941],[101.80498,34.626724],[101.843479,34.62706],[101.89097,34.662794],[101.921045,34.65251],[101.929004,34.598715],[101.947297,34.569182],[101.985021,34.543267],[102.013391,34.53598],[102.072044,34.536445],[102.150282,34.495078],[102.157878,34.47402],[102.207333,34.393043],[102.216066,34.364311],[102.204749,34.347129],[102.169351,34.321911],[102.13912,34.28137],[102.07654,34.266978],[102.049255,34.233156],[102.019127,34.2083],[102.011996,34.177604],[101.973239,34.170111],[101.96156,34.140449],[101.887094,34.145875],[101.854951,34.13218],[101.82317,34.098384],[101.780382,34.067507],[101.728964,34.108719],[101.712841,34.111613],[101.64716,34.136005],[101.630986,34.166132],[101.611659,34.191247],[101.517142,34.219384],[101.480866,34.221736],[101.425778,34.234345],[101.323666,34.259511],[101.299481,34.278063],[101.266098,34.29739],[101.234369,34.300852],[101.194888,34.306201],[101.084197,34.324624],[100.961311,34.378884],[100.873512,34.340385],[100.806488,34.278063],[100.779926,34.191608],[100.851447,34.087119],[100.947978,33.929764],[101.014227,33.879896],[101.034795,33.877028],[101.074482,33.861654],[101.129466,33.850647],[101.16228,33.777215],[101.157939,33.689882],[101.183054,33.654897],[101.228219,33.673966],[101.319945,33.639239],[101.389088,33.64203],[101.41751,33.654742],[101.454614,33.684146],[101.495593,33.704636],[101.525721,33.693603],[101.57688,33.630506],[101.623131,33.507154],[101.717647,33.506482],[101.739816,33.524414],[101.77754,33.530047],[101.711756,33.435117],[101.668761,33.382846],[101.665144,33.320395],[101.721368,33.284971],[101.716097,33.240788],[101.627161,33.116842],[101.558897,33.16565],[101.463606,33.231589],[101.409294,33.231874],[101.396116,33.200248],[101.362113,33.184228],[101.324286,33.202341],[101.220003,33.170611],[101.164141,33.128082],[101.127967,33.022739],[101.127192,32.954113],[101.145537,32.916983],[101.218143,32.878665],[101.235661,32.842569],[101.217522,32.757846],[101.153754,32.674905],[101.118665,32.667231],[101.085644,32.678626],[101.049471,32.675603],[100.983687,32.63868],[100.92984,32.62775],[100.902193,32.630463],[100.876768,32.648653],[100.834858,32.663459],[100.684945,32.686429],[100.673938,32.669712],[100.671147,32.628784],[100.642932,32.594497],[100.637196,32.541942],[100.635026,32.52618],[100.596837,32.44355],[100.531208,32.403397],[100.466457,32.464737],[100.478446,32.493133],[100.540354,32.533622],[100.553997,32.548453],[100.554772,32.576617],[100.533275,32.608888],[100.508677,32.628345],[100.498497,32.669091],[100.454055,32.714644],[100.393697,32.756761],[100.346258,32.737589],[100.265229,32.73131],[100.241045,32.69971],[100.223165,32.636897],[100.142033,32.647594],[100.121672,32.679143],[100.149009,32.722422],[100.158621,32.782263],[100.136606,32.847504],[100.030618,32.944139],[99.966074,32.939023],[99.936567,32.952795],[99.893262,33.003412],[99.860241,33.027648],[99.851094,32.981966],[99.830837,32.946878],[99.778747,32.929747],[99.762004,32.898716],[99.762624,32.846988],[99.714048,32.74273],[99.637102,32.77725],[99.543206,32.821847],[99.427296,32.844275],[99.363217,32.877218],[99.30658,32.881611],[99.268081,32.90856],[99.225293,32.998916],[99.08556,33.077904],[98.871619,33.159217],[98.813276,33.242958],[98.774157,33.291198],[98.776018,33.357189],[98.753073,33.435065],[98.73571,33.489765],[98.703257,33.512012],[98.669564,33.579811],[98.641969,33.601515],[98.628326,33.62694],[98.64848,33.644588],[98.653751,33.665723],[98.457949,33.840105],[98.411389,33.861758],[98.323229,33.848735],[98.275583,33.851965],[98.269072,33.877312],[98.251244,33.917052],[98.034926,33.959788],[97.996117,33.952605],[97.875504,33.881912],[97.751119,33.859432],[97.740112,33.887958],[97.73143,33.960899],[97.69567,34.005237],[97.638929,33.999579],[97.629938,33.973017],[97.610249,33.930875],[97.383545,33.869871],[97.36768,33.838142],[97.383958,33.778869],[97.395637,33.67717],[97.38618,33.621385],[97.419511,33.583558],[97.467622,33.572886],[97.492892,33.498937],[97.509222,33.471239],[97.559968,33.447907],[97.621566,33.445556],[97.645751,33.426332],[97.724299,33.406127],[97.735771,33.389435],[97.701148,33.356543],[97.647611,33.342461],[97.605547,33.314504],[97.50054,33.194357],[97.479869,33.15299],[97.48111,33.104],[97.504261,33.045606],[97.49992,33.008296],[97.468707,32.982535],[97.387265,32.946155],[97.362254,32.900266],[97.377343,32.861741],[97.425092,32.724566],[97.430673,32.70033],[97.466072,32.676765],[97.574231,32.621368],[97.607717,32.614702],[97.663734,32.559899],[97.702853,32.509696],[97.693551,32.499774],[97.661254,32.480292],[97.642754,32.447477],[97.611644,32.452929],[97.562293,32.484348],[97.376413,32.503598],[97.358533,32.491066],[97.347681,32.453058],[97.325977,32.412234],[97.371556,32.397894],[97.395947,32.371435],[97.374863,32.306297],[97.376517,32.265964],[97.314608,32.266506],[97.265412,32.232581],[97.244793,32.148477],[97.255594,32.125094],[97.274611,32.12083],[97.25487,32.075794],[97.199783,32.067965],[97.175444,32.034402],[97.124077,32.009338],[96.999795,32.021741],[96.914581,31.990141],[96.871741,31.994352],[96.785493,31.971046],[96.733042,31.960349],[96.786372,31.910146],[96.763944,31.854671],[96.75211,31.812348],[96.791074,31.755891],[96.779912,31.69158],[96.737382,31.679798],[96.649533,31.725712],[96.560184,31.7369],[96.434507,31.776433],[96.331619,31.890948],[96.22222,31.893067],[96.181241,31.865497],[96.144964,31.819453],[96.164187,31.767932],[96.22284,31.719976],[96.230127,31.666181],[96.216019,31.620163],[96.22005,31.59138],[96.235398,31.568874],[96.193023,31.534742],[96.160467,31.561485],[96.132975,31.607296],[96.120262,31.654993],[96.094218,31.700546],[96.045332,31.715455],[95.899294,31.705636],[95.818782,31.707109],[95.773772,31.697988],[95.740699,31.737236],[95.622102,31.762351],[95.526397,31.745324],[95.486864,31.746667],[95.406766,31.810668],[95.390178,31.887925],[95.351989,31.96761],[95.372505,31.999417],[95.421494,32.012878],[95.417463,32.030629],[95.407024,32.051661],[95.426506,32.084373],[95.412399,32.113492],[95.396224,32.162068],[95.317572,32.184263],[95.28481,32.225268],[95.259075,32.244079],[95.061826,32.261209],[94.956923,32.328415],[94.948086,32.347354],[94.936769,32.438046],[94.915065,32.463342],[94.744843,32.542872],[94.721847,32.592869],[94.67141,32.62049],[94.614928,32.672735],[94.568419,32.664131],[94.503669,32.624701],[94.426257,32.596538],[94.38042,32.614134],[94.350861,32.606098],[94.34466,32.564576],[94.207614,32.529488],[94.153561,32.503598],[94.134699,32.48763],[93.952643,32.496699],[93.910268,32.503598],[93.877402,32.495381],[93.802006,32.555197],[93.644651,32.573516],[93.534632,32.528816],[93.475463,32.518816],[93.442596,32.563336],[93.362395,32.568968],[93.218527,32.65979],[93.081688,32.665293],[93.053783,32.651625],[93.023501,32.67798],[93.005931,32.734617],[92.926194,32.72945],[92.727291,32.760559],[92.549008,32.752265],[92.465809,32.769421],[92.431805,32.762548],[92.410256,32.757846],[92.359975,32.768259],[92.334654,32.752161],[92.307059,32.760455],[92.274812,32.751593],[92.24577,32.742911],[92.210372,32.75043],[92.187738,32.827635],[92.202155,32.852362],[92.196109,32.86864],[92.119318,32.887347],[92.072913,32.880526],[92.042785,32.858279],[91.99607,32.848357],[91.924395,32.871508],[91.825744,32.955896],[91.778874,32.977807],[91.720324,32.982509],[91.542661,33.080333],[91.369028,33.284454],[91.373265,33.29727],[91.390319,33.30267],[91.399775,33.31267],[91.391404,33.326493],[91.361587,33.336958],[91.169815,33.331558],[91.152917,33.314685],[91.144339,33.276367],[91.127906,33.254327],[90.949932,33.239393],[90.857121,33.165573],[90.80405,33.140536],[90.682558,33.149346],[90.469496,33.252002],[90.410844,33.289803],[90.3232,33.288718],[90.274004,33.31608],[90.205688,33.401502],[90.192356,33.454496],[90.203208,33.500074],[90.18817,33.516998],[90.150601,33.570768],[90.081871,33.600688],[89.997949,33.616605],[89.975108,33.630557],[89.96131,33.689055],[89.928134,33.737062],[89.88948,33.766466],[89.887,33.813854],[89.791088,33.883436],[89.741892,33.909507],[89.664481,34.018079],[89.635904,34.074484],[89.65797,34.130966],[89.692541,34.144841],[89.739257,34.153781],[89.786592,34.198533],[89.824781,34.330256],[89.845555,34.369995],[89.824626,34.394542],[89.799305,34.403068],[89.792018,34.439681],[89.761788,34.662742],[89.73166,34.688891],[89.717087,34.715917],[89.723909,34.739637],[89.825246,34.84609],[89.778221,34.930426],[89.645412,34.933682],[89.569189,34.948048],[89.560663,34.978847],[89.573375,35.058997],[89.540199,35.115945],[89.45483,35.212838],[89.458964,35.238056],[89.478394,35.257331],[89.484492,35.294642],[89.484337,35.34221],[89.511777,35.359625],[89.73011,35.443651],[89.743442,35.469256],[89.711661,35.491012],[89.690681,35.519848],[89.722824,35.566253],[89.712902,35.629453],[89.77233,35.734615],[89.793724,35.803758],[89.781786,35.831612],[89.744838,35.838433],[89.581437,35.839777],[89.494414,35.873004],[89.45886,35.916568],[89.435141,35.987804],[89.439482,36.000335],[89.493484,36.044364],[89.677813,36.081958],[89.918781,36.069788],[89.972007,36.104928],[90.013762,36.252775],[90.044199,36.250501],[90.098046,36.204871],[90.14533,36.137071],[90.292453,36.115548],[90.829371,36.010412],[90.894225,36.006614],[91.047497,36.06338],[91.12372,36.081209],[91.137311,36.120431],[91.083826,36.260707],[91.006724,36.503483],[90.985279,36.517616],[90.858051,36.539088],[90.76028,36.590609],[90.697751,36.655463],[90.686124,36.745742],[90.701472,36.807831],[90.80777,36.910564],[90.891124,36.939477],[90.982178,36.929581],[91.161134,36.992109],[91.298748,37.017637],[91.323243,37.043734],[91.323553,37.092672],[91.30991,37.129129],[91.163149,37.300127],[91.117674,37.438697],[91.081655,37.483294],[90.93908,37.527322],[90.834487,37.607782],[90.436475,37.778573],[90.413169,37.800019],[90.405107,37.827355],[90.410068,37.846992],[90.451358,37.936754],[90.439266,37.996079],[90.153288,38.408793],[90.172202,38.456283],[90.240621,38.473828],[90.320565,38.466722],[90.411929,38.5038],[90.54975,38.581986],[90.631502,38.620304],[90.640649,38.635316],[90.649072,38.668751],[90.665815,38.677872],[90.894948,38.700997],[91.119844,38.716087],[91.294407,38.745129],[91.466025,38.811972],[91.880625,38.875483],[92.248561,38.989042],[92.367572,39.062887],[92.811059,39.126398],[92.923868,39.153114]]]}},{"type":"Feature","properties":{"name_zh":"山西省","name_en":"Shanxi","center_lng":112.38919200000001,"center_lat":37.6631275,"name_short":"山西"},"geometry":{"type":"Polygon","coordinates":[[[114.154097,40.742578],[114.14986,40.682737],[114.160143,40.657777],[114.229028,40.600029],[114.25621,40.557473],[114.277294,40.427455],[114.295122,40.366787],[114.433667,40.360534],[114.504153,40.342499],[114.501828,40.316222],[114.288559,40.254959],[114.117148,40.203541],[114.074929,40.159978],[114.060821,40.086675],[114.031521,40.095279],[114.014881,40.126983],[114.000463,40.132486],[113.982325,40.116389],[113.958398,40.079311],[113.934214,40.060708],[113.924447,40.029082],[113.935919,40.015723],[114.022632,39.966553],[114.046713,39.930121],[114.085988,39.916918],[114.192338,39.901828],[114.221121,39.8817],[114.336567,39.860125],[114.379096,39.862167],[114.393669,39.85209],[114.405451,39.82651],[114.399095,39.717602],[114.39925,39.665951],[114.410567,39.648433],[114.425295,39.618047],[114.452477,39.608513],[114.47108,39.601382],[114.497177,39.574613],[114.536399,39.544408],[114.535056,39.498933],[114.480072,39.409352],[114.464414,39.368863],[114.459453,39.338168],[114.433357,39.315042],[114.416407,39.290057],[114.413978,39.207685],[114.405606,39.183913],[114.388398,39.16438],[114.366384,39.152598],[114.309436,39.130015],[114.256933,39.077098],[114.216316,39.069037],[114.144795,39.070845],[114.106038,39.067435],[114.037412,39.112626],[114.01271,39.118827],[113.927548,39.085263],[113.875406,39.083299],[113.843418,39.057694],[113.815823,38.994804],[113.771278,38.967725],[113.758566,38.948889],[113.756085,38.921526],[113.77996,38.872227],[113.825745,38.816287],[113.748747,38.729471],[113.683118,38.691075],[113.66901,38.660276],[113.598886,38.631802],[113.534497,38.537286],[113.543178,38.450056],[113.525298,38.399827],[113.518012,38.361483],[113.53553,38.261851],[113.546899,38.247769],[113.687769,38.207022],[113.740841,38.164854],[113.758566,38.157361],[113.817684,38.09137],[113.857216,38.029669],[113.891477,37.949467],[113.987131,37.839034],[114.100405,37.69819],[114.091879,37.583236],[114.075962,37.554065],[114.018912,37.454613],[113.951112,37.388416],[113.886723,37.296122],[113.862332,37.216256],[113.799804,37.163778],[113.754328,37.114944],[113.748437,37.051486],[113.763992,37.0003],[113.773449,36.983738],[113.774172,36.880333],[113.755465,36.861936],[113.689164,36.873641],[113.67299,36.861368],[113.669476,36.829897],[113.617489,36.775301],[113.595165,36.765663],[113.53367,36.747318],[113.463545,36.739644],[113.440291,36.725149],[113.444011,36.711015],[113.468971,36.689647],[113.457964,36.663602],[113.455018,36.640193],[113.506385,36.603218],[113.515997,36.589033],[113.526745,36.565004],[113.547364,36.548519],[113.538527,36.529424],[113.530466,36.501235],[113.543023,36.47519],[113.603071,36.451212],[113.630822,36.438086],[113.702032,36.383929],[113.721255,36.333493],[113.679811,36.23815],[113.672886,36.221459],[113.682963,36.205026],[113.694487,36.188282],[113.675677,36.171539],[113.675212,36.152781],[113.69459,36.130198],[113.682963,36.104825],[113.680328,36.080692],[113.685289,36.043976],[113.656246,35.971861],[113.627566,35.953232],[113.628961,35.920857],[113.6209,35.855486],[113.632527,35.818176],[113.593408,35.776938],[113.597335,35.764846],[113.585346,35.680923],[113.604777,35.655395],[113.610358,35.640176],[113.595268,35.618291],[113.491295,35.52548],[113.475379,35.510236],[113.37306,35.473985],[113.304847,35.465846],[113.298439,35.453805],[113.297043,35.437605],[113.286036,35.425487],[113.260302,35.41758],[113.23188,35.416908],[113.168421,35.388564],[113.140826,35.368074],[113.12956,35.352287],[113.055766,35.334743],[112.987657,35.304512],[112.971224,35.279242],[112.954584,35.265315],[112.883064,35.238392],[112.719043,35.27764],[112.692171,35.304977],[112.674601,35.312186],[112.630159,35.297484],[112.605923,35.284307],[112.599877,35.268597],[112.587164,35.247565],[112.583237,35.241984],[112.525979,35.220279],[112.429345,35.229013],[112.401543,35.235782],[112.353897,35.223458],[112.134789,35.229555],[112.078772,35.237074],[112.061718,35.155632],[112.039911,35.049205],[111.991852,35.073803],[111.915577,35.089977],[111.846124,35.087058],[111.80778,35.061374],[111.763545,35.042461],[111.704324,35.012592],[111.678589,34.978899],[111.63084,34.958435],[111.603503,34.910014],[111.582419,34.896992],[111.569345,34.869035],[111.421654,34.835548],[111.373388,34.825885],[111.331272,34.840923],[111.285022,34.816428],[111.256858,34.828081],[111.237841,34.806558],[111.215517,34.80015],[111.138674,34.819219],[111.025709,34.747492],[110.973413,34.716899],[110.923183,34.685842],[110.743556,34.654293],[110.708623,34.620962],[110.561965,34.595951],[110.530546,34.583677],[110.491788,34.613288],[110.448897,34.612926],[110.426831,34.596028],[110.399908,34.592566],[110.376963,34.61582],[110.335415,34.61582],[110.252268,34.663259],[110.242656,34.824981],[110.271285,34.913528],[110.284876,35.00975],[110.317122,35.125737],[110.357843,35.238263],[110.424816,35.294228],[110.445176,35.335104],[110.496543,35.404093],[110.53778,35.427812],[110.559691,35.470858],[110.556177,35.508582],[110.619843,35.597259],[110.560415,35.849182],[110.519694,35.8852],[110.506206,35.912072],[110.447243,36.141877],[110.469206,36.243318],[110.459336,36.327189],[110.482487,36.44868],[110.49892,36.524593],[110.39381,36.682387],[110.400786,36.698923],[110.43236,36.704065],[110.417994,36.733598],[110.412517,36.753726],[110.397531,36.760909],[110.376963,36.775172],[110.393396,36.780804],[110.415101,36.805196],[110.407504,36.830052],[110.400993,36.861187],[110.395102,36.90705],[110.407452,36.980637],[110.373088,37.007328],[110.408228,37.014899],[110.425746,37.027094],[110.446727,37.044328],[110.469774,37.069521],[110.496543,37.096082],[110.527859,37.144503],[110.634002,37.250957],[110.643924,37.274831],[110.665008,37.282272],[110.669607,37.301186],[110.687384,37.357229],[110.633692,37.379321],[110.653639,37.433994],[110.738802,37.469548],[110.77606,37.551972],[110.786964,37.573572],[110.766294,37.62406],[110.787894,37.652482],[110.727433,37.700361],[110.753064,37.745758],[110.67462,37.79622],[110.577158,37.93138],[110.524448,37.952619],[110.514371,37.970241],[110.513596,38.00104],[110.507395,38.011582],[110.509617,38.145062],[110.517317,38.207126],[110.559588,38.217047],[110.57969,38.287327],[110.634519,38.303347],[110.671209,38.31699],[110.711517,38.356936],[110.774252,38.426234],[110.8528,38.457239],[110.870473,38.50194],[110.897138,38.535452],[110.900859,38.580462],[110.871817,38.621364],[110.921685,38.717327],[110.948711,38.7712],[110.980337,38.816649],[111.00385,38.916126],[110.995013,39.003847],[111.118003,39.067435],[111.22177,39.283494],[111.214948,39.316438],[111.179498,39.342431],[111.151025,39.357236],[111.110045,39.385193],[111.199445,39.427154],[111.342692,39.444414],[111.425375,39.536011],[111.4539,39.617375],[111.449146,39.640113],[111.489919,39.652154],[111.689545,39.626212],[111.718328,39.604921],[111.761168,39.598048],[111.814395,39.620424],[111.846951,39.628796],[111.92674,39.695872],[111.942708,39.733932],[111.959296,39.790569],[111.99857,39.833073],[112.109829,40.017506],[112.165071,40.059312],[112.254937,40.198089],[112.282687,40.232635],[112.399217,40.288342],[112.453374,40.284131],[112.492493,40.267155],[112.583237,40.2408],[112.609179,40.231214],[112.691757,40.181475],[112.708036,40.172432],[112.734235,40.172845],[112.84379,40.225659],[112.940941,40.343998],[113.086462,40.404433],[113.207695,40.424096],[113.243558,40.407146],[113.281075,40.347563],[113.296888,40.331905],[113.32376,40.320562],[113.437345,40.324774],[113.518322,40.343739],[113.698208,40.431796],[113.76549,40.4273],[113.896128,40.469158],[114.05617,40.491896],[114.080045,40.509311],[114.081595,40.539619],[114.055395,40.569384],[114.02935,40.610906],[114.026973,40.635169],[114.037412,40.662686],[114.154097,40.742578]]]}},{"type":"Feature","properties":{"name_zh":"江西省","name_en":"Jiangxi","center_lng":116.017394,"center_lat":27.278025,"name_short":"江西"},"geometry":{"type":"Polygon","coordinates":[[[113.984805,25.422325],[113.936229,25.447181],[113.941965,25.511001],[113.981394,25.57322],[113.975917,25.602159],[113.932922,25.646239],[113.909358,25.683265],[113.902846,25.740186],[113.956383,25.834909],[114.000463,25.890048],[114.017051,25.92648],[114.015036,26.021668],[114.041442,26.068848],[114.058651,26.083628],[114.087021,26.089622],[114.107537,26.112877],[114.16774,26.136079],[114.207944,26.163416],[114.21523,26.180573],[114.204843,26.203285],[114.174561,26.212018],[114.155957,26.222147],[114.12552,26.217263],[114.053121,26.173157],[114.034104,26.171452],[114.017361,26.177731],[113.997673,26.18835],[113.984908,26.181115],[113.964755,26.164476],[113.945996,26.162098],[113.930493,26.194525],[113.994882,26.274882],[114.012865,26.343069],[114.012504,26.371388],[114.020617,26.399242],[114.068418,26.453709],[114.076893,26.476989],[114.074309,26.498693],[114.087848,26.568482],[114.042476,26.579463],[114.01116,26.587706],[113.997207,26.602666],[113.967855,26.619073],[113.900366,26.630029],[113.879592,26.641346],[113.85179,26.703228],[113.834117,26.832523],[113.863262,26.862547],[113.872564,26.909262],[113.886103,26.933783],[113.893234,26.961042],[113.872151,26.971558],[113.857526,26.986338],[113.840628,27.018274],[113.816443,27.038582],[113.799907,27.076849],[113.790295,27.087546],[113.777893,27.080647],[113.762286,27.077262],[113.752468,27.097003],[113.766627,27.166094],[113.823575,27.228674],[113.852565,27.292727],[113.853754,27.332208],[113.802439,27.366082],[113.768178,27.369234],[113.731177,27.354791],[113.685133,27.329547],[113.617954,27.350321],[113.600126,27.368226],[113.59439,27.419076],[113.573254,27.535012],[113.559456,27.56129],[113.562092,27.590564],[113.610978,27.699472],[113.680173,27.794428],[113.70813,27.834555],[113.705029,27.919226],[113.718827,27.96372],[113.742649,27.984313],[113.783991,27.98731],[113.824505,28.005629],[113.916489,28.021184],[114.010643,28.094461],[114.015966,28.145905],[114.023873,28.179133],[114.054465,28.196651],[114.080355,28.221766],[114.087538,28.253444],[114.158593,28.275768],[114.192234,28.300598],[114.227788,28.358321],[114.234299,28.382764],[114.226858,28.408964],[114.218796,28.417361],[114.175336,28.436146],[114.172701,28.461674],[114.177041,28.507304],[114.113273,28.520869],[114.056945,28.564277],[114.120559,28.645177],[114.121799,28.703235],[114.139783,28.798087],[114.12428,28.832762],[114.038652,28.872347],[114.020927,28.899838],[114.003409,28.917925],[113.983358,28.925806],[113.927548,28.946657],[113.899126,28.974588],[113.996742,29.164293],[114.143038,29.211861],[114.202466,29.234004],[114.237865,29.238707],[114.246546,29.248913],[114.242671,29.308521],[114.269852,29.347408],[114.296207,29.35826],[114.316568,29.347873],[114.336722,29.330484],[114.378941,29.326634],[114.426535,29.333507],[114.44426,29.320975],[114.463226,29.317229],[114.682437,29.382729],[114.720574,29.389214],[114.729773,29.370895],[114.744655,29.36056],[114.801138,29.3803],[114.818243,29.393865],[114.835399,29.445541],[114.851729,29.467271],[114.878084,29.492567],[114.878911,29.500474],[114.878084,29.516467],[114.891003,29.523444],[114.912397,29.500629],[114.932241,29.50006],[114.936892,29.506184],[114.94671,29.540109],[114.965469,29.557783],[115.022881,29.55339],[115.075281,29.554243],[115.085565,29.542693],[115.10298,29.511016],[115.126338,29.539334],[115.140187,29.587522],[115.130575,29.601036],[115.116157,29.627675],[115.095538,29.639664],[115.078899,29.652841],[115.178531,29.649973],[115.24323,29.632145],[115.272065,29.614653],[115.342707,29.640284],[115.416862,29.711701],[115.432675,29.746221],[115.469779,29.839032],[115.535201,29.854664],[115.718343,29.854121],[115.743768,29.808853],[115.998997,29.744128],[116.110463,29.786503],[116.236192,29.781335],[116.356857,29.858385],[116.466928,29.880373],[116.527286,29.906805],[116.567283,29.976904],[116.588264,30.002019],[116.60542,30.01778],[116.662885,30.052817],[116.716886,30.051112],[116.791404,30.022018],[116.883078,29.934142],[116.886644,29.913317],[116.797915,29.755936],[116.785461,29.746608],[116.772129,29.753016],[116.75554,29.757822],[116.741898,29.749296],[116.72686,29.718135],[116.712184,29.716171],[116.68924,29.72431],[116.657924,29.65558],[116.648467,29.627417],[116.665675,29.609795],[116.71115,29.570314],[116.742363,29.543649],[116.756936,29.55091],[116.762207,29.563441],[116.782257,29.570495],[116.82427,29.54551],[116.870004,29.547267],[116.888349,29.560522],[116.962866,29.661471],[117.023379,29.68762],[117.092574,29.72338],[117.092109,29.742629],[117.106527,29.779242],[117.089215,29.81818],[117.065857,29.827353],[117.067098,29.840582],[117.118981,29.902955],[117.139961,29.918355],[117.181303,29.927088],[117.229465,29.901198],[117.225434,29.874585],[117.225434,29.852287],[117.245898,29.835802],[117.267137,29.829911],[117.286206,29.832081],[117.319744,29.844406],[117.339742,29.833192],[117.355762,29.824898],[117.389352,29.83836],[117.406302,29.831177],[117.402168,29.773067],[117.424027,29.743973],[117.503453,29.654418],[117.520093,29.632481],[117.540867,29.614058],[117.603086,29.612792],[117.637244,29.61256],[117.67011,29.580624],[117.707679,29.555638],[117.800645,29.569539],[117.870149,29.553623],[117.941825,29.564397],[117.993811,29.571399],[118.049363,29.544631],[118.109411,29.525072],[118.118093,29.502024],[118.113752,29.4905],[118.119643,29.446782],[118.179278,29.402185],[118.183619,29.369112],[118.17256,29.342034],[118.132356,29.297928],[118.073858,29.287231],[118.049983,29.216434],[117.999547,29.140702],[118.009624,29.112616],[118.052154,29.074918],[118.201912,28.971462],[118.229042,28.954538],[118.224546,28.932239],[118.257929,28.923196],[118.284284,28.890459],[118.294206,28.860926],[118.310019,28.830204],[118.371669,28.798604],[118.413992,28.706078],[118.425516,28.6952],[118.425671,28.66192],[118.415852,28.604042],[118.434353,28.550583],[118.457917,28.517381],[118.440089,28.500147],[118.440244,28.492757],[118.462775,28.474464],[118.473937,28.353748],[118.471456,28.320391],[118.369809,28.243263],[118.34795,28.213239],[118.355494,28.199907],[118.380506,28.16996],[118.367793,28.099706],[118.352084,28.088983],[118.182688,28.0417],[118.156282,28.04387],[118.130702,28.040537],[118.105846,28.013846],[118.087397,28.001935],[118.074995,27.984907],[118.026109,27.984054],[117.988075,27.973047],[117.952677,27.974133],[117.885807,27.948294],[117.859452,27.944264],[117.812427,27.932378],[117.794702,27.913025],[117.78664,27.884035],[117.78509,27.847887],[117.761732,27.821325],[117.739201,27.813522],[117.710469,27.829852],[117.677396,27.835278],[117.613628,27.859463],[117.589908,27.886748],[117.582467,27.905429],[117.557455,27.931525],[117.549239,27.957519],[117.53942,27.970309],[117.514616,27.97328],[117.48485,27.948139],[117.441338,27.929717],[117.406198,27.904214],[117.315868,27.863648],[117.292924,27.864579],[117.290443,27.783653],[117.272977,27.763551],[117.170657,27.655702],[117.101566,27.527777],[117.107302,27.481682],[117.124355,27.440573],[117.120221,27.417526],[117.09769,27.37528],[117.106837,27.338719],[117.120841,27.342182],[117.133243,27.340166],[117.135724,27.316963],[117.153811,27.30053],[117.153811,27.276397],[117.102031,27.207797],[117.040123,27.109534],[116.933979,27.027033],[116.917081,27.020625],[116.884628,27.026645],[116.846646,27.013649],[116.78019,27.009489],[116.740813,26.997965],[116.696733,26.978767],[116.674873,26.989387],[116.642886,26.963652],[116.613895,26.947503],[116.553951,26.881589],[116.531781,26.761597],[116.508992,26.722969],[116.504651,26.697053],[116.509922,26.67261],[116.529921,26.643335],[116.537207,26.617445],[116.56749,26.523058],[116.588264,26.506703],[116.617926,26.501303],[116.619476,26.492078],[116.598031,26.402704],[116.579272,26.381129],[116.560462,26.378364],[116.546974,26.38733],[116.531781,26.407665],[116.515658,26.412626],[116.501654,26.407045],[116.456541,26.352423],[116.396751,26.279404],[116.405019,26.223929],[116.404554,26.192355],[116.415561,26.162925],[116.416801,26.130292],[116.33629,25.971516],[116.30456,25.946995],[116.268128,25.926325],[116.194128,25.914749],[116.163587,25.894415],[116.131754,25.852221],[116.138886,25.80734],[116.159866,25.784886],[116.153613,25.771657],[116.123693,25.764242],[116.1116,25.753958],[116.09124,25.714116],[116.07274,25.703574],[116.051862,25.683549],[116.030107,25.642337],[116.027006,25.616215],[116.041941,25.585079],[116.042767,25.567794],[116.02034,25.535599],[116.000186,25.497178],[115.976105,25.389381],[115.977655,25.342329],[115.961635,25.306311],[115.934144,25.278922],[115.892596,25.224559],[115.841281,25.186112],[115.873682,25.078573],[115.879573,25.017388],[115.886601,24.989767],[115.865776,24.969277],[115.854458,24.95951],[115.889495,24.908997],[115.90815,24.880058],[115.893267,24.869903],[115.835958,24.875846],[115.787279,24.860912],[115.758392,24.829131],[115.757617,24.789676],[115.750175,24.753451],[115.751106,24.737276],[115.775497,24.705159],[115.782008,24.691],[115.782628,24.622993],[115.797046,24.564134],[115.768676,24.560646],[115.699429,24.545272],[115.662946,24.575503],[115.587395,24.620074],[115.552771,24.675316],[115.541144,24.68547],[115.489209,24.716192],[115.4473,24.773139],[115.426939,24.783345],[115.348288,24.766861],[115.337074,24.748257],[115.311184,24.758567],[115.286534,24.763579],[115.2639,24.759058],[115.180391,24.696762],[115.152176,24.685548],[115.10205,24.68547],[115.0589,24.706503],[115.040865,24.702472],[115.028462,24.690612],[114.944643,24.669967],[114.929347,24.661958],[114.884027,24.59669],[114.870229,24.588034],[114.844443,24.595398],[114.833901,24.614208],[114.819586,24.622993],[114.776643,24.633484],[114.74047,24.625241],[114.724657,24.578913],[114.71551,24.558088],[114.700214,24.550414],[114.668588,24.558553],[114.656805,24.577156],[114.641923,24.58527],[114.579859,24.555168],[114.548388,24.55168],[114.492061,24.553773],[114.463484,24.53225],[114.439764,24.504706],[114.424882,24.49959],[114.39801,24.505326],[114.367727,24.556693],[114.316258,24.585476],[114.279619,24.604235],[114.253729,24.640641],[114.212905,24.64971],[114.169135,24.66958],[114.175336,24.6833],[114.269387,24.73278],[114.314707,24.774741],[114.337548,24.826418],[114.367624,24.863005],[114.385763,24.895742],[114.395684,24.953723],[114.413513,24.97969],[114.433563,24.988346],[114.452322,24.998139],[114.516142,25.028653],[114.557535,25.059685],[114.633551,25.075782],[114.670965,25.103713],[114.708379,25.108519],[114.729307,25.118881],[114.726982,25.132911],[114.689568,25.14937],[114.683057,25.163451],[114.71768,25.250216],[114.712719,25.279491],[114.703521,25.293366],[114.685848,25.305277],[114.602338,25.338247],[114.583115,25.355636],[114.573503,25.393308],[114.565286,25.411188],[114.545908,25.415942],[114.521982,25.411447],[114.501983,25.389019],[114.491441,25.383438],[114.471856,25.383102],[114.439764,25.389536],[114.425502,25.382508],[114.384367,25.335301],[114.354085,25.322305],[114.320702,25.312926],[114.291091,25.293133],[114.243601,25.295976],[114.1696,25.301893],[114.140455,25.311143],[114.105005,25.30396],[114.038652,25.268535],[114.019377,25.268535],[114.004184,25.280654],[114.011935,25.308533],[114.026043,25.34419],[114.013641,25.389329],[114.018602,25.426743],[114.007594,25.434003],[113.990696,25.422428],[113.984805,25.422325]]]}},{"type":"Feature","properties":{"name_zh":"河南省","name_en":"Henan","center_lng":113.484422,"center_lat":33.880219,"name_short":"河南"},"geometry":{"type":"Polygon","coordinates":[[[113.867293,36.3653],[113.892201,36.350521],[113.916024,36.345043],[113.954109,36.346619],[113.975813,36.358401],[114.004494,36.353311],[114.037515,36.321582],[114.0571,36.286003],[114.073534,36.271611],[114.193165,36.240941],[114.225772,36.242439],[114.262101,36.252154],[114.332691,36.244093],[114.359821,36.226265],[114.392429,36.217945],[114.548388,36.139035],[114.623474,36.130611],[114.707242,36.152781],[114.781294,36.141774],[114.824857,36.148802],[114.859946,36.140378],[114.924179,36.08803],[114.917823,36.070253],[114.923714,36.05798],[114.977716,36.060926],[115.013735,36.085291],[115.041795,36.112602],[115.056884,36.14751],[115.101429,36.181254],[115.119258,36.186009],[115.141117,36.177947],[115.189796,36.182934],[115.234393,36.169989],[115.267311,36.131542],[115.295991,36.086842],[115.313199,36.078728],[115.341311,36.079038],[115.369527,36.098288],[115.460322,36.157871],[115.463113,36.110742],[115.449315,36.041831],[115.409266,35.978683],[115.346893,35.948555],[115.33573,35.936437],[115.317644,35.791511],[115.322708,35.777248],[115.343017,35.775801],[115.403995,35.812569],[115.431332,35.846236],[115.445439,35.896905],[115.468229,35.912925],[115.513394,35.911193],[115.738703,35.968606],[115.818698,36.024623],[115.840816,36.033537],[115.926909,36.021988],[116.080491,36.098572],[116.087209,36.05922],[116.039202,35.976306],[115.965718,35.985917],[115.920191,35.967779],[115.858283,35.904372],[115.883914,35.887629],[115.851048,35.859052],[115.680826,35.767791],[115.576439,35.722342],[115.502232,35.716554],[115.467505,35.663534],[115.395055,35.615759],[115.383479,35.55752],[115.33263,35.523362],[115.340381,35.485173],[115.307102,35.475768],[115.226538,35.416236],[115.150729,35.415875],[115.132125,35.397891],[115.068357,35.380115],[115.021796,35.324873],[114.981954,35.266892],[114.913482,35.208187],[114.851832,35.159611],[114.847078,35.081554],[114.834211,35.016183],[114.93038,34.999234],[114.976941,35.010137],[115.1745,34.944172],[115.213877,34.905157],[115.223231,34.891617],[115.230672,34.826712],[115.24602,34.842266],[115.270101,34.849346],[115.306533,34.846917],[115.341001,34.824981],[115.42234,34.786404],[115.431332,34.768266],[115.435776,34.675713],[115.448075,34.651968],[115.51944,34.585279],[115.616437,34.567399],[115.671834,34.57758],[115.693073,34.600757],[115.777771,34.582592],[115.816425,34.57143],[115.956726,34.591791],[115.97502,34.601247],[115.993675,34.621608],[116.033982,34.603625],[116.064575,34.60409],[116.079148,34.61458],[116.100852,34.607733],[116.126328,34.574763],[116.16338,34.53474],[116.160176,34.51425],[116.153768,34.455262],[116.203274,34.402216],[116.315309,34.336819],[116.386519,34.276487],[116.414786,34.276487],[116.461346,34.277572],[116.55209,34.286848],[116.573381,34.278812],[116.56718,34.248866],[116.56749,34.223234],[116.575241,34.188766],[116.570901,34.173212],[116.558498,34.16236],[116.547749,34.149673],[116.542789,34.131664],[116.55116,34.105981],[116.634204,33.970485],[116.636064,33.90961],[116.62051,33.901626],[116.591158,33.912685],[116.56594,33.894779],[116.546044,33.8831],[116.512403,33.878113],[116.491422,33.867881],[116.456231,33.855867],[116.439746,33.827083],[116.431064,33.798661],[116.420677,33.790832],[116.166171,33.716702],[116.140281,33.723265],[116.079613,33.778352],[116.048762,33.835635],[115.970679,33.904804],[115.963702,33.918188],[115.973934,33.952243],[115.974089,33.983714],[115.953315,34.004075],[115.921741,34.003816],[115.879263,34.018079],[115.86221,34.012343],[115.841126,34.006917],[115.815029,34.027587],[115.742114,34.066267],[115.711211,34.058232],[115.666356,34.055648],[115.610856,34.004643],[115.573132,33.951985],[115.56259,33.872222],[115.569411,33.859742],[115.583984,33.85628],[115.618452,33.856358],[115.629304,33.844601],[115.622483,33.766156],[115.608169,33.759542],[115.594629,33.768921],[115.578713,33.762591],[115.573545,33.750188],[115.577783,33.736856],[115.594061,33.716159],[115.623103,33.627741],[115.634575,33.584772],[115.592201,33.568494],[115.442597,33.548082],[115.412522,33.518549],[115.398569,33.499661],[115.381826,33.500126],[115.365651,33.516663],[115.349993,33.516869],[115.347823,33.465038],[115.326842,33.427572],[115.326842,33.402406],[115.31568,33.373984],[115.328702,33.357938],[115.337901,33.345097],[115.347513,33.283989],[115.349218,33.263345],[115.344722,33.249986],[115.304828,33.215699],[115.292581,33.172342],[115.279093,33.138029],[115.250981,33.12064],[115.142822,33.08426],[115.018851,33.093949],[114.946245,33.118935],[114.890383,33.051678],[114.885732,33.034754],[114.876534,33.013489],[114.876534,32.998477],[114.89922,32.974241],[114.925213,32.958247],[115.021434,32.928456],[115.039521,32.915407],[115.073421,32.910136],[115.13042,32.892385],[115.146698,32.883626],[115.184732,32.859054],[115.191243,32.821227],[115.196359,32.797507],[115.184267,32.784072],[115.181321,32.702216],[115.206643,32.665629],[115.209433,32.64147],[115.280643,32.576539],[115.296921,32.568193],[115.3872,32.548711],[115.399499,32.538118],[115.456912,32.507396],[115.465438,32.499696],[115.482802,32.473651],[115.500682,32.445074],[115.546674,32.409185],[115.609357,32.416368],[115.68744,32.466675],[115.741907,32.479232],[115.79007,32.470706],[115.884534,32.571681],[115.902104,32.558736],[115.86345,32.522382],[115.867481,32.506362],[115.875697,32.499438],[115.861073,32.441638],[115.874922,32.416394],[115.888462,32.393863],[115.896058,32.29746],[115.912646,32.258341],[115.926909,32.016289],[115.921173,31.99921],[115.900864,31.886142],[115.901329,31.794494],[115.87916,31.786251],[115.789915,31.795786],[115.74816,31.794545],[115.724906,31.787802],[115.662946,31.783952],[115.56445,31.738554],[115.548741,31.735608],[115.531532,31.736384],[115.487452,31.682924],[115.472725,31.63471],[115.461718,31.616727],[115.394228,31.524148],[115.389267,31.500558],[115.391283,31.469888],[115.338366,31.402761],[115.269791,31.398885],[115.252841,31.417204],[115.24788,31.429038],[115.218528,31.447486],[115.206746,31.464721],[115.205196,31.481955],[115.216565,31.516475],[115.215428,31.540556],[115.207263,31.55394],[115.17729,31.590346],[115.15941,31.603446],[115.133469,31.598278],[115.083033,31.524665],[115.061845,31.499757],[115.020091,31.481205],[114.85979,31.489034],[114.833642,31.481748],[114.766566,31.490481],[114.749306,31.511436],[114.726052,31.51694],[114.693599,31.519498],[114.643163,31.565205],[114.616498,31.570554],[114.54167,31.589261],[114.532059,31.634245],[114.53795,31.658456],[114.560791,31.689384],[114.565907,31.712845],[114.561256,31.728761],[114.547613,31.742869],[114.495317,31.759199],[114.472321,31.751473],[114.452787,31.740156],[114.393979,31.738399],[114.361836,31.734265],[114.291556,31.779998],[114.267372,31.808731],[114.217866,31.825991],[114.14955,31.849555],[114.135752,31.84046],[114.042476,31.75832],[113.965788,31.747442],[113.954833,31.75708],[113.959949,31.80687],[113.952507,31.844594],[113.926721,31.856583],[113.899281,31.846222],[113.872151,31.846945],[113.85179,31.909784],[113.836597,31.932418],[113.788331,31.989701],[113.770193,32.083675],[113.754845,32.142896],[113.772518,32.165479],[113.781665,32.19372],[113.767351,32.285006],[113.770038,32.300277],[113.784301,32.343039],[113.742856,32.401976],[113.734795,32.415076],[113.703169,32.407195],[113.668855,32.411071],[113.630201,32.395878],[113.610513,32.376706],[113.595475,32.352935],[113.570153,32.346889],[113.55434,32.321542],[113.535117,32.299011],[113.420085,32.290252],[113.331615,32.317227],[113.324225,32.337561],[113.30433,32.355674],[113.271774,32.364872],[113.255651,32.372624],[113.241956,32.395129],[113.218702,32.41027],[113.182994,32.413319],[113.149921,32.390556],[113.11938,32.381202],[113.104652,32.385388],[113.045844,32.42523],[113.013857,32.420425],[112.850146,32.381176],[112.760797,32.350325],[112.533938,32.376758],[112.461487,32.370608],[112.368986,32.36371],[112.340358,32.358206],[112.313744,32.345571],[112.285787,32.350635],[112.227135,32.388514],[112.160575,32.391718],[112.101613,32.421975],[112.053347,32.454841],[112.036914,32.448562],[112.022341,32.439235],[111.962086,32.474323],[111.773881,32.52649],[111.711197,32.600233],[111.629083,32.626458],[111.594667,32.614831],[111.568932,32.595194],[111.541595,32.599432],[111.526247,32.622764],[111.515395,32.665913],[111.497825,32.692863],[111.406255,32.762032],[111.344966,32.843939],[111.307449,32.867141],[111.255308,32.906829],[111.220064,32.921014],[111.207507,32.940496],[111.213708,32.965327],[111.215568,32.982018],[111.205337,33.000699],[111.129786,33.090849],[111.108805,33.148029],[111.082915,33.165728],[111.045036,33.178414],[110.994135,33.219885],[111.015581,33.374449],[110.99429,33.421475],[110.991344,33.444445],[111.004109,33.471187],[111.011033,33.498937],[110.996925,33.527463],[110.968245,33.598828],[110.920909,33.628594],[110.800503,33.696031],[110.788411,33.72218],[110.790581,33.750395],[110.74924,33.802795],[110.642839,33.849795],[110.598293,33.873488],[110.593798,33.890903],[110.637723,33.953923],[110.644234,33.975394],[110.615708,34.029835],[110.606665,34.035933],[110.593333,34.045855],[110.60465,34.114352],[110.617672,34.139467],[110.618292,34.162463],[110.570543,34.176829],[110.552043,34.184994],[110.530804,34.2006],[110.44621,34.244396],[110.432257,34.267624],[110.433497,34.286435],[110.441249,34.301472],[110.481246,34.33253],[110.472616,34.365603],[110.458974,34.37847],[110.374069,34.403688],[110.337172,34.442859],[110.327664,34.479808],[110.338516,34.507558],[110.336242,34.613185],[110.376963,34.61582],[110.399908,34.592566],[110.426831,34.596028],[110.448897,34.612926],[110.491788,34.613288],[110.530546,34.583677],[110.561965,34.595951],[110.708623,34.620962],[110.743556,34.654293],[110.923183,34.685842],[110.973413,34.716899],[111.025709,34.747492],[111.138674,34.819219],[111.215517,34.80015],[111.237841,34.806558],[111.256858,34.828081],[111.285022,34.816428],[111.331272,34.840923],[111.373388,34.825885],[111.421654,34.835548],[111.569345,34.869035],[111.582419,34.896992],[111.603503,34.910014],[111.63084,34.958435],[111.678589,34.978899],[111.704324,35.012592],[111.763545,35.042461],[111.80778,35.061374],[111.846124,35.087058],[111.915577,35.089977],[111.991852,35.073803],[112.039911,35.049205],[112.061718,35.155632],[112.078772,35.237074],[112.134789,35.229555],[112.353897,35.223458],[112.401543,35.235782],[112.429345,35.229013],[112.525979,35.220279],[112.583237,35.241984],[112.587164,35.247565],[112.599877,35.268597],[112.605923,35.284307],[112.630159,35.297484],[112.674601,35.312186],[112.692171,35.304977],[112.719043,35.27764],[112.883064,35.238392],[112.954584,35.265315],[112.971224,35.279242],[112.987657,35.304512],[113.055766,35.334743],[113.12956,35.352287],[113.140826,35.368074],[113.168421,35.388564],[113.23188,35.416908],[113.260302,35.41758],[113.286036,35.425487],[113.297043,35.437605],[113.298439,35.453805],[113.304847,35.465846],[113.37306,35.473985],[113.475379,35.510236],[113.491295,35.52548],[113.595268,35.618291],[113.610358,35.640176],[113.604777,35.655395],[113.585346,35.680923],[113.597335,35.764846],[113.593408,35.776938],[113.632527,35.818176],[113.6209,35.855486],[113.628961,35.920857],[113.627566,35.953232],[113.656246,35.971861],[113.685289,36.043976],[113.680328,36.080692],[113.682963,36.104825],[113.69459,36.130198],[113.675212,36.152781],[113.675677,36.171539],[113.694487,36.188282],[113.682963,36.205026],[113.672886,36.221459],[113.679811,36.23815],[113.721255,36.333493],[113.72663,36.354836],[113.825435,36.34512],[113.867293,36.3653]]]}},{"type":"Feature","properties":{"name_zh":"湖北省","name_en":"Hubei","center_lng":112.263825,"center_lat":31.166405500000003,"name_short":"湖北"},"geometry":{"type":"Polygon","coordinates":[[[110.022308,30.82277],[110.078635,30.834604],[110.119925,30.884058],[110.129537,30.957025],[110.136358,31.017874],[110.104835,31.099213],[110.112897,31.131614],[110.162299,31.173085],[110.175477,31.198406],[110.142249,31.24662],[110.145505,31.285662],[110.108246,31.398032],[110.051505,31.430382],[109.965981,31.478234],[109.963965,31.495985],[109.838288,31.540762],[109.73261,31.561123],[109.724497,31.63608],[109.658764,31.718116],[109.583007,31.746176],[109.582697,31.770413],[109.612669,31.811108],[109.610188,31.927302],[109.626311,31.960969],[109.657214,32.027529],[109.673027,32.060188],[109.669306,32.080652],[109.624451,32.146514],[109.613599,32.202944],[109.60099,32.213305],[109.538255,32.240513],[109.524819,32.276118],[109.493916,32.316839],[109.486992,32.354589],[109.499704,32.368903],[109.565178,32.419804],[109.585332,32.54313],[109.615925,32.551321],[109.627862,32.57765],[109.639644,32.594832],[109.658144,32.599122],[109.701242,32.586047],[109.728579,32.587598],[109.768628,32.600052],[109.792038,32.57933],[109.808161,32.571604],[109.8294,32.571501],[109.863093,32.590879],[109.950788,32.576177],[110.003549,32.550856],[110.020913,32.550468],[110.065923,32.581655],[110.061892,32.598217],[110.073829,32.616562],[110.116307,32.608578],[110.168294,32.62235],[110.160542,32.650307],[110.144884,32.681106],[110.154961,32.729579],[110.121165,32.796681],[110.115171,32.818901],[110.082046,32.848202],[109.992801,32.889052],[109.899111,32.914425],[109.835808,32.895874],[109.75881,32.915045],[109.75881,32.95388],[109.77886,33.017727],[109.779584,33.050231],[109.753384,33.083795],[109.694421,33.105525],[109.592463,33.109788],[109.564868,33.114],[109.491023,33.145006],[109.447563,33.167976],[109.515672,33.237067],[109.536911,33.245025],[109.585177,33.23593],[109.618095,33.239573],[109.651891,33.263525],[109.696281,33.25195],[109.87534,33.243423],[109.959935,33.214123],[110.117134,33.210015],[110.148605,33.193969],[110.19036,33.163015],[110.432257,33.173066],[110.459129,33.185081],[110.501504,33.228721],[110.516851,33.240504],[110.547392,33.245335],[110.568218,33.234432],[110.595193,33.188336],[110.604495,33.153894],[110.632297,33.14423],[110.664284,33.145858],[110.717408,33.104362],[110.747742,33.095887],[110.750274,33.105706],[110.740455,33.118005],[110.741231,33.133017],[110.772236,33.148235],[110.801434,33.166425],[110.814456,33.190248],[110.831819,33.20216],[110.908817,33.206811],[110.924475,33.221771],[110.939513,33.248849],[110.957393,33.259185],[111.002662,33.207534],[111.055372,33.172782],[111.097333,33.158829],[111.115316,33.132526],[111.160791,33.043487],[111.209367,32.996126],[111.216344,32.976489],[111.209212,32.954681],[111.210142,32.930213],[111.233552,32.917784],[111.29205,32.875539],[111.31334,32.864919],[111.363311,32.824767],[111.441343,32.729966],[111.503716,32.686894],[111.519116,32.655604],[111.531622,32.611085],[111.545574,32.59677],[111.577407,32.601292],[111.610015,32.622298],[111.644328,32.625632],[111.72701,32.590802],[111.779255,32.520367],[111.977899,32.465357],[112.027147,32.441379],[112.04141,32.451663],[112.061098,32.453523],[112.144607,32.394638],[112.186465,32.395206],[112.234421,32.385],[112.296639,32.345649],[112.328317,32.351462],[112.34351,32.360893],[112.434305,32.359911],[112.467998,32.371539],[112.611969,32.373476],[112.772889,32.352289],[112.991532,32.404405],[113.027034,32.424533],[113.065688,32.417376],[113.108993,32.382804],[113.128372,32.382572],[113.156019,32.394509],[113.191055,32.414404],[113.227694,32.406627],[113.247589,32.386241],[113.260147,32.369368],[113.293013,32.360532],[113.317352,32.34552],[113.326241,32.3326],[113.336318,32.314359],[113.43595,32.288753],[113.542713,32.303274],[113.558371,32.335003],[113.5762,32.351178],[113.601366,32.355209],[113.612838,32.381745],[113.643121,32.40332],[113.685599,32.410193],[113.70906,32.407945],[113.737275,32.412828],[113.78275,32.359369],[113.78058,32.326477],[113.768953,32.296944],[113.767867,32.276041],[113.781045,32.185658],[113.768488,32.159769],[113.752365,32.137599],[113.786006,32.047243],[113.791122,31.979237],[113.844969,31.922703],[113.861712,31.862707],[113.878455,31.845395],[113.910288,31.849245],[113.934524,31.855601],[113.957158,31.838289],[113.953283,31.774831],[113.958088,31.75031],[113.971989,31.746564],[114.057876,31.76571],[114.139783,31.844206],[114.158593,31.849193],[114.254143,31.81612],[114.274503,31.800979],[114.334861,31.748347],[114.368968,31.733722],[114.407312,31.740156],[114.457438,31.741784],[114.480899,31.75708],[114.509114,31.756847],[114.555675,31.737675],[114.563271,31.723749],[114.565752,31.706799],[114.551954,31.67538],[114.535366,31.653365],[114.532214,31.627992],[114.547872,31.572879],[114.629004,31.569805],[114.651534,31.558332],[114.702281,31.516345],[114.738299,31.517327],[114.753027,31.500687],[114.790751,31.483763],[114.837931,31.482265],[114.8755,31.489809],[115.037764,31.485985],[115.069752,31.50725],[115.105254,31.563913],[115.139412,31.600914],[115.165922,31.601456],[115.191553,31.568409],[115.210777,31.550038],[115.216668,31.534975],[115.215118,31.510506],[115.205041,31.476089],[115.208813,31.459682],[115.227727,31.441053],[115.250361,31.424775],[115.255322,31.412347],[115.278008,31.396146],[115.360845,31.410848],[115.380379,31.350516],[115.423839,31.335685],[115.445595,31.312973],[115.460632,31.275792],[115.497374,31.257963],[115.522851,31.23321],[115.56073,31.170992],[115.582744,31.160424],[115.600107,31.164765],[115.605585,31.181379],[115.617522,31.208328],[115.633335,31.223262],[115.656331,31.22179],[115.711211,31.193548],[115.806968,31.124896],[115.827587,31.125878],[115.858283,31.134353],[115.882054,31.125516],[115.888875,31.111357],[115.900244,31.09017],[115.93156,31.058802],[115.939518,31.035367],[115.964633,31.038235],[116.035378,31.030949],[116.033362,30.983846],[115.981841,30.939533],[115.931405,30.903618],[115.873527,30.875997],[115.856474,30.855404],[115.858283,30.82091],[115.86531,30.795382],[115.853063,30.774582],[115.835235,30.770241],[115.810533,30.77546],[115.786504,30.768432],[115.77529,30.754816],[115.766609,30.711433],[115.767849,30.688153],[115.797046,30.645107],[115.820455,30.622756],[115.829034,30.597151],[115.853993,30.591492],[115.871977,30.584981],[115.940138,30.505632],[115.949595,30.462379],[115.942618,30.441682],[115.894818,30.414242],[115.876783,30.389799],[115.88226,30.366958],[115.898797,30.341197],[115.912026,30.315592],[115.963547,30.294327],[115.977035,30.265931],[116.02189,30.239757],[116.040494,30.221437],[116.062559,30.137386],[116.070156,30.096949],[116.080388,30.038218],[116.072171,29.978765],[116.114391,29.930602],[116.124933,29.908201],[116.120902,29.888047],[116.127103,29.833115],[116.110463,29.786503],[115.998997,29.744128],[115.743768,29.808853],[115.718343,29.854121],[115.535201,29.854664],[115.469779,29.839032],[115.432675,29.746221],[115.416862,29.711701],[115.342707,29.640284],[115.272065,29.614653],[115.24323,29.632145],[115.178531,29.649973],[115.078899,29.652841],[115.095538,29.639664],[115.116157,29.627675],[115.130575,29.601036],[115.140187,29.587522],[115.126338,29.539334],[115.10298,29.511016],[115.085565,29.542693],[115.075281,29.554243],[115.022881,29.55339],[114.965469,29.557783],[114.94671,29.540109],[114.936892,29.506184],[114.932241,29.50006],[114.912397,29.500629],[114.891003,29.523444],[114.878084,29.516467],[114.878911,29.500474],[114.878084,29.492567],[114.851729,29.467271],[114.835399,29.445541],[114.818243,29.393865],[114.801138,29.3803],[114.744655,29.36056],[114.729773,29.370895],[114.720574,29.389214],[114.682437,29.382729],[114.463226,29.317229],[114.44426,29.320975],[114.426535,29.333507],[114.378941,29.326634],[114.336722,29.330484],[114.316568,29.347873],[114.296207,29.35826],[114.269852,29.347408],[114.242671,29.308521],[114.246546,29.248913],[114.237865,29.238707],[114.202466,29.234004],[114.143038,29.211861],[113.996742,29.164293],[113.840008,29.08838],[113.772828,29.125303],[113.749677,29.115613],[113.71123,29.072929],[113.688389,29.096674],[113.654903,29.124037],[113.651027,29.190622],[113.632372,29.230387],[113.580902,29.253047],[113.59656,29.311286],[113.653352,29.382548],[113.705029,29.40389],[113.726423,29.432364],[113.727043,29.456936],[113.706734,29.49404],[113.677537,29.523935],[113.672576,29.544786],[113.680948,29.602354],[113.655213,29.667828],[113.64033,29.682426],[113.621675,29.687697],[113.547674,29.681754],[113.533256,29.693304],[113.546124,29.771103],[113.590307,29.879959],[113.44644,29.780095],[113.162323,29.493187],[113.118088,29.464016],[113.090286,29.496133],[113.075093,29.473524],[113.066463,29.442363],[113.048842,29.454275],[113.032874,29.519051],[112.972257,29.489389],[112.927815,29.495228],[112.935257,29.659611],[113.017422,29.72462],[113.012926,29.772989],[112.93629,29.693304],[112.916757,29.734051],[112.886164,29.791774],[112.808339,29.749296],[112.786222,29.736687],[112.765758,29.703355],[112.751909,29.690565],[112.712066,29.680669],[112.692688,29.671548],[112.686797,29.654805],[112.664886,29.631938],[112.555797,29.630311],[112.450894,29.644005],[112.346456,29.562614],[112.281912,29.536931],[112.279276,29.585869],[112.259897,29.609562],[112.233698,29.625427],[112.217678,29.669145],[112.205482,29.669998],[112.17799,29.6454],[112.154219,29.674959],[112.126314,29.707153],[111.856615,29.871252],[111.747629,29.924763],[111.726235,29.916185],[111.696314,29.901018],[111.494725,29.936209],[111.460928,29.938948],[111.396229,29.924685],[111.376334,29.949051],[111.341452,29.972357],[111.308483,29.99649],[110.943544,30.063514],[110.741851,30.096174],[110.725262,30.064961],[110.723195,30.035195],[110.685988,30.026669],[110.559381,30.054987],[110.498196,30.044936],[110.46316,30.013982],[110.506568,29.984604],[110.483468,29.966233],[110.469516,29.920448],[110.494941,29.870218],[110.544912,29.837817],[110.586356,29.793272],[110.567133,29.749011],[110.493545,29.713225],[110.446727,29.726687],[110.4228,29.714233],[110.419235,29.68284],[110.37686,29.653539],[110.325649,29.66496],[110.270407,29.691108],[110.196871,29.754256],[110.14504,29.76715],[110.11946,29.783583],[109.766148,29.725395],[109.693956,29.614368],[109.669461,29.595171],[109.634528,29.603206],[109.59882,29.618864],[109.538617,29.598788],[109.522338,29.581554],[109.502288,29.566671],[109.494123,29.569126],[109.472212,29.56817],[109.458725,29.549773],[109.451748,29.53241],[109.436349,29.540316],[109.428132,29.510628],[109.417125,29.502463],[109.410769,29.499828],[109.407824,29.472852],[109.393251,29.44872],[109.378471,29.438203],[109.375577,29.412339],[109.378988,29.392289],[109.334288,29.363376],[109.326795,29.331233],[109.338009,29.301778],[109.327002,29.279273],[109.269227,29.24235],[109.25698,29.204083],[109.255585,29.167548],[109.206595,29.104244],[109.023299,29.297979],[108.988418,29.318702],[108.920566,29.348984],[108.922272,29.390377],[108.904753,29.434844],[108.870905,29.486702],[108.895452,29.577937],[108.894677,29.60778],[108.872042,29.638966],[108.788688,29.665373],[108.718718,29.689325],[108.689211,29.705603],[108.663786,29.798181],[108.626217,29.856059],[108.596917,29.844303],[108.551287,29.800042],[108.531185,29.746583],[108.512633,29.721855],[108.486743,29.720228],[108.446849,29.735782],[108.435066,29.770121],[108.402304,29.819498],[108.415326,29.843398],[108.513718,29.854457],[108.536559,29.874353],[108.530254,29.931688],[108.545241,29.982253],[108.550356,30.009254],[108.529531,30.189837],[108.543484,30.280994],[108.522865,30.323963],[108.41052,30.362798],[108.380393,30.388611],[108.407419,30.46057],[108.433206,30.487287],[108.601258,30.509637],[108.653244,30.573405],[108.677119,30.567669],[108.697428,30.528809],[108.747244,30.522039],[108.809307,30.545784],[108.881137,30.556197],[108.913435,30.588805],[108.964646,30.607486],[109.086138,30.597047],[109.111924,30.577204],[109.152439,30.562011],[109.248247,30.597435],[109.296254,30.595523],[109.357697,30.578418],[109.41573,30.592577],[109.502805,30.655933],[109.545903,30.65061],[109.576185,30.675906],[109.630497,30.709573],[109.648326,30.739571],[109.664965,30.767993],[109.870689,30.88858],[109.915389,30.892146],[109.945465,30.875842],[109.959108,30.847058],[109.996728,30.826232],[110.022308,30.82277]]]}},{"type":"Feature","properties":{"name_zh":"安徽省","name_en":"Anhui","center_lng":117.252849,"center_lat":32.025358000000004,"name_short":"安徽"},"geometry":{"type":"Polygon","coordinates":[[[119.629784,31.13288],[119.579296,30.867419],[119.574955,30.847058],[119.550047,30.813417],[119.532994,30.78639],[119.497595,30.767192],[119.492479,30.740269],[119.464522,30.678231],[119.443128,30.639215],[119.423853,30.637898],[119.408505,30.646502],[119.401684,30.666759],[119.393932,30.680221],[119.377189,30.685595],[119.350627,30.675363],[119.33869,30.664227],[119.316211,30.623532],[119.277402,30.610535],[119.266705,30.595135],[119.261279,30.567824],[119.242934,30.556585],[119.242624,30.539635],[119.254458,30.523796],[119.281588,30.513357],[119.315746,30.519145],[119.330009,30.509378],[119.334039,30.47597],[119.353418,30.448969],[119.358741,30.412123],[119.390522,30.385768],[119.392382,30.368431],[119.320397,30.368818],[119.26903,30.336857],[119.242934,30.30089],[119.223865,30.303654],[119.204331,30.314429],[119.165522,30.310321],[119.050387,30.312956],[119.004912,30.331896],[118.968584,30.35236],[118.94719,30.354737],[118.899079,30.336469],[118.87784,30.318615],[118.87784,30.292208],[118.909466,30.222212],[118.86027,30.173042],[118.873602,30.154671],[118.87908,30.142114],[118.869313,30.114725],[118.871019,30.097543],[118.893963,30.000986],[118.890552,29.97507],[118.846317,29.936752],[118.834948,29.898408],[118.820117,29.880037],[118.731337,29.815519],[118.724361,29.787975],[118.733197,29.756659],[118.728547,29.7371],[118.639508,29.656123],[118.594808,29.648191],[118.469596,29.523935],[118.416163,29.489932],[118.393528,29.45952],[118.363763,29.460838],[118.347743,29.481121],[118.33317,29.490474],[118.313326,29.487451],[118.3079,29.46629],[118.312396,29.45182],[118.17473,29.407869],[118.11892,29.462879],[118.115457,29.495228],[118.117318,29.506752],[118.104605,29.530032],[118.021148,29.562614],[117.985905,29.57202],[117.910354,29.551762],[117.819248,29.568351],[117.766486,29.559669],[117.690935,29.562201],[117.649181,29.605868],[117.625306,29.614575],[117.562261,29.610674],[117.533736,29.617236],[117.512755,29.645064],[117.481129,29.667569],[117.418394,29.751699],[117.39979,29.780767],[117.404338,29.834432],[117.382737,29.837507],[117.350595,29.823942],[117.335092,29.838799],[117.312767,29.843476],[117.28078,29.830221],[117.260006,29.831074],[117.238457,29.839988],[117.223212,29.858462],[117.231635,29.887478],[117.225538,29.906676],[117.16859,29.926546],[117.129833,29.913575],[117.095055,29.868358],[117.063687,29.836861],[117.071955,29.82495],[117.092109,29.814305],[117.103685,29.769656],[117.091489,29.734774],[117.085753,29.715499],[116.982245,29.672556],[116.955063,29.653901],[116.880752,29.552873],[116.862149,29.54582],[116.814968,29.549204],[116.775539,29.571193],[116.759881,29.558248],[116.753525,29.547422],[116.734301,29.546336],[116.705104,29.579849],[116.654668,29.618761],[116.647795,29.633256],[116.674977,29.708006],[116.696061,29.723535],[116.717352,29.714491],[116.730064,29.722398],[116.745619,29.753171],[116.761897,29.757822],[116.776004,29.749476],[116.790112,29.748675],[116.863699,29.850711],[116.886799,29.920422],[116.880132,29.939077],[116.77771,30.031242],[116.701694,30.05646],[116.650482,30.050673],[116.593948,30.010675],[116.579427,29.995327],[116.54899,29.954193],[116.513333,29.894196],[116.414631,29.880657],[116.297946,29.808775],[116.206788,29.781387],[116.127103,29.833115],[116.120902,29.888047],[116.124933,29.908201],[116.114391,29.930602],[116.072171,29.978765],[116.080388,30.038218],[116.070156,30.096949],[116.062559,30.137386],[116.040494,30.221437],[116.02189,30.239757],[115.977035,30.265931],[115.963547,30.294327],[115.912026,30.315592],[115.898797,30.341197],[115.88226,30.366958],[115.876783,30.389799],[115.894818,30.414242],[115.942618,30.441682],[115.949595,30.462379],[115.940138,30.505632],[115.871977,30.584981],[115.853993,30.591492],[115.829034,30.597151],[115.820455,30.622756],[115.797046,30.645107],[115.767849,30.688153],[115.766609,30.711433],[115.77529,30.754816],[115.786504,30.768432],[115.810533,30.77546],[115.835235,30.770241],[115.853063,30.774582],[115.86531,30.795382],[115.858283,30.82091],[115.856474,30.855404],[115.873527,30.875997],[115.931405,30.903618],[115.981841,30.939533],[116.033362,30.983846],[116.035378,31.030949],[115.964633,31.038235],[115.939518,31.035367],[115.93156,31.058802],[115.900244,31.09017],[115.888875,31.111357],[115.882054,31.125516],[115.858283,31.134353],[115.827587,31.125878],[115.806968,31.124896],[115.711211,31.193548],[115.656331,31.22179],[115.633335,31.223262],[115.617522,31.208328],[115.605585,31.181379],[115.600107,31.164765],[115.582744,31.160424],[115.56073,31.170992],[115.522851,31.23321],[115.497374,31.257963],[115.460632,31.275792],[115.445595,31.312973],[115.423839,31.335685],[115.380379,31.350516],[115.391283,31.469888],[115.389267,31.500558],[115.394228,31.524148],[115.461718,31.616727],[115.472725,31.63471],[115.487452,31.682924],[115.531532,31.736384],[115.548741,31.735608],[115.56445,31.738554],[115.662946,31.783952],[115.724906,31.787802],[115.74816,31.794545],[115.789915,31.795786],[115.87916,31.786251],[115.901329,31.794494],[115.900864,31.886142],[115.921173,31.99921],[115.926909,32.016289],[115.912646,32.258341],[115.896058,32.29746],[115.888462,32.393863],[115.874922,32.416394],[115.861073,32.441638],[115.875697,32.499438],[115.867481,32.506362],[115.86345,32.522382],[115.902104,32.558736],[115.884534,32.571681],[115.79007,32.470706],[115.741907,32.479232],[115.68744,32.466675],[115.609357,32.416368],[115.546674,32.409185],[115.500682,32.445074],[115.482802,32.473651],[115.465438,32.499696],[115.456912,32.507396],[115.399499,32.538118],[115.3872,32.548711],[115.296921,32.568193],[115.280643,32.576539],[115.209433,32.64147],[115.206643,32.665629],[115.181321,32.702216],[115.184267,32.784072],[115.196359,32.797507],[115.191243,32.821227],[115.184732,32.859054],[115.146698,32.883626],[115.13042,32.892385],[115.073421,32.910136],[115.039521,32.915407],[115.021434,32.928456],[114.925213,32.958247],[114.89922,32.974241],[114.876534,32.998477],[114.876534,33.013489],[114.885732,33.034754],[114.890383,33.051678],[114.946245,33.118935],[115.018851,33.093949],[115.142822,33.08426],[115.250981,33.12064],[115.279093,33.138029],[115.292581,33.172342],[115.304828,33.215699],[115.344722,33.249986],[115.349218,33.263345],[115.347513,33.283989],[115.337901,33.345097],[115.328702,33.357938],[115.31568,33.373984],[115.326842,33.402406],[115.326842,33.427572],[115.347823,33.465038],[115.349993,33.516869],[115.365651,33.516663],[115.381826,33.500126],[115.398569,33.499661],[115.412522,33.518549],[115.442597,33.548082],[115.592201,33.568494],[115.634575,33.584772],[115.623103,33.627741],[115.594061,33.716159],[115.577783,33.736856],[115.573545,33.750188],[115.578713,33.762591],[115.594629,33.768921],[115.608169,33.759542],[115.622483,33.766156],[115.629304,33.844601],[115.618452,33.856358],[115.583984,33.85628],[115.569411,33.859742],[115.56259,33.872222],[115.573132,33.951985],[115.610856,34.004643],[115.666356,34.055648],[115.711211,34.058232],[115.742114,34.066267],[115.815029,34.027587],[115.841126,34.006917],[115.86221,34.012343],[115.879263,34.018079],[115.921741,34.003816],[115.953315,34.004075],[115.974089,33.983714],[115.973934,33.952243],[115.963702,33.918188],[115.970679,33.904804],[116.048762,33.835635],[116.079613,33.778352],[116.140281,33.723265],[116.166171,33.716702],[116.420677,33.790832],[116.431064,33.798661],[116.439746,33.827083],[116.456231,33.855867],[116.491422,33.867881],[116.512403,33.878113],[116.546044,33.8831],[116.56594,33.894779],[116.591158,33.912685],[116.62051,33.901626],[116.636064,33.90961],[116.634204,33.970485],[116.55116,34.105981],[116.542789,34.131664],[116.547749,34.149673],[116.558498,34.16236],[116.570901,34.173212],[116.575241,34.188766],[116.56749,34.223234],[116.56718,34.248866],[116.573381,34.278812],[116.55209,34.286848],[116.461346,34.277572],[116.414786,34.276487],[116.386519,34.276487],[116.315309,34.336819],[116.203274,34.402216],[116.153768,34.455262],[116.160176,34.51425],[116.16338,34.53474],[116.193973,34.584349],[116.215367,34.576004],[116.243324,34.56833],[116.377217,34.63954],[116.419902,34.64264],[116.484291,34.598819],[116.500621,34.578975],[116.509716,34.566159],[116.583768,34.513475],[116.598031,34.494768],[116.715336,34.468077],[116.782981,34.440792],[116.807062,34.395627],[116.838998,34.389219],[116.921422,34.400691],[116.942506,34.394128],[116.977749,34.356094],[116.979144,34.339558],[116.966122,34.297752],[116.969533,34.275402],[117.00736,34.248168],[117.019969,34.232588],[117.014698,34.180627],[117.025705,34.162721],[117.159443,34.091175],[117.244813,34.073709],[117.348631,34.069962],[117.391729,34.031256],[117.423407,34.023505],[117.476788,34.044692],[117.503453,34.049757],[117.525158,34.044305],[117.550324,34.02335],[117.57239,33.990458],[117.594249,33.986143],[117.612232,33.993223],[117.616263,34.000147],[117.619209,34.007279],[117.641895,33.995186],[117.650886,33.982474],[117.668095,33.931159],[117.680807,33.914545],[117.687525,33.887596],[117.703183,33.878036],[117.734964,33.883979],[117.748658,33.87571],[117.744162,33.823207],[117.745713,33.757707],[117.742405,33.750188],[117.725662,33.732515],[117.752224,33.72435],[117.864878,33.726365],[117.889683,33.732463],[117.940274,33.738148],[117.965544,33.751584],[118.10476,33.767629],[118.131012,33.763624],[118.169459,33.725642],[118.176901,33.698899],[118.168374,33.672596],[118.135146,33.632004],[118.121504,33.611256],[118.112615,33.498292],[118.112822,33.479481],[118.090963,33.477931],[118.063316,33.489016],[117.992519,33.348947],[117.948801,33.26952],[117.933763,33.250115],[117.931851,33.235129],[117.968386,33.21389],[117.984974,33.193736],[117.98823,33.17906],[118.01381,33.161775],[118.091273,33.159268],[118.151476,33.177665],[118.157057,33.185184],[118.160468,33.207147],[118.169769,33.213193],[118.196796,33.204899],[118.218035,33.179913],[118.220516,33.160457],[118.21726,33.105137],[118.253744,33.004937],[118.299064,32.967962],[118.24501,32.932926],[118.237465,32.911247],[118.24253,32.88404],[118.253899,32.866082],[118.284129,32.843034],[118.290485,32.827531],[118.28909,32.79557],[118.295756,32.781178],[118.363866,32.745004],[118.372754,32.73193],[118.408618,32.733325],[118.576359,32.726737],[118.599614,32.741645],[118.625039,32.744901],[118.728702,32.737795],[118.744205,32.753893],[118.738468,32.776165],[118.74007,32.791642],[118.748235,32.838539],[118.754488,32.849468],[118.766735,32.855463],[118.797741,32.865074],[118.805699,32.90887],[118.812676,32.925122],[118.826473,32.935173],[118.837946,32.961425],[118.857376,32.972303],[118.888795,32.961864],[118.910396,32.957317],[118.980366,32.965947],[118.997006,32.959074],[119.004447,32.94941],[119.004757,32.920549],[119.016539,32.905382],[119.03969,32.893083],[119.076794,32.861354],[119.101909,32.836291],[119.153379,32.824534],[119.15095,32.78911],[119.161802,32.755417],[119.185005,32.731],[119.191929,32.667231],[119.199371,32.593721],[119.156531,32.560003],[119.141493,32.521297],[119.138806,32.50011],[119.090282,32.453162],[119.06372,32.462334],[119.056227,32.476209],[119.036435,32.493908],[119.029872,32.50352],[119.009563,32.51321],[118.983518,32.512279],[118.968274,32.52047],[118.944864,32.554912],[118.929051,32.561165],[118.905745,32.563697],[118.903265,32.579407],[118.9028,32.593644],[118.847247,32.587624],[118.828334,32.591189],[118.819032,32.60323],[118.790455,32.597545],[118.763015,32.610465],[118.743791,32.610129],[118.716299,32.599458],[118.693665,32.59752],[118.666173,32.587391],[118.64974,32.594212],[118.614497,32.58088],[118.592638,32.589561],[118.573052,32.59336],[118.554552,32.581758],[118.555069,32.554499],[118.585351,32.534914],[118.593258,32.521374],[118.593413,32.495485],[118.601009,32.482953],[118.649895,32.47347],[118.664933,32.463859],[118.668964,32.429261],[118.67439,32.372081],[118.684053,32.339241],[118.667413,32.320741],[118.65036,32.289037],[118.665088,32.276635],[118.668499,32.261054],[118.609536,32.215605],[118.514399,32.199766],[118.499362,32.183488],[118.500292,32.141346],[118.493315,32.131579],[118.397869,32.078146],[118.380661,32.037089],[118.392133,32.01647],[118.40283,32.003241],[118.377715,31.98828],[118.368569,31.974974],[118.363143,31.960349],[118.35198,31.946681],[118.396164,31.914719],[118.431562,31.893067],[118.448615,31.897071],[118.466495,31.882214],[118.481378,31.845705],[118.484169,31.784443],[118.530264,31.760181],[118.546852,31.745659],[118.568711,31.735608],[118.680126,31.709538],[118.680901,31.69481],[118.664623,31.678894],[118.661677,31.661995],[118.680746,31.646751],[118.729787,31.638198],[118.745031,31.645459],[118.757227,31.664424],[118.770921,31.673623],[118.78937,31.66737],[118.797431,31.632824],[118.81035,31.623471],[118.832054,31.630602],[118.850813,31.631971],[118.86306,31.624633],[118.868538,31.607089],[118.870553,31.570786],[118.881405,31.547196],[118.827249,31.397541],[118.803012,31.375191],[118.746065,31.354753],[118.737383,31.333876],[118.740691,31.306436],[118.767511,31.272381],[118.790713,31.249643],[118.803632,31.227629],[119.096018,31.247059],[119.236061,31.264888],[119.276782,31.266567],[119.311198,31.265043],[119.325668,31.273156],[119.340085,31.286592],[119.352643,31.280236],[119.358741,31.26419],[119.35657,31.219206],[119.360291,31.196985],[119.381375,31.184221],[119.479147,31.155075],[119.537024,31.14673],[119.592422,31.130787],[119.629784,31.13288]]]}}]}