{"type":"FeatureCollection","features":[{"type":"Feature","properties":{"scalerank":0,"featurecla":"Coastline","min_zoom":0},"bbox":[119.761816,12.56709,124.142773,18.615283],"geometry":{"type":"LineString","coordinates":[[122.293848,18.234277],[122.222852,18.157129],[122.179492,18.064258],[122.150977,17.756494],[122.152344,17.664404],[122.175195,17.575684],[122.236816,17.434863],[122.269043,17.395264],[122.362305,17.344873],[122.3875,17.306787],[122.392871,17.238379],[122.40752,17.178125],[122.467871,17.155127],[122.519141,17.124854],[122.5,17.058008],[122.467969,16.990039],[122.425781,16.822656],[122.225879,16.435205],[122.21416,16.351514],[122.135156,16.184814],[121.974707,16.15791],[121.788672,16.077441],[121.685156,16.014746],[121.595313,15.933252],[121.560938,15.826758],[121.59043,15.778027],[121.60918,15.726025],[121.607031,15.669824],[121.579199,15.623193],[121.489844,15.509521],[121.452051,15.41665],[121.411914,15.375049],[121.392285,15.324414],[121.398926,15.266602],[121.434961,15.216309],[121.543945,14.99917],[121.660547,14.789502],[121.685645,14.76543],[121.69541,14.737305],[121.626563,14.681738],[121.62793,14.581152],[121.648535,14.481494],[121.751855,14.23418],[121.766602,14.168066],[121.800488,14.113867],[121.85332,14.063086],[121.911719,14.02041],[122.07959,13.947119],[122.144336,13.932715],[122.211719,13.930176],[122.228418,13.979492],[122.2875,13.996191],[122.274414,14.044727],[122.202539,14.11167],[122.199707,14.148047],[122.2375,14.175049],[122.282617,14.19082],[122.383691,14.263867],[122.49082,14.322363],[122.627148,14.317529],[122.761035,14.284863],[122.856055,14.250781],[122.93418,14.188086],[123.014551,14.079834],[123.070996,13.959961],[123.070703,13.902734],[123.056934,13.845459],[123.059961,13.78877],[123.101953,13.750244],[123.231445,13.747363],[123.296973,13.836426],[123.305371,13.936572],[123.259277,13.975439],[123.280469,14.024805],[123.320312,14.06167],[123.377441,14.028662],[123.432324,13.96626],[123.632812,13.898486],[123.684082,13.897021],[123.725977,13.884326],[123.815723,13.837109],[123.857617,13.799609],[123.80625,13.721729],[123.607129,13.704443],[123.549609,13.645752],[123.608105,13.528076],[123.703613,13.431592],[123.764844,13.353516],[123.819238,13.269482],[123.816602,13.191602],[123.785156,13.110547],[123.872754,13.116992],[123.955176,13.099707],[124.069141,13.031934],[124.10459,13.025],[124.142773,13.035791],[124.137305,12.791162],[124.059766,12.56709],[123.961719,12.594971],[123.877832,12.689697],[123.894922,12.80498],[123.948535,12.916406],[123.917969,12.939941],[123.863867,12.930664],[123.802344,12.905566],[123.736035,12.896924],[123.626758,12.911768],[123.402344,13.033105],[123.310938,13.044092],[123.29043,13.099023],[123.295508,13.215576],[123.205957,13.353516],[123.191602,13.402881],[123.163281,13.441748],[122.896191,13.591943],[122.863477,13.617236],[122.781348,13.737061],[122.595215,13.907617],[122.543066,13.925049],[122.486328,13.92998],[122.467969,13.886719],[122.49375,13.820215],[122.504199,13.763086],[122.500195,13.703174],[122.508008,13.656836],[122.596191,13.562012],[122.609375,13.517139],[122.667871,13.395361],[122.675098,13.253174],[122.599902,13.194141],[122.515234,13.26001],[122.5125,13.313623],[122.497949,13.363525],[122.406934,13.492773],[122.376563,13.520605],[122.205273,13.648242],[122.072754,13.788379],[121.77793,13.937646],[121.742871,13.94585],[121.691699,13.93457],[121.643457,13.915967],[121.501074,13.842187],[121.450781,13.790771],[121.446289,13.711865],[121.344141,13.649121],[121.203516,13.640283],[121.095508,13.679492],[121.006152,13.758105],[120.932324,13.761865],[120.840723,13.884717],[120.729102,13.900537],[120.637109,13.804492],[120.617383,13.995312],[120.616797,14.188037],[120.642676,14.244336],[120.688281,14.291211],[120.92207,14.493115],[120.951563,14.557959],[120.941309,14.645068],[120.888086,14.715771],[120.804492,14.758789],[120.70791,14.776611],[120.638281,14.816162],[120.583691,14.88125],[120.546777,14.766113],[120.582715,14.594629],[120.588672,14.483105],[120.555664,14.441357],[120.495703,14.440186],[120.43877,14.453369],[120.396094,14.493311],[120.365234,14.608301],[120.283887,14.684375],[120.250781,14.793311],[120.213867,14.808789],[120.137988,14.800391],[120.082129,14.851074],[120.044531,14.978125],[120.036621,15.114551],[120.00498,15.229248],[119.959375,15.340234],[119.932813,15.430908],[119.891602,15.837695],[119.881445,15.875],[119.859668,15.905762],[119.808203,15.951953],[119.768945,16.008447],[119.761816,16.05498],[119.772559,16.255127],[119.790234,16.30332],[119.830762,16.326562],[119.886133,16.287402],[119.930371,16.23877],[119.985156,16.21543],[120.033398,16.18457],[120.124023,16.066211],[120.159766,16.047656],[120.271289,16.051416],[120.337012,16.066455],[120.36875,16.10957],[120.38877,16.160938],[120.389258,16.221631],[120.325,16.400342],[120.305273,16.529248],[120.304395,16.645459],[120.321191,16.761865],[120.408887,16.955615],[120.420117,17.090088],[120.411719,17.269922],[120.427148,17.376904],[120.424512,17.43833],[120.37207,17.535107],[120.358398,17.638184],[120.505078,18.162646],[120.550977,18.264062],[120.584473,18.36875],[120.599707,18.507861],[120.709375,18.545947],[120.81377,18.603418],[120.867773,18.598926],[120.925,18.585107],[121.051367,18.613672],[121.101562,18.615283],[121.254492,18.563428],[121.592969,18.376465],[121.716797,18.330078],[121.845605,18.29541],[121.947559,18.285156],[122.038477,18.32793],[122.076953,18.37168],[122.14668,18.486572],[122.221191,18.500635],[122.265527,18.458838],[122.299805,18.402783],[122.315039,18.320312],[122.293848,18.234277]]}},{"type":"Feature","properties":{"scalerank":0,"featurecla":"Coastline","min_zoom":0},"bbox":[139.820898,41.423242,145.833008,45.509521],"geometry":{"type":"LineString","coordinates":[[145.214063,43.578223],[145.139648,43.6625],[145.101074,43.764551],[145.126367,43.869385],[145.245215,44.076172],[145.351953,44.229785],[145.369629,44.281299],[145.369531,44.327393],[145.342773,44.333887],[145.101562,44.166162],[144.871875,43.981934],[144.798535,43.940234],[144.715234,43.927979],[144.59668,43.930225],[144.481836,43.949561],[144.101367,44.101562],[144.005469,44.11665],[143.949512,44.111914],[143.824316,44.116992],[143.759082,44.131641],[143.65459,44.221338],[143.511914,44.277539],[143.288574,44.396631],[143.075098,44.534912],[142.884766,44.670117],[142.704102,44.819189],[142.416016,45.125],[142.171582,45.325635],[142.016406,45.437939],[141.980859,45.483496],[141.937695,45.509521],[141.878711,45.483301],[141.829492,45.43877],[141.778125,45.418896],[141.667969,45.40127],[141.654004,45.376562],[141.652539,45.348633],[141.59375,45.255957],[141.583008,45.155957],[141.655762,45.051221],[141.719043,44.941064],[141.782227,44.716357],[141.760938,44.48252],[141.716309,44.371191],[141.66084,44.263623],[141.644727,44.019434],[141.600684,43.918994],[141.446777,43.748633],[141.397656,43.642627],[141.39834,43.5125],[141.412305,43.381494],[141.374121,43.279639],[141.296289,43.199658],[141.24502,43.185059],[141.138184,43.179932],[140.953809,43.200977],[140.819141,43.205469],[140.780664,43.21499],[140.58457,43.311719],[140.486914,43.338184],[140.392383,43.303125],[140.379297,43.237109],[140.397461,43.167334],[140.486426,43.049902],[140.432227,42.954102],[140.328613,42.866846],[140.224121,42.795508],[140.114648,42.732959],[140.015039,42.684766],[139.950586,42.671436],[139.891113,42.649219],[139.860156,42.581738],[139.828516,42.448145],[139.820898,42.387598],[139.835449,42.278076],[139.895117,42.190039],[140.024121,42.099561],[140.056836,42.067334],[140.108398,41.912939],[140.08418,41.803223],[140.021289,41.695752],[139.995313,41.576416],[140.00918,41.521338],[140.036621,41.473779],[140.085156,41.434082],[140.148633,41.423242],[140.270117,41.456006],[140.384961,41.519287],[140.431641,41.567383],[140.48916,41.672168],[140.592969,41.768555],[140.659863,41.815576],[140.816406,41.7604],[140.90752,41.743262],[140.999512,41.737402],[141.078711,41.759814],[141.150977,41.805078],[141.107715,41.848047],[140.912305,41.977783],[140.733789,42.116357],[140.684277,42.123486],[140.577734,42.118652],[140.527539,42.131787],[140.416602,42.200732],[140.32666,42.293359],[140.315234,42.334277],[140.323535,42.376074],[140.350586,42.435107],[140.385449,42.487158],[140.480469,42.559375],[140.547656,42.569531],[140.616797,42.571338],[140.709766,42.555615],[140.787598,42.5],[140.948438,42.35957],[140.986133,42.342139],[141.406641,42.546924],[141.851367,42.579053],[142.087891,42.471729],[142.508203,42.257959],[142.906348,42.118359],[143.111719,42.022217],[143.236523,42.000195],[143.278711,42.037842],[143.313672,42.084326],[143.327148,42.151025],[143.332129,42.220361],[143.368652,42.325146],[143.429492,42.418896],[143.580957,42.59873],[143.762109,42.748145],[143.969336,42.881396],[144.197266,42.973633],[144.301563,42.984424],[144.516211,42.943604],[144.630762,42.946924],[144.807129,42.993701],[144.921387,43.000928],[145.028809,43.031641],[145.127148,43.088867],[145.230078,43.135498],[145.347461,43.176709],[145.404785,43.180273],[145.505078,43.174219],[145.537402,43.192676],[145.624219,43.291309],[145.725586,43.343457],[145.833008,43.385937],[145.75127,43.396289],[145.673633,43.388867],[145.583301,43.327783],[145.487891,43.279736],[145.436133,43.282227],[145.34082,43.302539],[145.272949,43.462891],[145.214063,43.578223]]}},{"type":"Feature","properties":{"scalerank":0,"featurecla":"Coastline","min_zoom":0},"bbox":[130.889258,33.486963,141.993164,41.505566],"geometry":{"type":"LineString","coordinates":[[133.142383,34.302441],[133.018945,34.32959],[132.774609,34.255225],[132.656543,34.246094],[132.534473,34.287061],[132.421289,34.353369],[132.312598,34.324951],[132.238086,34.227002],[132.201953,34.032031],[132.159375,33.944238],[132.146484,33.83877],[132.090234,33.855469],[131.763184,34.045264],[131.740527,34.052051],[131.476172,34.019385],[131.40791,34.003613],[131.322754,33.965186],[131.232617,33.947998],[131.150391,33.975635],[131.071875,34.020654],[130.996387,34.007275],[130.918848,33.975732],[130.889258,34.261816],[130.904297,34.299561],[130.951855,34.349707],[131.004199,34.392578],[131.132227,34.407373],[131.261816,34.393457],[131.354395,34.413184],[131.43252,34.469824],[131.515039,34.550146],[131.608008,34.615479],[131.734082,34.66709],[131.856055,34.726318],[131.963086,34.809375],[132.064746,34.9],[132.158203,34.966504],[132.25957,35.022314],[132.414062,35.156299],[132.619043,35.306836],[132.697656,35.418311],[132.746582,35.449023],[132.922949,35.511279],[133.156934,35.558838],[133.267188,35.556543],[133.376465,35.458838],[133.435352,35.472217],[133.494922,35.497461],[133.61543,35.511426],[133.739355,35.495264],[133.860254,35.494873],[133.98125,35.507227],[134.214063,35.539258],[134.336523,35.57793],[134.456055,35.62793],[134.882227,35.663232],[135.174316,35.74707],[135.220508,35.741113],[135.26543,35.721777],[135.26875,35.659668],[135.232031,35.591895],[135.267773,35.550879],[135.326953,35.525537],[135.601855,35.517725],[135.680273,35.503125],[135.79502,35.549512],[135.903125,35.606885],[136.016211,35.68252],[136.095313,35.767627],[136.022266,35.874121],[136.00625,35.990576],[136.06748,36.116846],[136.15625,36.22334],[136.261816,36.287695],[136.358984,36.361768],[136.555859,36.571973],[136.698145,36.742041],[136.749316,36.951025],[136.719238,37.198389],[136.843457,37.382129],[136.962305,37.413672],[137.198633,37.497461],[137.322656,37.52207],[137.341211,37.485449],[137.3375,37.437451],[137.152051,37.283154],[137.045801,37.219727],[136.982227,37.200049],[136.924023,37.171973],[136.899902,37.117676],[136.994434,37.026758],[137.018555,36.959619],[137.012695,36.895117],[137.016699,36.837207],[137.12373,36.774072],[137.246289,36.753174],[137.297656,36.75376],[137.342578,36.770361],[137.482617,36.924756],[137.514063,36.951562],[137.913184,37.0646],[138.10957,37.151074],[138.218066,37.173389],[138.319922,37.218408],[138.54834,37.392139],[138.632812,37.472168],[138.709375,37.560645],[138.770605,37.663428],[138.818848,37.774707],[138.885059,37.843945],[139.247168,38.009082],[139.363867,38.099023],[139.400977,38.142578],[139.445801,38.26875],[139.476758,38.399805],[139.520801,38.502539],[139.580176,38.598877],[139.659766,38.697021],[139.749121,38.788135],[139.801953,38.881592],[139.878613,39.104932],[139.912305,39.228564],[139.938574,39.273145],[139.977148,39.310645],[140.01084,39.358057],[140.036523,39.411133],[140.048145,39.463721],[140.064746,39.624414],[140.054688,39.749268],[139.994727,39.855078],[139.945215,39.885107],[139.891211,39.886865],[139.810352,39.877734],[139.741504,39.92085],[139.755469,39.958936],[139.825684,39.966016],[139.873633,39.985693],[139.908008,40.021729],[139.972461,40.136963],[140.011133,40.260352],[140.014453,40.314893],[139.964063,40.414307],[139.923926,40.533887],[139.922852,40.598437],[139.966699,40.672754],[140.029297,40.733154],[140.085352,40.747363],[140.146094,40.751562],[140.20127,40.774902],[140.252344,40.808789],[140.28125,40.846094],[140.32627,40.947656],[140.343555,41.005664],[140.315234,41.160889],[140.344434,41.20332],[140.385938,41.229785],[140.441309,41.209668],[140.498047,41.205664],[140.56416,41.211816],[140.627637,41.19541],[140.639648,41.155615],[140.679395,40.893262],[140.702441,40.857812],[140.748633,40.830322],[140.800781,40.834326],[140.845801,40.875146],[140.876172,40.929541],[140.936035,40.940771],[141.118555,40.882275],[141.183203,40.924023],[141.225391,40.988477],[141.262109,41.102686],[141.244238,41.205615],[141.200391,41.243604],[141.155078,41.236719],[141.115039,41.208496],[141.07041,41.193066],[140.800586,41.138818],[140.801855,41.253662],[140.85957,41.425439],[140.891504,41.479785],[140.936914,41.505566],[141.050195,41.475732],[141.105859,41.455859],[141.229297,41.372656],[141.26875,41.353809],[141.455469,41.404736],[141.419922,41.251172],[141.4,41.096338],[141.413672,40.839355],[141.430469,40.72334],[141.462793,40.611133],[141.542285,40.530713],[141.646289,40.473633],[141.79707,40.291162],[141.87793,40.067236],[141.935059,39.958496],[141.977832,39.844434],[141.99082,39.792236],[141.991895,39.739893],[141.979102,39.668359],[141.993164,39.610547],[141.976953,39.428809],[141.909473,39.218701],[141.900781,39.111328],[141.84209,39.090039],[141.806543,39.04043],[141.776172,39.017432],[141.74248,38.999609],[141.693555,38.995166],[141.658594,38.974854],[141.644727,38.91792],[141.622266,38.865137],[141.579688,38.816504],[141.546289,38.762842],[141.51875,38.632031],[141.508789,38.497852],[141.46748,38.40415],[141.368164,38.379736],[141.254297,38.381396],[141.108398,38.337939],[141.077344,38.312549],[140.962109,38.148877],[140.929004,38.052881],[140.92793,37.949609],[140.959961,37.822607],[141.003418,37.698437],[141.036328,37.467236],[141.00166,37.114648],[140.968359,37.002051],[140.895117,36.925732],[140.839648,36.890332],[140.791797,36.846875],[140.729883,36.731885],[140.627344,36.502783],[140.618848,36.445312],[140.619238,36.385596],[140.591602,36.307812],[140.573535,36.231348],[140.59043,36.142432],[140.621973,36.059229],[140.75957,35.845703],[140.813477,35.78252],[140.874023,35.724951],[140.639258,35.661279],[140.596875,35.632031],[140.457422,35.510254],[140.412891,35.394775],[140.416504,35.266992],[140.392969,35.221143],[140.354688,35.181445],[140.314746,35.155029],[140.158887,35.096484],[140.05918,35.038281],[139.959766,34.947314],[139.92041,34.899609],[139.843945,34.914893],[139.799219,34.956934],[139.843262,35.009863],[139.829688,35.072168],[139.851465,35.232324],[139.826465,35.29668],[139.906152,35.345264],[139.944141,35.422998],[140.027148,35.485205],[140.086328,35.54043],[140.096875,35.585156],[140.043652,35.63335],[139.9875,35.668213],[139.909766,35.668359],[139.834766,35.658057],[139.786328,35.612109],[139.770117,35.549561],[139.773926,35.520361],[139.767773,35.494824],[139.65,35.409131],[139.665527,35.319482],[139.7,35.273975],[139.744043,35.252393],[139.730859,35.221533],[139.675,35.149268],[139.635938,35.142139],[139.564063,35.243262],[139.474414,35.298535],[139.363477,35.298096],[139.249414,35.278027],[139.162695,35.210742],[139.134082,35.154883],[139.11582,35.097119],[139.121973,34.956494],[139.086035,34.83916],[139.015625,34.736035],[138.982617,34.698389],[138.89668,34.628418],[138.8375,34.619238],[138.795117,34.651025],[138.761035,34.699219],[138.804492,34.875732],[138.802734,34.974805],[138.903613,35.025244],[138.820898,35.095703],[138.719629,35.124072],[138.577148,35.086475],[138.537012,35.044141],[138.50957,34.987158],[138.433105,34.915186],[138.348633,34.847705],[138.253223,34.732666],[138.189063,34.596338],[137.979004,34.640918],[137.864258,34.650879],[137.748535,34.647412],[137.543359,34.664209],[137.318066,34.636377],[137.061719,34.582812],[137.077051,34.621436],[137.287793,34.703516],[137.29541,34.727588],[137.275195,34.77251],[137.222656,34.774707],[137.096582,34.759033],[137.032227,34.765918],[137.005957,34.814111],[136.963281,34.834912],[136.934766,34.815186],[136.944141,34.721533],[136.912891,34.709033],[136.871289,34.733105],[136.88457,34.805859],[136.856152,34.9125],[136.85293,34.978711],[136.89707,35.035547],[136.851855,35.059521],[136.804199,35.050293],[136.743555,35.022998],[136.690039,34.984131],[136.576953,34.789551],[136.533008,34.678369],[136.61582,34.589062],[136.841602,34.464209],[136.880273,34.433594],[136.881152,34.380469],[136.853711,34.324072],[136.792188,34.299268],[136.544434,34.257715],[136.329883,34.176855],[136.267871,34.094873],[136.072559,33.778223],[135.916211,33.561719],[135.695312,33.486963],[135.452832,33.553369],[135.394238,33.62876],[135.346777,33.721973],[135.256641,33.80625],[135.175391,33.898047],[135.12793,34.006982],[135.135352,34.182617],[135.100098,34.288379],[135.131934,34.316553],[135.265625,34.380811],[135.309277,34.416797],[135.384766,34.500439],[135.411816,34.546973],[135.415918,34.61748],[135.355176,34.654297],[135.198242,34.65293],[135.041699,34.631006],[134.929883,34.661816],[134.784961,34.74707],[134.740039,34.765234],[134.583789,34.770605],[134.472266,34.754785],[134.362695,34.723682],[134.246875,34.713867],[134.208301,34.697656],[134.074512,34.593115],[133.968262,34.527295],[133.876367,34.494629],[133.67793,34.485889],[133.578613,34.464697],[133.474414,34.430127],[133.445312,34.433154],[133.335645,34.385352],[133.209766,34.343994],[133.142383,34.302441]]}},{"type":"Feature","properties":{"scalerank":0,"featurecla":"Coastline","min_zoom":1.5},"bbox":[132.032617,32.752002,134.738867,34.358398],"geometry":{"type":"LineString","coordinates":[[134.695312,33.927734],[134.655371,33.982617],[134.635254,34.043945],[134.6375,34.226611],[134.495703,34.214746],[134.357422,34.256348],[134.219238,34.319043],[134.075879,34.358398],[133.94834,34.348047],[133.825586,34.306836],[133.70625,34.237354],[133.655566,34.232861],[133.602637,34.243848],[133.643457,34.134668],[133.626758,34.069385],[133.582031,34.017139],[133.47207,33.972803],[133.349805,33.977051],[133.298828,33.968994],[133.193066,33.933203],[133.133691,33.927295],[133.05127,33.997119],[132.990137,34.088135],[132.935156,34.095312],[132.839453,34.02124],[132.784277,33.992432],[132.752344,33.906152],[132.716211,33.852246],[132.698926,33.790918],[132.643066,33.689941],[132.536035,33.63291],[132.365918,33.512451],[132.287891,33.469531],[132.114453,33.39458],[132.032617,33.33999],[132.08584,33.340137],[132.281055,33.416797],[132.374902,33.434082],[132.412793,33.430469],[132.405176,33.33125],[132.44541,33.30459],[132.511426,33.293066],[132.515039,33.255371],[132.505273,33.211279],[132.477148,33.181152],[132.475781,33.126465],[132.427832,33.059375],[132.492578,33.007666],[132.495117,32.916602],[132.601953,32.919531],[132.708984,32.90249],[132.641797,32.762451],[132.692188,32.775928],[132.804297,32.752002],[132.869922,32.75459],[132.977246,32.841992],[133.016016,32.983887],[133.051172,33.012451],[133.100879,33.028223],[133.145605,33.083154],[133.239941,33.249609],[133.285938,33.359961],[133.632031,33.510986],[133.685645,33.516309],[133.854004,33.492676],[133.958691,33.44834],[134.124121,33.286768],[134.181641,33.247217],[134.205664,33.346973],[134.242676,33.439453],[134.306543,33.526807],[134.377051,33.608398],[134.54873,33.729297],[134.738867,33.820508],[134.674805,33.847803],[134.695312,33.927734]]}},{"type":"Feature","properties":{"scalerank":0,"featurecla":"Coastline","min_zoom":0},"bbox":[129.580078,31.015137,132.008594,33.927783],"geometry":{"type":"LineString","coordinates":[[131.97666,32.843945],[132.002148,32.882373],[132.008594,32.919043],[131.910449,32.973682],[131.937207,33.010156],[131.949316,33.04707],[131.902734,33.087793],[131.847852,33.118066],[131.854688,33.181641],[131.896582,33.25459],[131.71709,33.2521],[131.537402,33.274072],[131.615527,33.391846],[131.710645,33.502344],[131.724219,33.553809],[131.696289,33.602832],[131.643066,33.637793],[131.583008,33.652393],[131.498828,33.623584],[131.41875,33.584424],[131.366016,33.570898],[131.30918,33.572754],[131.174609,33.602588],[131.058105,33.672852],[131.009082,33.77583],[130.953125,33.872021],[130.839648,33.917773],[130.715625,33.927783],[130.669531,33.915479],[130.483789,33.834619],[130.457227,33.788965],[130.439453,33.734229],[130.365039,33.634473],[130.275098,33.597705],[130.167969,33.598291],[130.130566,33.578174],[130.103418,33.539697],[130.07207,33.521777],[129.919141,33.483496],[129.825684,33.437012],[129.836621,33.403809],[129.85752,33.375244],[129.844141,33.321777],[129.702148,33.359814],[129.659961,33.36499],[129.610156,33.343652],[129.580078,33.236279],[129.665039,33.186621],[129.79873,33.083594],[129.896777,33.022363],[129.921875,32.987988],[129.991699,32.851562],[129.900781,32.851904],[129.82832,32.892676],[129.777734,32.985547],[129.679102,33.059961],[129.662305,32.994922],[129.667773,32.929395],[129.690039,32.875244],[129.785938,32.781641],[129.826758,32.725342],[129.808105,32.645264],[129.768555,32.570996],[129.852539,32.621729],[129.950781,32.721729],[130.054102,32.770801],[130.152051,32.747852],[130.192969,32.706299],[130.245508,32.677148],[130.297656,32.675],[130.34043,32.701855],[130.36084,32.755859],[130.353516,32.810352],[130.326465,32.852637],[130.280078,32.866846],[130.222168,32.846826],[130.175,32.851318],[130.167773,32.931787],[130.173145,33.012988],[130.126855,33.104834],[130.176855,33.144531],[130.2375,33.177637],[130.287305,33.154785],[130.381738,33.092578],[130.44043,32.951367],[130.547266,32.831592],[130.569434,32.734131],[130.497852,32.656934],[130.563281,32.626367],[130.640527,32.619238],[130.560352,32.456055],[130.462012,32.304932],[130.394922,32.218994],[130.319141,32.143506],[130.214063,32.115039],[130.194434,32.090771],[130.195801,31.949854],[130.210938,31.848975],[130.187891,31.768848],[130.224219,31.730078],[130.268945,31.696338],[130.321973,31.601465],[130.306641,31.487793],[130.294141,31.450684],[130.260547,31.436572],[130.147266,31.408496],[130.200684,31.291895],[130.250586,31.273193],[130.310645,31.266895],[130.58877,31.178516],[130.621484,31.217529],[130.644531,31.26748],[130.565918,31.352393],[130.54043,31.403076],[130.528125,31.459668],[130.556055,31.563086],[130.613477,31.66543],[130.655078,31.718408],[130.714551,31.717676],[130.77627,31.706299],[130.796875,31.671289],[130.796289,31.624072],[130.779785,31.604102],[130.749414,31.598193],[130.704199,31.577441],[130.708984,31.526074],[130.774219,31.383203],[130.789746,31.269092],[130.758398,31.155811],[130.735742,31.12207],[130.704492,31.094092],[130.68418,31.059277],[130.685742,31.015137],[130.902246,31.112061],[131.098438,31.256152],[131.035156,31.377686],[131.070801,31.436865],[131.139746,31.441846],[131.249707,31.409619],[131.337207,31.404687],[131.459961,31.670801],[131.475293,31.778418],[131.460254,31.883496],[131.505664,32.001953],[131.531152,32.116748],[131.564648,32.223047],[131.610352,32.325488],[131.660352,32.465625],[131.732129,32.592822],[131.97666,32.843945]]}},{"type":"Feature","properties":{"scalerank":0,"featurecla":"Coastline","min_zoom":1},"bbox":[120.072461,21.925,121.929004,25.276904],"geometry":{"type":"LineString","coordinates":[[121.905176,25.056445],[121.852832,25.104443],[121.733301,25.154102],[121.687109,25.181592],[121.643066,25.232422],[121.593652,25.275342],[121.51709,25.276904],[121.449609,25.249023],[121.36543,25.15918],[121.09541,25.065088],[121.040625,25.032812],[120.964063,24.927979],[120.901563,24.813281],[120.835938,24.722656],[120.757422,24.642285],[120.629687,24.478516],[120.158984,23.709033],[120.132129,23.65293],[120.125391,23.526611],[120.142969,23.399072],[120.121191,23.305176],[120.085547,23.212061],[120.072461,23.149756],[120.083398,23.093701],[120.121582,23.037012],[120.150098,22.974902],[120.232813,22.71792],[120.272852,22.627441],[120.325586,22.542432],[120.316211,22.547607],[120.387598,22.484521],[120.479785,22.441895],[120.58125,22.356396],[120.607617,22.312549],[120.678027,22.159668],[120.690137,22.033105],[120.742773,21.956006],[120.839844,21.925],[120.864258,22.032666],[120.878418,22.141553],[120.877344,22.262207],[120.897363,22.37915],[120.946875,22.503076],[121.008789,22.620361],[121.16123,22.776367],[121.295898,22.966602],[121.352246,23.067285],[121.397461,23.17251],[121.477148,23.424072],[121.526074,23.668262],[121.583398,23.860889],[121.613086,24.052734],[121.639355,24.130078],[121.737012,24.285254],[121.828027,24.534375],[121.826367,24.640527],[121.813379,24.746338],[121.820117,24.824512],[121.85625,24.895264],[121.929004,24.97373],[121.905176,25.056445]]}},{"type":"Feature","properties":{"scalerank":0,"featurecla":"Coastline","min_zoom":1},"bbox":[108.635645,18.218262,111.013672,20.137744],"geometry":{"type":"LineString","coordinates":[[110.970703,19.883301],[110.938281,19.947559],[110.88877,19.991943],[110.809082,20.014404],[110.744531,20.059473],[110.678516,20.137061],[110.651758,20.137744],[110.59834,20.097607],[110.58877,20.072461],[110.588184,19.976367],[110.417578,20.054736],[110.393555,20.059229],[110.387988,20.018018],[110.392285,19.975586],[110.343945,20.038818],[110.213379,20.056055],[110.171582,20.053711],[110.083008,19.99292],[109.90625,19.962744],[109.651367,19.984375],[109.584277,19.970312],[109.513672,19.904248],[109.418164,19.888818],[109.314844,19.904395],[109.263477,19.882666],[109.218945,19.842822],[109.177441,19.768457],[109.219531,19.757471],[109.27666,19.761133],[109.179102,19.674121],[109.062891,19.613574],[108.902832,19.481348],[108.791016,19.418164],[108.693555,19.338281],[108.665527,19.304102],[108.65,19.265039],[108.635645,18.907715],[108.638086,18.866309],[108.676074,18.750244],[108.701563,18.535254],[108.922266,18.416113],[109.029883,18.367773],[109.183203,18.325146],[109.340918,18.299609],[109.400098,18.281104],[109.519336,18.218262],[109.589551,18.226318],[109.681055,18.247119],[109.702734,18.259131],[109.759766,18.348291],[109.815625,18.39668],[109.967676,18.42207],[110.020215,18.41626],[110.067383,18.447559],[110.066406,18.475635],[110.048535,18.505225],[110.15625,18.569824],[110.251758,18.655762],[110.29082,18.669531],[110.333691,18.673291],[110.399512,18.69834],[110.45127,18.747949],[110.477637,18.812598],[110.519336,18.970215],[110.566016,19.098535],[110.5625,19.135156],[110.572168,19.171875],[110.603125,19.207031],[110.640918,19.291211],[110.822266,19.55791],[110.912695,19.586084],[111.013672,19.655469],[110.997656,19.764697],[110.970703,19.883301]]}},{"type":"Feature","properties":{"scalerank":0,"featurecla":"Coastline","min_zoom":4},"bbox":[114.134473,22.195166,114.246875,22.296631],"geometry":{"type":"LineString","coordinates":[[114.134473,22.292236],[114.13877,22.268359],[114.207227,22.195166],[114.232031,22.210547],[114.243555,22.233545],[114.246875,22.263574],[114.187402,22.296631],[114.134473,22.292236]]}},{"type":"Feature","properties":{"scalerank":0,"featurecla":"Coastline","min_zoom":4},"bbox":[126.646094,34.296436,126.769922,34.395898],"geometry":{"type":"LineString","coordinates":[[126.7,34.395898],[126.651855,34.390332],[126.646094,34.351123],[126.689063,34.30542],[126.769922,34.296436],[126.753027,34.343994],[126.7,34.395898]]}},{"type":"Feature","properties":{"scalerank":0,"featurecla":"Coastline","min_zoom":3},"bbox":[134.182129,34.423047,134.372266,34.534375],"geometry":{"type":"LineString","coordinates":[[134.182129,34.519238],[134.188281,34.496338],[134.238086,34.467041],[134.251855,34.423047],[134.315332,34.468945],[134.333203,34.46377],[134.351855,34.483643],[134.372266,34.522363],[134.325977,34.534375],[134.182129,34.519238]]}},{"type":"Feature","properties":{"scalerank":0,"featurecla":"Coastline","min_zoom":3},"bbox":[121.820312,14.656055,122.051562,15.046387],"geometry":{"type":"LineString","coordinates":[[121.839844,15.038135],[121.820312,14.963574],[121.862305,14.917187],[121.889258,14.839844],[121.923047,14.8],[121.93457,14.736621],[121.922168,14.714551],[121.910645,14.666504],[121.933008,14.656055],[121.989648,14.662158],[122.02168,14.759424],[121.970313,14.892969],[122.017285,14.965283],[122.031738,14.971631],[122.051562,14.969873],[122.033496,15.005029],[121.97168,15.046387],[121.839844,15.038135]]}},{"type":"Feature","properties":{"scalerank":0,"featurecla":"Coastline","min_zoom":3},"bbox":[121.825195,18.8229,121.987891,19.010449],"geometry":{"type":"LineString","coordinates":[[121.888867,18.991553],[121.859766,18.936768],[121.860742,18.912549],[121.825195,18.842725],[121.858203,18.8229],[121.92168,18.894727],[121.987891,18.956641],[121.943359,19.010449],[121.888867,18.991553]]}},{"type":"Feature","properties":{"scalerank":0,"featurecla":"Coastline","min_zoom":4},"bbox":[121.184863,19.015186,121.252246,19.183594],"geometry":{"type":"LineString","coordinates":[[121.196094,19.050684],[121.24668,19.015186],[121.252246,19.082422],[121.244727,19.143018],[121.213184,19.183594],[121.189941,19.138916],[121.184863,19.101416],[121.196094,19.050684]]}},{"type":"Feature","properties":{"scalerank":0,"featurecla":"Coastline","min_zoom":3},"bbox":[121.374609,19.271338,121.53125,19.399365],"geometry":{"type":"LineString","coordinates":[[121.391602,19.399365],[121.375977,19.379688],[121.374609,19.356299],[121.38291,19.328467],[121.47207,19.27334],[121.53125,19.271338],[121.520898,19.361963],[121.391602,19.399365]]}},{"type":"Feature","properties":{"scalerank":0,"featurecla":"Coastline","min_zoom":4},"bbox":[121.914062,20.353711,122.031152,20.47959],"geometry":{"type":"LineString","coordinates":[[121.914062,20.359424],[121.941309,20.353711],[121.960059,20.365869],[122.031152,20.469385],[121.991211,20.47959],[121.941211,20.453711],[121.914062,20.359424]]}},{"type":"Feature","properties":{"scalerank":0,"featurecla":"Coastline","min_zoom":4},"bbox":[121.790625,20.700293,121.878125,20.84126],"geometry":{"type":"LineString","coordinates":[[121.796484,20.746631],[121.790625,20.701172],[121.82959,20.700293],[121.878125,20.781885],[121.866992,20.839209],[121.847852,20.84126],[121.796484,20.746631]]}},{"type":"Feature","properties":{"scalerank":0,"featurecla":"Coastline","min_zoom":2},"bbox":[137.23291,54.653271,138.206152,55.197021],"geometry":{"type":"LineString","coordinates":[[137.940527,55.092627],[137.910449,55.110059],[137.577344,55.197021],[137.543652,55.163086],[137.435547,55.016016],[137.384375,55.000684],[137.275195,54.891016],[137.23291,54.790576],[137.276074,54.792383],[137.462695,54.873389],[137.525586,54.82583],[137.661133,54.653271],[137.721484,54.663232],[137.790234,54.696924],[137.870117,54.749561],[137.959473,54.789014],[137.991211,54.820703],[138.016602,54.900879],[138.096484,54.990918],[138.206152,55.033545],[138.17207,55.060059],[138.03125,55.05332],[137.940527,55.092627]]}},{"type":"Feature","properties":{"scalerank":0,"featurecla":"Coastline","min_zoom":3},"bbox":[136.714648,54.923975,137.178613,55.107813],"geometry":{"type":"LineString","coordinates":[[137.077539,55.091748],[136.995703,55.092725],[136.795313,55.009375],[136.714648,54.956152],[136.765137,54.946045],[136.902734,54.960645],[136.969434,54.923975],[137.055273,54.926758],[137.178613,55.100439],[137.156055,55.107813],[137.077539,55.091748]]}},{"type":"Feature","properties":{"scalerank":0,"featurecla":"Coastline","min_zoom":3},"bbox":[124.084766,24.335059,124.324023,24.587109],"geometry":{"type":"LineString","coordinates":[[124.170215,24.451855],[124.12041,24.469629],[124.084766,24.43584],[124.135742,24.347607],[124.185645,24.335059],[124.234277,24.358057],[124.293164,24.515918],[124.324023,24.566357],[124.301953,24.587109],[124.210547,24.458643],[124.170215,24.451855]]}},{"type":"Feature","properties":{"scalerank":0,"featurecla":"Coastline","min_zoom":3},"bbox":[123.679785,24.266064,123.934863,24.414453],"geometry":{"type":"LineString","coordinates":[[123.752344,24.348486],[123.679785,24.317773],[123.680664,24.288037],[123.749805,24.283301],[123.825586,24.266064],[123.888672,24.280127],[123.928125,24.323633],[123.934863,24.362012],[123.771484,24.414453],[123.753711,24.391309],[123.752344,24.348486]]}},{"type":"Feature","properties":{"scalerank":0,"featurecla":"Coastline","min_zoom":3},"bbox":[125.268945,24.71709,125.444141,24.871924],"geometry":{"type":"LineString","coordinates":[[125.314941,24.852393],[125.283594,24.871924],[125.268945,24.73252],[125.359375,24.71709],[125.444141,24.743164],[125.401855,24.776855],[125.33457,24.804688],[125.314941,24.852393]]}},{"type":"Feature","properties":{"scalerank":0,"featurecla":"Coastline","min_zoom":2},"bbox":[127.649707,26.094727,128.331641,26.881885],"geometry":{"type":"LineString","coordinates":[[128.254883,26.881885],[128.216504,26.796875],[128.121582,26.711426],[128.097656,26.667773],[128.046777,26.643311],[128.029688,26.646875],[127.994336,26.679443],[127.907227,26.693604],[127.894824,26.674951],[127.89082,26.631055],[127.945508,26.593945],[127.925977,26.555713],[127.82041,26.466064],[127.795898,26.448535],[127.728906,26.433936],[127.727051,26.30791],[127.654883,26.19917],[127.649707,26.154492],[127.653125,26.094727],[127.729395,26.097168],[127.803613,26.152539],[127.806445,26.17124],[127.785547,26.208691],[127.790137,26.255078],[127.84873,26.318945],[127.904785,26.328125],[127.869238,26.380566],[127.86709,26.44248],[127.95127,26.456494],[128.037891,26.533594],[128.126953,26.552246],[128.1625,26.606934],[128.258789,26.652783],[128.310938,26.720703],[128.331641,26.812109],[128.254883,26.881885]]}},{"type":"Feature","properties":{"scalerank":0,"featurecla":"Coastline","min_zoom":3},"bbox":[128.882812,27.70249,129.016406,27.910254],"geometry":{"type":"LineString","coordinates":[[128.95166,27.910254],[128.907617,27.897998],[128.882812,27.842432],[128.9,27.727783],[128.95625,27.70249],[128.998145,27.720801],[129.016406,27.770215],[128.989746,27.811133],[128.95166,27.910254]]}},{"type":"Feature","properties":{"scalerank":0,"featurecla":"Coastline","min_zoom":2},"bbox":[129.164648,28.127734,129.714648,28.51748],"geometry":{"type":"LineString","coordinates":[[129.598047,28.475879],[129.577148,28.461279],[129.560547,28.431055],[129.509668,28.39751],[129.464551,28.395264],[129.322461,28.359619],[129.250879,28.313574],[129.247852,28.28252],[129.21709,28.262939],[129.164648,28.249756],[129.274902,28.200879],[129.366406,28.127734],[129.452539,28.208984],[129.439063,28.254785],[129.456738,28.272314],[129.512695,28.29873],[129.574609,28.361182],[129.641699,28.411279],[129.710449,28.432129],[129.714648,28.469629],[129.689551,28.51748],[129.598047,28.475879]]}},{"type":"Feature","properties":{"scalerank":0,"featurecla":"Coastline","min_zoom":4},"bbox":[129.19248,28.081592,129.330566,28.19248],"geometry":{"type":"LineString","coordinates":[[129.257422,28.176172],[129.19248,28.19248],[129.232422,28.101123],[129.330566,28.081592],[129.324023,28.104932],[129.277344,28.144727],[129.257422,28.176172]]}},{"type":"Feature","properties":{"scalerank":0,"featurecla":"Coastline","min_zoom":3},"bbox":[130.388086,30.241406,130.673242,30.465527],"geometry":{"type":"LineString","coordinates":[[130.497168,30.465527],[130.388086,30.388184],[130.445605,30.264697],[130.508203,30.241406],[130.622754,30.262988],[130.673242,30.366895],[130.643555,30.388965],[130.497168,30.465527]]}},{"type":"Feature","properties":{"scalerank":0,"featurecla":"Coastline","min_zoom":3},"bbox":[130.870313,30.386328,131.082617,30.828467],"geometry":{"type":"LineString","coordinates":[[130.947363,30.671191],[130.939941,30.575098],[130.870313,30.444238],[130.872168,30.386328],[130.959766,30.396924],[130.992578,30.52998],[131.057422,30.64248],[131.082617,30.790869],[131.060352,30.828467],[131.039844,30.818896],[131.012207,30.792285],[130.947363,30.671191]]}},{"type":"Feature","properties":{"scalerank":0,"featurecla":"Coastline","min_zoom":3},"bbox":[128.649121,32.586133,128.894531,32.783887],"geometry":{"type":"LineString","coordinates":[[128.838574,32.762891],[128.806055,32.775977],[128.761035,32.772363],[128.704102,32.756885],[128.665332,32.783887],[128.649121,32.662012],[128.657324,32.628418],[128.692969,32.604736],[128.750488,32.586133],[128.79043,32.636719],[128.821289,32.646338],[128.894531,32.652148],[128.879395,32.693311],[128.838574,32.762891]]}},{"type":"Feature","properties":{"scalerank":0,"featurecla":"Coastline","min_zoom":3},"bbox":[129.960156,32.193994,130.199512,32.541211],"geometry":{"type":"LineString","coordinates":[[130.009766,32.521631],[130.021289,32.468848],[129.979297,32.346191],[130.015332,32.313672],[130.017285,32.291846],[129.960156,32.24375],[129.993359,32.228174],[130.003516,32.193994],[130.08252,32.229687],[130.199512,32.340576],[130.19668,32.491602],[130.167773,32.541211],[130.009766,32.521631]]}},{"type":"Feature","properties":{"scalerank":0,"featurecla":"Coastline","min_zoom":3},"bbox":[130.241699,32.419336,130.461426,32.527197],"geometry":{"type":"LineString","coordinates":[[130.241699,32.462793],[130.256055,32.431006],[130.292578,32.419336],[130.381055,32.42373],[130.418555,32.457715],[130.461426,32.515723],[130.36543,32.527197],[130.241699,32.462793]]}},{"type":"Feature","properties":{"scalerank":0,"featurecla":"Coastline","min_zoom":3},"bbox":[133.189941,36.166504,133.38125,36.340137],"geometry":{"type":"LineString","coordinates":[[133.206152,36.293408],[133.189941,36.232617],[133.239258,36.17876],[133.324707,36.166504],[133.370508,36.203857],[133.38125,36.246387],[133.295703,36.340137],[133.206152,36.293408]]}},{"type":"Feature","properties":{"scalerank":0,"featurecla":"Coastline","min_zoom":2},"bbox":[138.225195,37.81958,138.575195,38.315918],"geometry":{"type":"LineString","coordinates":[[138.510059,38.258984],[138.503613,38.315918],[138.461328,38.291455],[138.306348,38.161133],[138.25,38.078467],[138.246191,37.99458],[138.32168,37.99082],[138.322266,37.969531],[138.287891,37.895801],[138.282813,37.854199],[138.225195,37.829395],[138.249023,37.81958],[138.344043,37.822119],[138.496973,37.903906],[138.575195,38.065527],[138.453613,38.075684],[138.462793,38.124316],[138.510059,38.258984]]}},{"type":"Feature","properties":{"scalerank":0,"featurecla":"Coastline","min_zoom":3},"bbox":[139.411523,42.075635,139.558398,42.235205],"geometry":{"type":"LineString","coordinates":[[139.431348,42.199561],[139.411523,42.159668],[139.43457,42.084082],[139.458398,42.075635],[139.48125,42.081006],[139.505078,42.096387],[139.558398,42.235205],[139.495801,42.227441],[139.431348,42.199561]]}},{"type":"Feature","properties":{"scalerank":0,"featurecla":"Coastline","min_zoom":4},"bbox":[139.768945,33.045459,139.873633,33.129248],"geometry":{"type":"LineString","coordinates":[[139.775684,33.078223],[139.823828,33.045459],[139.841113,33.056055],[139.873633,33.093506],[139.808887,33.129248],[139.777441,33.125146],[139.768945,33.107178],[139.775684,33.078223]]}},{"type":"Feature","properties":{"scalerank":0,"featurecla":"Coastline","min_zoom":4},"bbox":[139.366895,34.679541,139.456445,34.775879],"geometry":{"type":"LineString","coordinates":[[139.37002,34.775439],[139.366895,34.720508],[139.392383,34.689893],[139.445703,34.679541],[139.456445,34.726514],[139.426172,34.775879],[139.37002,34.775439]]}},{"type":"Feature","properties":{"scalerank":0,"featurecla":"Coastline","min_zoom":3},"bbox":[134.667871,34.20293,135.004688,34.544922],"geometry":{"type":"LineString","coordinates":[[134.834277,34.472656],[134.757227,34.368164],[134.667871,34.294141],[134.683496,34.246973],[134.730664,34.208887],[134.824414,34.20293],[134.932813,34.288135],[134.905469,34.398291],[135.004688,34.544043],[134.960742,34.544922],[134.904102,34.519092],[134.834277,34.472656]]}},{"type":"Feature","properties":{"scalerank":0,"featurecla":"Coastline","min_zoom":3},"bbox":[128.997266,32.829492,129.181934,33.132568],"geometry":{"type":"LineString","coordinates":[[129.123633,33.067676],[129.109766,33.132568],[129.034961,32.969092],[128.997266,32.951855],[129.019629,32.919629],[129.051953,32.829492],[129.076953,32.840283],[129.111621,32.928857],[129.153516,32.946191],[129.181934,32.993115],[129.152734,33.00332],[129.123633,33.067676]]}},{"type":"Feature","properties":{"scalerank":0,"featurecla":"Coastline","min_zoom":3},"bbox":[129.37041,33.17583,129.569922,33.361035],"geometry":{"type":"LineString","coordinates":[[129.461914,33.33125],[129.423145,33.257373],[129.416992,33.231104],[129.37041,33.176025],[129.421387,33.17583],[129.491797,33.223047],[129.508105,33.284326],[129.569922,33.361035],[129.537988,33.357764],[129.461914,33.33125]]}},{"type":"Feature","properties":{"scalerank":0,"featurecla":"Coastline","min_zoom":3},"bbox":[129.674805,33.707324,129.795703,33.858398],"geometry":{"type":"LineString","coordinates":[[129.717285,33.858398],[129.7,33.828906],[129.674805,33.739697],[129.726562,33.707324],[129.795703,33.748828],[129.776367,33.829199],[129.717285,33.858398]]}},{"type":"Feature","properties":{"scalerank":0,"featurecla":"Coastline","min_zoom":3},"bbox":[129.186426,34.082812,129.337109,34.320654],"geometry":{"type":"LineString","coordinates":[[129.214844,34.320654],[129.186426,34.14502],[129.214453,34.082812],[129.279492,34.123389],[129.335059,34.230811],[129.337109,34.284766],[129.214844,34.320654]]}},{"type":"Feature","properties":{"scalerank":0,"featurecla":"Coastline","min_zoom":3},"bbox":[129.266699,34.305518,129.480176,34.686572],"geometry":{"type":"LineString","coordinates":[[129.451074,34.686572],[129.325879,34.607275],[129.32207,34.579297],[129.329395,34.521875],[129.266699,34.370459],[129.297461,34.3396],[129.365332,34.305518],[129.385645,34.353662],[129.381445,34.416455],[129.475391,34.54043],[129.469141,34.615527],[129.480176,34.649463],[129.472461,34.671338],[129.451074,34.686572]]}},{"type":"Feature","properties":{"scalerank":0,"featurecla":"Coastline","min_zoom":4},"bbox":[132.460938,34.075098,132.578418,34.172656],"geometry":{"type":"LineString","coordinates":[[132.578418,34.115186],[132.560156,34.126904],[132.543457,34.172656],[132.523535,34.164062],[132.496289,34.121973],[132.460938,34.087256],[132.549414,34.075098],[132.578418,34.115186]]}},{"type":"Feature","properties":{"scalerank":0,"featurecla":"Coastline","min_zoom":3},"bbox":[132.200586,33.847021,132.444922,33.947803],"geometry":{"type":"LineString","coordinates":[[132.359961,33.847021],[132.411035,33.879932],[132.444922,33.913184],[132.430469,33.923535],[132.314551,33.908594],[132.266016,33.945166],[132.208008,33.947803],[132.200586,33.927783],[132.208789,33.872852],[132.267285,33.871484],[132.359961,33.847021]]}},{"type":"Feature","properties":{"scalerank":0,"featurecla":"Coastline","min_zoom":3},"bbox":[118.287305,24.414355,118.451172,24.522119],"geometry":{"type":"LineString","coordinates":[[118.339355,24.469141],[118.287305,24.476611],[118.295117,24.436328],[118.432715,24.414355],[118.451172,24.455566],[118.407422,24.522119],[118.339355,24.469141]]}},{"type":"Feature","properties":{"scalerank":0,"featurecla":"Coastline","min_zoom":4},"bbox":[118.076758,24.436133,118.183008,24.552344],"geometry":{"type":"LineString","coordinates":[[118.076758,24.501416],[118.08877,24.488867],[118.090527,24.446143],[118.149512,24.436133],[118.183008,24.496289],[118.170703,24.518506],[118.103809,24.552344],[118.092969,24.541211],[118.076758,24.501416]]}},{"type":"Feature","properties":{"scalerank":0,"featurecla":"Coastline","min_zoom":3},"bbox":[128.489258,34.736865,128.741016,35.013574],"geometry":{"type":"LineString","coordinates":[[128.721875,35.013574],[128.667969,35.008789],[128.585938,34.932275],[128.489258,34.865283],[128.519531,34.81958],[128.64668,34.736865],[128.741016,34.798535],[128.721875,35.013574]]}},{"type":"Feature","properties":{"scalerank":0,"featurecla":"Coastline","min_zoom":3},"bbox":[127.832227,34.703223,128.06582,34.920996],"geometry":{"type":"LineString","coordinates":[[127.832227,34.874512],[127.838281,34.81333],[127.873438,34.734961],[127.896875,34.735498],[127.941797,34.76626],[127.983984,34.703223],[128.054688,34.708057],[128.06582,34.805859],[128.037988,34.878613],[127.965625,34.893018],[127.91543,34.920996],[127.832227,34.874512]]}},{"type":"Feature","properties":{"scalerank":0,"featurecla":"Coastline","min_zoom":4},"bbox":[127.737305,34.584082,127.799023,34.682129],"geometry":{"type":"LineString","coordinates":[[127.737305,34.630908],[127.787793,34.584082],[127.799023,34.615039],[127.787109,34.682129],[127.737305,34.630908]]}},{"type":"Feature","properties":{"scalerank":0,"featurecla":"Coastline","min_zoom":2},"bbox":[126.165625,33.201514,126.93125,33.553223],"geometry":{"type":"LineString","coordinates":[[126.759863,33.553223],[126.695508,33.549316],[126.337695,33.4604],[126.199414,33.368066],[126.165625,33.312012],[126.178711,33.282568],[126.229004,33.225244],[126.240234,33.214844],[126.282031,33.201514],[126.326953,33.223633],[126.581738,33.23833],[126.70918,33.27168],[126.872852,33.341162],[126.905371,33.382373],[126.93125,33.443848],[126.901172,33.515137],[126.759863,33.553223]]}},{"type":"Feature","properties":{"scalerank":0,"featurecla":"Coastline","min_zoom":3},"bbox":[126.108594,34.355176,126.379883,34.56333],"geometry":{"type":"LineString","coordinates":[[126.343848,34.544922],[126.247461,34.56333],[126.227051,34.532715],[126.122852,34.443945],[126.108594,34.39873],[126.133789,34.3896],[126.169727,34.355176],[126.233691,34.370508],[126.335449,34.426416],[126.379883,34.497949],[126.343848,34.544922]]}},{"type":"Feature","properties":{"scalerank":0,"featurecla":"Coastline","min_zoom":3},"bbox":[126.369336,37.604687,126.520703,37.822656],"geometry":{"type":"LineString","coordinates":[[126.520703,37.736816],[126.493555,37.782568],[126.411621,37.822656],[126.369336,37.772021],[126.407227,37.649414],[126.42334,37.623633],[126.46084,37.610352],[126.516016,37.604687],[126.520703,37.736816]]}},{"type":"Feature","properties":{"scalerank":0,"featurecla":"Coastline","min_zoom":2},"bbox":[121.211133,31.46377,121.862695,31.805371],"geometry":{"type":"LineString","coordinates":[[121.576563,31.637305],[121.542285,31.673926],[121.491797,31.693652],[121.46416,31.756445],[121.338965,31.797363],[121.211133,31.805371],[121.226855,31.758105],[121.336426,31.64375],[121.519922,31.549609],[121.780469,31.46377],[121.862695,31.492285],[121.843652,31.526367],[121.808301,31.552148],[121.576563,31.637305]]}},{"type":"Feature","properties":{"scalerank":0,"featurecla":"Coastline","min_zoom":3},"bbox":[121.969434,29.943848,122.322266,30.143115],"geometry":{"type":"LineString","coordinates":[[122.284473,30.068018],[122.110547,30.139746],[121.969434,30.143115],[121.977832,30.063818],[122.024023,30.01333],[122.157813,30.00127],[122.281543,29.943848],[122.295898,29.963428],[122.322266,30.031396],[122.284473,30.068018]]}},{"type":"Feature","properties":{"scalerank":0,"featurecla":"Coastline","min_zoom":4},"bbox":[122.042676,29.660254,122.172559,29.782227],"geometry":{"type":"LineString","coordinates":[[122.119629,29.782227],[122.062305,29.772754],[122.042676,29.735937],[122.083789,29.725342],[122.169043,29.660254],[122.172559,29.679004],[122.165039,29.700781],[122.119629,29.782227]]}},{"type":"Feature","properties":{"scalerank":0,"featurecla":"Coastline","min_zoom":4},"bbox":[122.331836,29.846094,122.403906,29.955225],"geometry":{"type":"LineString","coordinates":[[122.401563,29.950244],[122.350977,29.955225],[122.331836,29.934961],[122.367578,29.852686],[122.394043,29.846094],[122.403906,29.892383],[122.401563,29.950244]]}},{"type":"Feature","properties":{"scalerank":0,"featurecla":"Coastline","min_zoom":3},"bbox":[119.695996,25.410693,119.838672,25.653174],"geometry":{"type":"LineString","coordinates":[[119.797461,25.623242],[119.77793,25.653174],[119.722559,25.638818],[119.695996,25.590869],[119.723047,25.550586],[119.699414,25.494727],[119.700293,25.432715],[119.74668,25.410693],[119.820898,25.456982],[119.832422,25.47959],[119.809082,25.507812],[119.838672,25.559668],[119.838379,25.591064],[119.828711,25.607373],[119.797461,25.623242]]}},{"type":"Feature","properties":{"scalerank":0,"featurecla":"Coastline","min_zoom":3},"bbox":[110.264648,20.967725,110.539551,21.093164],"geometry":{"type":"LineString","coordinates":[[110.521582,21.083105],[110.422363,21.058594],[110.385156,21.093164],[110.309863,21.074756],[110.264648,21.025195],[110.280957,21.001172],[110.339941,20.997754],[110.421875,21.006885],[110.503906,20.967725],[110.538867,21.018457],[110.539551,21.039014],[110.521582,21.083105]]}},{"type":"Feature","properties":{"scalerank":0,"featurecla":"Coastline","min_zoom":3},"bbox":[107.403516,21.09165,107.602734,21.268945],"geometry":{"type":"LineString","coordinates":[[107.47627,21.268945],[107.452539,21.235303],[107.403516,21.093652],[107.458691,21.09165],[107.602734,21.216797],[107.562695,21.22041],[107.47627,21.268945]]}},{"type":"Feature","properties":{"scalerank":0,"featurecla":"Coastline","min_zoom":4},"bbox":[107.399219,20.900537,107.55127,21.034033],"geometry":{"type":"LineString","coordinates":[[107.478613,20.952344],[107.399219,20.903467],[107.465527,20.900537],[107.521289,20.926611],[107.551074,20.981201],[107.55127,21.034033],[107.518945,21.012842],[107.478613,20.952344]]}},{"type":"Feature","properties":{"scalerank":0,"featurecla":"Coastline","min_zoom":3},"bbox":[106.910645,20.743066,107.064453,20.867041],"geometry":{"type":"LineString","coordinates":[[107.04375,20.836816],[106.953418,20.867041],[106.910645,20.824219],[106.990039,20.743066],[107.031348,20.747021],[107.042285,20.761035],[107.063965,20.799756],[107.064453,20.817285],[107.04375,20.836816]]}},{"type":"Feature","properties":{"scalerank":0,"featurecla":"Coastline","min_zoom":4},"bbox":[106.769434,20.796387,106.865625,20.92793],"geometry":{"type":"LineString","coordinates":[[106.795313,20.92793],[106.769434,20.864209],[106.803125,20.84375],[106.854102,20.796387],[106.865625,20.815723],[106.855078,20.858252],[106.795313,20.92793]]}},{"type":"Feature","properties":{"scalerank":0,"featurecla":"Coastline","min_zoom":3},"bbox":[97.469141,16.240137,97.599609,16.505078],"geometry":{"type":"LineString","coordinates":[[97.579004,16.486035],[97.541992,16.505078],[97.516406,16.496875],[97.469141,16.461035],[97.480371,16.305713],[97.537207,16.240137],[97.575,16.253223],[97.589355,16.397363],[97.599609,16.429541],[97.593262,16.460791],[97.579004,16.486035]]}},{"type":"Feature","properties":{"scalerank":0,"featurecla":"Coastline","min_zoom":4},"bbox":[94.733496,15.793848,94.838184,15.933008],"geometry":{"type":"LineString","coordinates":[[94.733496,15.823047],[94.743359,15.812109],[94.784375,15.793848],[94.804883,15.819336],[94.838184,15.89209],[94.828027,15.933008],[94.733496,15.823047]]}},{"type":"Feature","properties":{"scalerank":0,"featurecla":"Coastline","min_zoom":3},"bbox":[94.387891,15.848389,94.618652,16.205518],"geometry":{"type":"LineString","coordinates":[[94.49375,16.075342],[94.387891,15.994141],[94.411914,15.848389],[94.476758,15.945947],[94.566113,16.019287],[94.618652,16.141309],[94.60127,16.205518],[94.545996,16.152832],[94.49375,16.075342]]}},{"type":"Feature","properties":{"scalerank":0,"featurecla":"Coastline","min_zoom":3},"bbox":[93.4875,18.675684,93.745508,18.888818],"geometry":{"type":"LineString","coordinates":[[93.744727,18.865527],[93.618262,18.888818],[93.4875,18.867529],[93.569922,18.75957],[93.674023,18.675684],[93.69082,18.684277],[93.718359,18.715723],[93.745508,18.808057],[93.744727,18.865527]]}},{"type":"Feature","properties":{"scalerank":0,"featurecla":"Coastline","min_zoom":3},"bbox":[93.412891,19.754785,93.513281,19.950342],"geometry":{"type":"LineString","coordinates":[[93.491797,19.892578],[93.412891,19.950342],[93.419531,19.877588],[93.444629,19.806445],[93.513281,19.754785],[93.491797,19.892578]]}},{"type":"Feature","properties":{"scalerank":0,"featurecla":"Coastline","min_zoom":3},"bbox":[92.912695,19.828857,93.023242,20.086475],"geometry":{"type":"LineString","coordinates":[[92.914648,20.086475],[92.912695,19.999805],[92.975195,19.868018],[93.023242,19.828857],[93.010156,19.923926],[92.95957,20.046191],[92.914648,20.086475]]}},{"type":"Feature","properties":{"scalerank":0,"featurecla":"Coastline","min_zoom":3},"bbox":[93.644043,19.298682,93.947461,19.558252],"geometry":{"type":"LineString","coordinates":[[93.874707,19.481055],[93.829492,19.475293],[93.714844,19.558252],[93.688379,19.544434],[93.644043,19.495068],[93.662207,19.458936],[93.732324,19.416309],[93.755859,19.325684],[93.815234,19.298682],[93.901953,19.332031],[93.933984,19.36543],[93.947461,19.408154],[93.945703,19.428613],[93.874707,19.481055]]}},{"type":"Feature","properties":{"scalerank":0,"featurecla":"Coastline","min_zoom":4},"bbox":[91.819727,21.750244,91.88252,21.927051],"geometry":{"type":"LineString","coordinates":[[91.850684,21.927051],[91.835156,21.885352],[91.819727,21.809814],[91.837598,21.750244],[91.873828,21.832129],[91.88252,21.883643],[91.861328,21.92666],[91.850684,21.927051]]}},{"type":"Feature","properties":{"scalerank":0,"featurecla":"Coastline","min_zoom":3},"bbox":[91.857031,21.50332,91.961914,21.722949],"geometry":{"type":"LineString","coordinates":[[91.907715,21.722949],[91.857031,21.708789],[91.873242,21.574414],[91.859473,21.532959],[91.888867,21.50332],[91.949219,21.508057],[91.961914,21.609766],[91.948633,21.682568],[91.933984,21.722168],[91.907715,21.722949]]}},{"type":"Feature","properties":{"scalerank":0,"featurecla":"Coastline","min_zoom":3},"bbox":[91.044727,22.105176,91.178223,22.519727],"geometry":{"type":"LineString","coordinates":[[91.079492,22.519727],[91.044727,22.105176],[91.150781,22.175195],[91.178223,22.283008],[91.158301,22.36543],[91.079492,22.519727]]}},{"type":"Feature","properties":{"scalerank":0,"featurecla":"Coastline","min_zoom":3},"bbox":[91.411328,22.352783,91.556738,22.616504],"geometry":{"type":"LineString","coordinates":[[91.411328,22.475684],[91.466895,22.378418],[91.510449,22.352783],[91.556738,22.382227],[91.54834,22.425391],[91.523047,22.490723],[91.483984,22.576562],[91.456055,22.616504],[91.438867,22.598828],[91.411328,22.475684]]}},{"type":"Feature","properties":{"scalerank":0,"featurecla":"Coastline","min_zoom":4},"bbox":[90.536328,22.92002,90.65957,23.035449],"geometry":{"type":"LineString","coordinates":[[90.579883,23.035449],[90.536328,23.014893],[90.562305,22.975439],[90.603906,22.945557],[90.65957,22.92002],[90.641797,22.962988],[90.579883,23.035449]]}},{"type":"Feature","properties":{"scalerank":0,"featurecla":"Coastline","min_zoom":0},"bbox":[90.50293,22.054199,90.868164,22.863525],"geometry":{"type":"LineString","coordinates":[[90.683008,22.785303],[90.672266,22.813184],[90.596484,22.863525],[90.50293,22.835352],[90.522559,22.74751],[90.560352,22.672559],[90.564941,22.617627],[90.649219,22.540674],[90.674902,22.444971],[90.680469,22.32749],[90.515039,22.065137],[90.603613,22.054199],[90.777637,22.089307],[90.829883,22.159961],[90.86582,22.390576],[90.868164,22.484863],[90.736914,22.638721],[90.699219,22.713525],[90.683008,22.785303]]}},{"type":"Feature","properties":{"scalerank":0,"featurecla":"Coastline","min_zoom":4},"bbox":[129.686816,31.639648,129.793652,31.787109],"geometry":{"type":"LineString","coordinates":[[129.706836,31.718262],[129.686816,31.639648],[129.717969,31.657129],[129.793652,31.74248],[129.787305,31.787109],[129.706836,31.718262]]}},{"type":"Feature","properties":{"scalerank":0,"featurecla":"Coastline","min_zoom":3},"bbox":[126.318555,36.427881,126.417578,36.612549],"geometry":{"type":"LineString","coordinates":[[126.386621,36.571143],[126.318555,36.612549],[126.3375,36.470557],[126.403809,36.427881],[126.417578,36.492578],[126.386621,36.571143]]}},{"type":"Feature","properties":{"scalerank":0,"featurecla":"Coastline","min_zoom":4},"bbox":[124.846094,39.507568,124.93457,39.607812],"geometry":{"type":"LineString","coordinates":[[124.889551,39.6021],[124.846094,39.558887],[124.848926,39.507568],[124.905273,39.536279],[124.93457,39.607812],[124.889551,39.6021]]}},{"type":"Feature","properties":{"scalerank":0,"featurecla":"Coastline","min_zoom":3},"bbox":[121.131543,28.0625,121.251367,28.204395],"geometry":{"type":"LineString","coordinates":[[121.205469,28.204395],[121.133984,28.135254],[121.131543,28.062598],[121.164258,28.0625],[121.251367,28.086426],[121.250977,28.145215],[121.234375,28.181299],[121.205469,28.204395]]}},{"type":"Feature","properties":{"scalerank":0,"featurecla":"Coastline","min_zoom":4},"bbox":[113.404395,22.75791,113.563672,22.904541],"geometry":{"type":"LineString","coordinates":[[113.464941,22.904541],[113.404395,22.902832],[113.426074,22.858594],[113.463379,22.832373],[113.485645,22.82832],[113.563672,22.75791],[113.555273,22.804199],[113.520508,22.852051],[113.464941,22.904541]]}},{"type":"Feature","properties":{"scalerank":0,"featurecla":"Coastline","min_zoom":3},"bbox":[112.712695,21.581836,112.862598,21.772266],"geometry":{"type":"LineString","coordinates":[[112.782031,21.772266],[112.760547,21.733252],[112.712695,21.697949],[112.733496,21.669922],[112.741992,21.618066],[112.771094,21.581836],[112.790234,21.601855],[112.800684,21.694873],[112.812598,21.712158],[112.862598,21.752637],[112.839063,21.764502],[112.782031,21.772266]]}},{"type":"Feature","properties":{"scalerank":0,"featurecla":"Coastline","min_zoom":4},"bbox":[112.525,21.618506,112.647656,21.710254],"geometry":{"type":"LineString","coordinates":[[112.558984,21.674756],[112.525,21.623047],[112.545605,21.618506],[112.64375,21.639648],[112.647656,21.710254],[112.558984,21.674756]]}},{"type":"Feature","properties":{"scalerank":0,"featurecla":"Coastline","min_zoom":3},"bbox":[113.838867,22.210449,114.043945,22.333398],"geometry":{"type":"LineString","coordinates":[[113.997754,22.210498],[114.00332,22.277539],[114.043945,22.333398],[113.881543,22.280273],[113.838867,22.241699],[113.851562,22.220459],[113.877344,22.210449],[113.997754,22.210498]]}},{"type":"Feature","properties":{"scalerank":0,"featurecla":"Coastline","min_zoom":3},"bbox":[126.00752,34.706982,126.171973,34.914844],"geometry":{"type":"LineString","coordinates":[[126.168555,34.829687],[126.078418,34.914844],[126.00752,34.86748],[126.052051,34.837549],[126.070605,34.783057],[126.115234,34.714209],[126.158789,34.706982],[126.171973,34.731152],[126.168555,34.829687]]}},{"type":"Feature","properties":{"scalerank":0,"featurecla":"Coastline","min_zoom":4},"bbox":[130.810254,37.44873,130.934277,37.553711],"geometry":{"type":"LineString","coordinates":[[130.838379,37.537207],[130.810254,37.509912],[130.816797,37.478467],[130.870605,37.44873],[130.916016,37.478467],[130.934277,37.529736],[130.903711,37.553711],[130.838379,37.537207]]}},{"type":"Feature","properties":{"scalerank":0,"featurecla":"Coastline","min_zoom":0},"bbox":[-17.535645,-34.785742,180,77.730469],"geometry":{"type":"MultiLineString","coordinates":[[[54.710059,40.891113],[54.685059,40.873047],[54.657031,40.85835],[54.54707,40.832275],[54.374414,40.871387],[54.319434,40.83457],[54.33623,40.764941],[54.377344,40.693262],[54.329883,40.68877],[54.283301,40.693701],[54.192969,40.72041],[54.088867,40.70708],[53.87002,40.648682],[53.76377,40.665674],[53.69375,40.746436],[53.615234,40.818506],[53.520313,40.831055],[53.423633,40.792773],[53.33291,40.782715],[53.191992,40.809473],[53.145215,40.824951],[53.05957,40.889746],[52.997656,40.959863],[52.943457,41.038086],[52.889258,40.863477],[52.849902,40.685645],[52.784766,40.546729],[52.733691,40.39873],[52.744434,40.219775],[52.804688,40.054004],[52.898242,39.9125],[52.964844,39.833887],[53.035547,39.774414],[52.952148,39.895459],[52.9875,39.987598],[53.138574,39.978662],[53.288574,39.958008],[53.404199,39.960352],[53.454297,39.940869],[53.487305,39.909375],[53.458301,39.831201],[53.450488,39.748535],[53.472266,39.668799],[53.533301,39.641748],[53.582422,39.607422],[53.603125,39.546973],[53.497363,39.533301],[53.389648,39.536426],[53.30498,39.55708],[53.235645,39.608545],[53.124805,39.43208],[53.124023,39.34668],[53.156641,39.26499],[53.20332,39.316797],[53.266797,39.342627],[53.336328,39.34082],[53.475,39.305713],[53.539453,39.274072],[53.617578,39.215967],[53.70459,39.20957],[53.709766,39.153418],[53.724121,39.103076],[53.814941,39.018018],[53.868652,38.949268],[53.885352,38.864062],[53.87373,38.741943],[53.851562,38.621777],[53.840039,38.514941],[53.851855,38.405908],[53.854102,38.285645],[53.825195,38.046924],[53.823535,37.92793],[53.847852,37.66958],[53.897852,37.413574],[53.91416,37.343555],[53.951953,37.181738],[54.017188,36.95249],[54.023828,36.901318],[54.016211,36.849658],[53.970117,36.818311],[53.90625,36.812695],[53.76875,36.818457],[53.679492,36.853125],[53.827441,36.881201],[53.91543,36.930322],[53.767676,36.930322],[53.374121,36.86875],[52.190137,36.621729],[51.762012,36.614502],[51.118555,36.742578],[50.927441,36.810205],[50.533203,37.013672],[50.337891,37.14917],[50.214063,37.3396],[50.17627,37.380518],[50.130469,37.407129],[49.980664,37.444873],[49.726953,37.480518],[49.470117,37.49668],[49.372461,37.519971],[49.171191,37.600586],[49.080957,37.667578],[49.015332,37.776074],[48.959961,37.890137],[48.925098,38.015137],[48.901367,38.143652],[48.870703,38.392529],[48.86875,38.435498],[48.850879,38.815332],[48.854492,38.838818],[48.926172,38.961768],[48.961719,39.07876],[49.013477,39.133984],[49.111328,39.084717],[49.108691,39.029053],[49.120996,39.003906],[49.165332,39.030273],[49.199805,39.072656],[49.269336,39.285156],[49.321191,39.328906],[49.362793,39.349561],[49.367383,39.398389],[49.327539,39.501221],[49.324414,39.60835],[49.415137,39.839844],[49.477344,40.087256],[49.551172,40.194141],[49.669043,40.249023],[49.791992,40.287891],[49.918848,40.316406],[50.143164,40.323242],[50.365918,40.279492],[50.306836,40.412207],[50.248047,40.461768],[50.18252,40.504785],[50.119141,40.534521],[49.990625,40.576807],[49.851758,40.577197],[49.775977,40.583984],[49.718359,40.608105],[49.556152,40.716309],[49.456738,40.799854],[49.226465,41.026221],[49.174707,41.116113],[49.143262,41.217773],[49.106641,41.301709],[49.050879,41.373975],[48.823926,41.62959],[48.664648,41.786621],[48.572852,41.844482],[48.476758,41.905127],[48.426367,41.923975],[48.383789,41.953418],[48.303027,42.080225],[48.228613,42.180957],[48.080176,42.353711],[47.822363,42.613477],[47.769727,42.644775],[47.727734,42.680713],[47.709082,42.810937],[47.634863,42.903467],[47.529004,42.967139],[47.488867,42.999756],[47.463184,43.035059],[47.512891,43.21875],[47.511621,43.270752],[47.489844,43.381689],[47.508984,43.509717],[47.567969,43.684961],[47.627832,43.805957],[47.646484,43.884619],[47.562598,43.834668],[47.462793,43.555029],[47.429199,43.779883],[47.361523,43.993359],[47.307031,44.103125],[47.229883,44.192383],[47.122656,44.26167],[47.023633,44.343262],[46.915723,44.387158],[46.753027,44.420654],[46.720898,44.45166],[46.707227,44.50332],[46.716113,44.560693],[46.755273,44.656543],[46.841211,44.718262],[46.957422,44.782568],[46.983691,44.825586],[47.00293,44.876074],[47.039258,44.837891],[47.083789,44.816992],[47.114746,44.905957],[47.161523,44.969629],[47.221484,45.024268],[47.296191,45.149463],[47.35127,45.217725],[47.391113,45.294775],[47.413086,45.421045],[47.454492,45.433057],[47.488672,45.455078],[47.514551,45.490918],[47.529492,45.530225],[47.524219,45.601709],[47.463281,45.679688],[47.479395,45.687598],[47.508398,45.67417],[47.574023,45.634277],[47.633301,45.584033],[47.649805,45.656738],[47.701074,45.686182],[47.763965,45.665967],[47.830176,45.663037],[48.052832,45.720996],[48.15918,45.737012],[48.257617,45.777783],[48.487012,45.934863],[48.537305,45.942139],[48.589063,45.934863],[48.637402,45.905762],[48.689648,45.888867],[48.72959,45.896826],[48.749609,45.920557],[48.703418,45.976221],[48.687305,46.02876],[48.683691,46.086182],[48.742578,46.100732],[48.809961,46.100488],[49.07959,46.189209],[49.110645,46.228467],[49.125488,46.281738],[49.245898,46.291602],[49.232227,46.337158],[49.205664,46.385693],[49.28584,46.436816],[49.362109,46.410205],[49.344238,46.485547],[49.347461,46.519141],[49.437207,46.537256],[49.584375,46.545215],[49.631543,46.567578],[49.760547,46.571484],[49.886328,46.595654],[49.999805,46.634277],[50.101562,46.696436],[50.30625,46.794922],[50.419336,46.879492],[50.472266,46.88291],[50.528418,46.873291],[50.58291,46.882275],[50.679883,46.938721],[50.732715,46.95166],[50.92002,47.040674],[51.178027,47.110156],[51.29082,47.097314],[51.615234,47.029932],[51.650098,47.018066],[51.744531,46.93374],[51.945117,46.894873],[52.011133,46.901904],[52.085547,46.8396],[52.138281,46.828613],[52.18877,46.839502],[52.340332,46.894775],[52.384863,46.922119],[52.420313,46.963672],[52.483203,46.990674],[52.677637,46.957129],[52.916016,46.954395],[53.03457,46.89292],[53.069434,46.856055],[53.1375,46.742041],[53.170215,46.669043],[53.132422,46.60835],[53.078516,46.547461],[53.063965,46.475293],[53.108984,46.414062],[53.135254,46.19165],[53.041602,45.967871],[52.8875,45.779541],[52.773828,45.572754],[52.8375,45.496729],[53.085742,45.407373],[53.200391,45.331982],[53.078906,45.30752],[52.910742,45.319727],[52.771973,45.343506],[52.531055,45.398633],[52.426758,45.404639],[52.04873,45.388379],[51.732617,45.399463],[51.539648,45.342871],[51.415723,45.357861],[51.333398,45.27959],[51.294043,45.229785],[51.249902,45.12168],[51.153711,45.040234],[51.040332,44.980322],[51.009375,44.921826],[51.020703,44.854004],[51.05791,44.811572],[51.218164,44.708984],[51.310254,44.61875],[51.366309,44.599854],[51.431055,44.601953],[51.49375,44.577539],[51.543555,44.531006],[51.37666,44.541211],[51.310742,44.532422],[51.177148,44.501367],[51.110742,44.507812],[51.048828,44.530469],[50.860352,44.62876],[50.652441,44.63335],[50.409473,44.624023],[50.297461,44.581543],[50.264551,44.526562],[50.25293,44.461523],[50.252539,44.406494],[50.275586,44.355127],[50.331152,44.325488],[50.471777,44.294775],[50.684961,44.265088],[50.782617,44.228027],[50.830762,44.192773],[50.939844,43.958545],[51.064844,43.750146],[51.139648,43.648779],[51.238965,43.576709],[51.274121,43.53291],[51.301758,43.482373],[51.313867,43.42085],[51.313379,43.355664],[51.292383,43.230713],[51.29541,43.174121],[51.347852,43.167383],[51.514063,43.170508],[51.616016,43.158447],[51.700391,43.104053],[51.785156,43.004346],[51.811035,42.954443],[51.844141,42.910449],[51.898242,42.869629],[51.960742,42.850586],[52.018555,42.860547],[52.075586,42.879785],[52.183691,42.86875],[52.273047,42.799805],[52.324414,42.816162],[52.434277,42.824463],[52.493945,42.820264],[52.55,42.805469],[52.596582,42.760156],[52.638477,42.555664],[52.618359,42.428223],[52.573242,42.330859],[52.517188,42.237158],[52.462109,42.100635],[52.458594,42.04834],[52.467578,41.885889],[52.493848,41.780371],[52.609375,41.529443],[52.747266,41.36543],[52.825586,41.230859],[52.850391,41.200293],[52.861816,41.210059],[52.830176,41.341895],[52.882227,41.613672],[52.883496,41.652539],[52.814844,41.711816],[52.905273,41.895752],[52.97002,41.976221],[53.108301,42.070068],[53.16416,42.093799],[53.284961,42.081836],[53.495898,42.120166],[53.624902,42.136377],[53.752344,42.129395],[53.804688,42.117627],[53.846484,42.091162],[53.953809,41.868457],[53.995215,41.772559],[54.039844,41.643359],[54.094824,41.519385],[54.181055,41.431592],[54.28457,41.363721],[54.592188,41.193555],[54.671484,41.122168],[54.703711,41.071143],[54.717969,41.012988],[54.723242,40.95127],[54.710059,40.891113]],[[180,68.983447],[179.868262,69.012695],[179.272656,69.259668],[178.950684,69.295801],[178.925,69.325977],[178.906934,69.362109],[178.84834,69.387207],[178.442773,69.452979],[177.933691,69.495605],[177.394531,69.611621],[176.924414,69.645996],[176.410449,69.768506],[176.10752,69.860303],[175.921484,69.895313],[175.751172,69.90415],[175.295605,69.860059],[174.785547,69.855664],[174.319434,69.881641],[173.948047,69.874121],[173.733398,69.891113],[173.438672,69.946826],[173.35332,69.924023],[173.277441,69.823828],[173.056348,69.864941],[172.869238,69.919775],[172.55957,69.968359],[171.970508,70.000342],[171.24668,70.076123],[170.867969,70.096045],[170.486816,70.107568],[170.525391,69.937891],[170.503125,69.856543],[170.35957,69.750977],[170.201172,69.683203],[170.160938,69.626563],[170.582227,69.58335],[170.71416,69.388232],[170.883789,69.263623],[170.99668,69.134717],[170.99541,69.045312],[170.537598,68.825391],[170.065625,68.798682],[169.609863,68.786035],[169.414648,68.919629],[169.310645,69.079541],[168.946191,69.16333],[168.587598,69.228369],[168.423047,69.239502],[168.303027,69.271484],[168.22998,69.447021],[168.15,69.577393],[168.047656,69.625635],[167.950098,69.69917],[167.856836,69.728223],[167.628125,69.740332],[167.073145,69.554443],[166.884375,69.499902],[166.820312,69.499561],[165.980469,69.545996],[165.760742,69.584424],[164.513281,69.609131],[164.15957,69.719287],[163.945996,69.735156],[163.705273,69.701807],[163.498047,69.693262],[163.201367,69.714746],[162.944629,69.682764],[162.375684,69.649072],[162.166016,69.611572],[161.945117,69.545117],[161.536914,69.379541],[161.480078,69.300098],[161.480078,69.201709],[161.565625,69.063965],[161.565625,68.905176],[161.495313,68.849854],[161.365137,68.822998],[161.230176,68.653906],[161.104492,68.5625],[160.856055,68.53833],[160.99668,68.60752],[161.129004,68.653857],[161.340625,68.905176],[161.309863,68.982275],[161.14082,69.038867],[161.035547,69.098193],[160.982031,69.334473],[160.928906,69.458545],[160.910742,69.606348],[160.739453,69.655176],[160.119141,69.729785],[159.83252,69.784961],[159.729395,69.870215],[159.83916,69.98999],[159.831445,70.081445],[159.889648,70.158789],[159.983398,70.221387],[160.006445,70.309668],[159.958594,70.423633],[159.911816,70.506104],[159.804688,70.604932],[159.72793,70.649658],[159.350684,70.790723],[158.702148,70.93501],[158.037012,71.039258],[157.447363,71.074512],[156.68457,71.09375],[155.895215,71.095508],[155.595898,71.038623],[155.029492,71.034229],[154.413965,70.974463],[153.794141,70.87998],[153.460645,70.878613],[152.79834,70.835645],[152.508789,70.834473],[151.762012,70.982471],[151.999805,71.00249],[152.092773,71.023291],[151.759766,71.217822],[151.582422,71.286963],[151.145313,71.37373],[150.967773,71.380469],[150.82168,71.362891],[150.242969,71.267188],[150.097656,71.226562],[150.384766,71.338818],[150.525098,71.38584],[150.667773,71.455225],[150.634863,71.498877],[150.599805,71.520117],[150.06084,71.51084],[150.026465,71.521338],[149.912695,71.580713],[149.857129,71.601465],[149.498047,71.664014],[149.237891,71.687939],[148.968164,71.690479],[148.92334,71.714648],[148.954883,71.744141],[148.965332,71.762793],[149.04873,71.795752],[149.279688,71.825537],[149.881055,71.843018],[150.016895,71.895654],[149.998145,71.950488],[149.963086,71.992188],[149.766211,72.09126],[149.501563,72.164307],[148.964844,72.252344],[148.402051,72.311963],[147.433984,72.340918],[147.261816,72.327881],[147.127051,72.292041],[146.894727,72.19751],[146.367969,71.92207],[146.073242,71.80835],[145.804785,71.746484],[145.188574,71.695801],[145.075586,71.707373],[144.989648,71.753369],[145.017871,71.793701],[145.07373,71.830859],[145.077734,71.854639],[145.046875,71.901025],[145.063965,71.926074],[145.125781,71.927148],[145.271191,71.894629],[145.407227,71.890137],[145.756738,71.941309],[145.756738,72.020654],[145.664062,72.066992],[145.710156,72.177588],[145.709668,72.206348],[145.758594,72.225879],[145.799414,72.221875],[146.051465,72.142285],[146.137305,72.146484],[146.230273,72.1375],[146.005859,71.945459],[146.113281,71.944971],[146.40166,72.035498],[146.599219,72.123535],[146.807031,72.236572],[146.831836,72.29541],[146.594141,72.302441],[145.03916,72.259863],[144.470703,72.174756],[144.294922,72.192627],[144.169238,72.258789],[144.360938,72.265332],[144.587598,72.305518],[144.776367,72.382275],[144.897461,72.39624],[145.212891,72.392676],[145.46709,72.362061],[146.234766,72.349707],[146.25293,72.442236],[146.083301,72.471387],[145.71416,72.497363],[145.485742,72.54209],[145.199316,72.570215],[144.568652,72.609912],[144.303906,72.643018],[143.680957,72.673193],[143.51582,72.698242],[142.061426,72.720801],[141.518359,72.788672],[141.309766,72.857715],[140.808203,72.890967],[140.708105,72.890039],[140.675977,72.871631],[140.652344,72.842822],[140.972852,72.716992],[140.983203,72.630029],[141.079297,72.586914],[140.705078,72.518945],[140.450586,72.493115],[139.601172,72.496094],[139.473633,72.466504],[139.14082,72.329736],[139.14502,72.264404],[139.176367,72.163477],[139.430469,72.163477],[139.505273,72.207666],[139.616992,72.225684],[140.134375,72.209619],[140.187695,72.191309],[140.014063,72.162109],[139.84707,72.148584],[139.640234,71.99834],[139.359277,71.951367],[139.552344,71.926709],[139.722949,71.884961],[139.695117,71.700439],[139.93877,71.557666],[139.98418,71.491504],[139.632129,71.489258],[139.320215,71.444727],[139.209375,71.444775],[139.004883,71.556055],[138.780176,71.629004],[138.67002,71.634814],[138.525195,71.562744],[138.318066,71.602832],[138.23418,71.596338],[138.118457,71.566162],[138.04834,71.525977],[137.995703,71.463525],[137.927344,71.429785],[137.918359,71.384082],[138.022168,71.363428],[138.097168,71.358594],[138.314063,71.325537],[138.090625,71.307422],[138.03252,71.28584],[138.012695,71.26084],[137.844043,71.226807],[137.901953,71.194043],[137.97373,71.168652],[137.991699,71.142725],[137.939648,71.133398],[137.797852,71.163916],[137.650586,71.208154],[137.41748,71.299023],[137.31543,71.359424],[137.11582,71.415674],[136.406152,71.570752],[136.090332,71.61958],[135.884766,71.630566],[135.55918,71.610352],[135.359375,71.543506],[135.022363,71.515039],[134.813867,71.460596],[134.702734,71.386816],[134.102832,71.378955],[133.688867,71.434229],[133.426172,71.490967],[133.130859,71.606689],[132.839258,71.755176],[132.803613,71.767578],[132.768555,71.79873],[132.71582,71.871484],[132.653906,71.925977],[132.562305,71.895313],[132.325781,71.726221],[132.227637,71.642773],[132.098828,71.483984],[132.003711,71.350195],[131.99082,71.293213],[132.035352,71.244043],[131.906445,71.202637],[131.769043,71.101416],[131.562012,70.901025],[131.432324,70.828271],[131.268262,70.765527],[131.157422,70.742188],[131.021582,70.746094],[130.898047,70.803564],[130.831934,70.935889],[130.757129,70.962354],[130.668457,70.88833],[130.537109,70.892529],[130.28125,70.947314],[130.025977,71.065381],[129.761914,71.119531],[129.389844,71.404883],[129.224512,71.508838],[129.134277,71.592871],[128.922656,71.601758],[128.843262,71.663477],[128.949023,71.707568],[129.23418,71.744824],[129.46084,71.739307],[129.291797,71.850195],[129.210254,71.916943],[129.121582,71.953223],[129.154199,71.878662],[129.116602,71.824609],[129.040137,71.782422],[128.911426,71.755322],[128.358789,72.08833],[128.026563,72.25],[127.841406,72.308252],[127.726074,72.413184],[127.803418,72.434033],[128.196973,72.309619],[128.475195,72.245557],[128.934961,72.079492],[129.283496,72.092041],[129.410645,72.166309],[129.411719,72.315479],[129.281348,72.437695],[129.116602,72.485742],[128.549414,72.49585],[128.418262,72.535156],[128.508496,72.547314],[128.633398,72.550146],[128.815332,72.585889],[129.117578,72.676953],[129.250391,72.705176],[129.229102,72.775732],[129.017285,72.872461],[128.674023,72.885889],[128.599023,72.895166],[128.735254,72.943262],[128.853516,72.972607],[129.053711,73.04541],[129.100586,73.112354],[129.05918,73.10752],[128.913379,73.110596],[128.87168,73.139355],[128.888672,73.190234],[128.730469,73.233398],[128.587012,73.262402],[128.257812,73.26748],[128.26416,73.300732],[128.281445,73.330566],[128.141699,73.352393],[128.025684,73.390771],[127.996875,73.425635],[127.955078,73.445557],[127.740332,73.481543],[127.031348,73.547461],[126.955176,73.528223],[126.838477,73.43418],[126.552539,73.334912],[126.335449,73.38877],[126.29248,73.394189],[126.257422,73.419775],[126.308887,73.463672],[126.344922,73.506299],[126.295996,73.53667],[126.254492,73.548193],[126.107422,73.51748],[125.887891,73.498096],[125.794434,73.468457],[125.598535,73.447412],[125.61709,73.520605],[124.796289,73.711768],[124.541211,73.75127],[124.388086,73.754834],[124.019043,73.712305],[123.933887,73.689307],[123.796875,73.626758],[123.491113,73.666357],[123.416211,73.636865],[123.305078,73.53291],[123.322656,73.430811],[123.355273,73.40249],[123.383887,73.347314],[123.500977,73.261621],[123.622266,73.193262],[123.572461,73.177344],[123.521875,73.1729],[123.461621,73.144189],[123.40459,73.085645],[123.301172,73.001807],[123.160352,72.954883],[122.999316,72.964648],[122.615234,73.02793],[122.526758,73.016699],[122.501953,72.970654],[122.730859,72.931299],[122.751953,72.906494],[122.69209,72.89082],[122.5375,72.877783],[122.260156,72.880566],[122.029785,72.897217],[121.886035,72.960889],[121.747852,72.969678],[121.354297,72.97085],[120.997168,72.936719],[120.597949,72.981104],[119.92168,72.971338],[119.750391,72.979102],[119.425293,73.063965],[118.960352,73.117285],[118.430273,73.246533],[118.376563,73.367236],[118.457031,73.464404],[118.754492,73.464502],[118.936426,73.481201],[118.91123,73.518359],[118.870898,73.537891],[118.450195,73.589795],[117.308594,73.59917],[116.495508,73.676074],[115.337695,73.702588],[114.816016,73.607178],[114.060547,73.584668],[113.856934,73.533398],[113.510352,73.50498],[113.539453,73.433643],[113.711328,73.378564],[113.795117,73.367432],[113.88623,73.345801],[113.829297,73.326562],[113.765234,73.317969],[113.63916,73.273584],[113.558887,73.232617],[113.581445,73.142236],[113.542773,73.054346],[113.41748,72.932178],[113.311523,72.87832],[113.215527,72.805859],[113.298145,72.738867],[113.391406,72.711035],[113.630078,72.6771],[113.711914,72.65415],[113.664551,72.634521],[113.312207,72.657373],[113.186133,72.730176],[113.158203,72.769482],[113.127832,72.830664],[113.247363,72.897217],[113.369336,72.941895],[113.474609,73.047852],[113.487598,73.145117],[113.490918,73.346094],[113.276953,73.391504],[113.156934,73.45957],[113.364453,73.582764],[113.416211,73.647607],[113.326855,73.707422],[113.181543,73.837402],[113.032813,73.913867],[112.934961,73.945703],[112.835938,73.962061],[112.939648,73.835645],[112.855957,73.771143],[112.79541,73.746094],[112.4,73.711133],[112.147266,73.708936],[111.803711,73.745264],[111.400391,73.827734],[111.299512,73.884863],[111.228125,73.968555],[111.459961,74.004834],[111.550586,74.028516],[111.341406,74.047363],[111.130859,74.052832],[111.05625,73.939355],[110.920117,73.9479],[110.261426,74.017432],[110.083887,73.994385],[109.869141,73.930615],[109.774121,73.88125],[109.665625,73.800244],[109.706738,73.74375],[109.752734,73.722559],[110.091211,73.708545],[110.388281,73.726025],[110.722363,73.779932],[110.799219,73.759766],[110.868164,73.730713],[110.77334,73.68916],[110.428711,73.628906],[109.855273,73.472461],[109.637109,73.454004],[109.331055,73.487451],[109.165625,73.399609],[109.089941,73.378418],[108.575391,73.319043],[108.351465,73.310205],[108.285352,73.265869],[108.150977,73.25791],[108.00127,73.235596],[107.750391,73.173145],[107.36875,73.163135],[107.108789,73.177295],[106.47793,73.139404],[106.315039,73.106396],[106.208789,73.060547],[106.15957,73.002002],[106.066699,72.949854],[105.708203,72.83667],[105.402734,72.789941],[105.143945,72.777051],[105.392773,72.841016],[105.677148,72.959277],[106.188672,73.308008],[106.679395,73.330664],[106.794238,73.37666],[107.166992,73.589404],[107.271094,73.621045],[107.76543,73.625],[108.199512,73.694092],[109.075,74.032324],[109.51084,74.088818],[109.810254,74.169189],[109.863867,74.208887],[109.911328,74.261328],[109.866406,74.293066],[109.840332,74.321973],[110.225879,74.378662],[110.373535,74.466064],[110.892773,74.548096],[111.299023,74.658447],[111.868262,74.740039],[112.191992,74.853174],[112.924902,75.015039],[113.613574,75.292969],[113.726172,75.450635],[113.558887,75.502051],[113.35625,75.534277],[113.242969,75.611426],[113.161523,75.620508],[112.955664,75.571924],[112.72959,75.737646],[112.453027,75.830176],[112.466113,75.843652],[112.49668,75.849902],[112.629199,75.8354],[113.126367,75.698682],[113.391602,75.677881],[113.469043,75.656689],[113.517188,75.621875],[113.485938,75.563965],[113.567578,75.568408],[113.619922,75.592676],[113.74873,75.704785],[113.870996,75.856006],[113.857227,75.921289],[113.563867,75.89165],[113.427734,76.112109],[113.365527,76.178857],[113.272656,76.25166],[113.086035,76.258105],[112.987988,76.239746],[113.066016,76.215234],[113.150391,76.174512],[113.094043,76.13291],[113.04668,76.114111],[112.818945,76.058594],[112.65625,76.053564],[112.721875,76.077197],[112.798438,76.129639],[112.742578,76.186914],[112.68418,76.218848],[112.619531,76.383545],[112.413281,76.408301],[112.29707,76.434668],[112.142773,76.423975],[111.942676,76.380469],[112.016797,76.420557],[112.093945,76.480322],[111.938672,76.553418],[111.786133,76.603564],[111.600586,76.622314],[111.39248,76.68667],[111.114844,76.723047],[110.471484,76.758398],[109.981152,76.711865],[109.369336,76.749219],[108.638379,76.720117],[108.352051,76.719531],[108.181641,76.737842],[108.02793,76.718457],[107.949902,76.660645],[107.902246,76.569678],[107.722168,76.522314],[107.624219,76.510107],[107.157715,76.524072],[106.825391,76.480078],[106.683203,76.514697],[106.413574,76.512256],[106.384668,76.589453],[106.545508,76.586279],[106.63877,76.573389],[106.940918,76.730469],[107.190234,76.822021],[107.429785,76.926563],[107.278906,76.990967],[106.941602,77.034375],[106.783691,77.031787],[106.705078,77.01377],[106.338672,77.047852],[106.14541,77.045312],[105.822168,76.99751],[105.712012,77.001465],[105.645898,77.100684],[105.320215,77.092334],[104.202441,77.101807],[104.323633,77.132666],[104.911914,77.174707],[105.38457,77.237842],[105.73418,77.352002],[106.05957,77.390527],[105.983398,77.447607],[105.894531,77.488867],[105.710254,77.525244],[105.308984,77.549219],[104.965234,77.594727],[104.814258,77.6521],[104.184863,77.730469],[104.014551,77.73042],[103.560742,77.631934],[103.33125,77.641064],[103.131445,77.626465],[102.610156,77.508545],[101.517676,77.198096],[101.292871,77.101562],[101.185742,77.028564],[100.989941,76.990479],[100.905859,76.900684],[100.92041,76.82251],[101.008203,76.781348],[101.099316,76.704004],[101.00625,76.615088],[100.928027,76.556738],[101.002637,76.530518],[101.212988,76.535693],[101.683789,76.485498],[101.597754,76.439209],[101.310742,76.478906],[101.060742,76.477246],[100.84375,76.525195],[100.322363,76.47915],[99.935742,76.489893],[99.57627,76.471436],[98.869434,76.50957],[98.805664,76.480664],[98.969531,76.430811],[99.093848,76.384326],[99.460645,76.275098],[99.616797,76.240186],[99.825391,76.135937],[99.851367,75.930273],[99.7375,75.880664],[99.609375,75.811279],[99.540723,75.798584],[99.442187,75.803174],[99.602344,75.852051],[99.689258,75.956348],[99.77041,76.02876],[99.663184,76.078027],[99.615625,76.082324],[99.562695,76.109326],[99.187305,76.177637],[98.984668,76.207568],[98.771289,76.224023],[98.662012,76.242676],[98.341992,76.180566],[98.194629,76.166406],[98.02002,76.133691],[97.918359,76.088672],[97.669824,76.078027],[97.637695,76.029053],[97.499219,75.980225],[97.350684,76.033398],[97.205469,76.018701],[96.879199,75.931055],[96.49707,75.891211],[96.537695,75.921631],[96.600586,75.989893],[96.508594,76.005566],[95.934766,75.926025],[95.743848,75.872314],[95.65332,75.892188],[95.986035,76.009668],[96.075488,76.081982],[95.919922,76.113135],[95.578711,76.137305],[95.359277,76.1396],[95.038477,76.113525],[94.575586,76.151758],[94.506738,76.107959],[94.388281,76.102783],[94.102344,76.123584],[93.842871,76.101318],[93.648438,76.05415],[93.35957,76.100732],[93.259277,76.098779],[93.104883,76.02583],[92.971582,76.075098],[92.858594,75.979492],[92.89043,75.909961],[92.986621,75.902686],[93.068652,75.912842],[93.116309,75.944629],[93.178125,75.958984],[93.406055,75.90127],[93.475488,75.932861],[93.574023,75.956299],[93.687012,75.921582],[94.156348,75.959229],[94.075195,75.912891],[93.549805,75.854102],[92.602539,75.779102],[92.40752,75.749658],[91.84541,75.723682],[91.479492,75.649658],[91.004687,75.649561],[90.184961,75.591064],[89.595117,75.458252],[89.310254,75.470117],[88.733105,75.369189],[88.503711,75.290479],[87.671387,75.12959],[87.170801,75.191748],[87.005957,75.169824],[86.92168,75.112793],[86.939063,75.068115],[87.140723,75.072266],[87.287402,75.052539],[87.467578,75.013232],[87.419336,74.940918],[87.041797,74.778857],[86.862891,74.717871],[86.651465,74.682422],[86.20127,74.816211],[86.119531,74.757422],[86.058887,74.728223],[85.880762,74.740234],[85.791016,74.645117],[86.116113,74.628564],[86.425684,74.585498],[86.700098,74.522461],[86.894238,74.449707],[87.106152,74.403564],[87.229688,74.363867],[86.897949,74.325342],[86.664746,74.414258],[86.538477,74.444238],[86.395801,74.450098],[86.18291,74.423047],[86.001367,74.316016],[86.177832,74.279395],[86.571094,74.24375],[86.69707,74.195312],[87.209668,73.878662],[87.3375,73.846045],[87.503223,73.832471],[87.571191,73.810742],[87.369531,73.755908],[87.294434,73.704688],[87.120117,73.615039],[86.37627,73.568848],[86.155078,73.534668],[86.092383,73.519141],[85.998926,73.48584],[85.938965,73.456494],[85.910059,73.39043],[85.970801,73.34707],[86.12168,73.306738],[86.715039,73.12583],[86.677051,73.106787],[86.514355,73.140479],[86.30791,73.195752],[86.098145,73.272607],[85.818164,73.326953],[85.802441,73.37168],[85.792578,73.43833],[85.800488,73.458936],[85.827051,73.492773],[86.094141,73.57832],[86.365918,73.619775],[86.697656,73.716846],[87.029492,73.82417],[86.961328,73.860742],[86.892969,73.887109],[86.591406,73.894287],[85.979297,73.856934],[85.611426,73.821582],[85.44834,73.734619],[85.200586,73.721533],[85.077441,73.719531],[84.737891,73.762842],[84.417383,73.722021],[83.666992,73.686475],[83.544727,73.666504],[81.816992,73.658838],[81.468848,73.64043],[80.583203,73.568457],[80.561914,73.51499],[80.595898,73.474023],[80.458301,73.413721],[80.398047,73.356836],[80.418945,73.289648],[80.424512,73.231152],[80.455469,73.155225],[80.509668,73.086084],[80.638672,73.04917],[80.757422,73.025244],[80.841602,72.94917],[80.77373,72.860791],[80.675391,72.75918],[80.65625,72.712012],[80.719629,72.6479],[80.797754,72.519971],[80.827051,72.488281],[81.098145,72.389746],[81.282715,72.358838],[81.58623,72.351709],[81.792871,72.326611],[82.093652,72.26543],[82.183594,72.237549],[82.209277,72.211182],[82.280664,72.105127],[82.319141,72.071826],[82.64541,71.925244],[82.755078,71.902832],[83.200293,71.874707],[83.34043,71.827539],[83.534375,71.683936],[83.553516,71.649805],[83.571289,71.594385],[83.550488,71.543652],[83.531055,71.514258],[83.457617,71.467529],[83.266016,71.275879],[83.15127,71.103613],[83.333887,70.988525],[83.578906,70.765918],[83.65127,70.672217],[83.735938,70.546484],[83.700488,70.466406],[83.659863,70.418359],[83.49707,70.345264],[83.293457,70.321338],[83.073828,70.276709],[83.094141,70.221094],[83.132031,70.157178],[83.10957,70.10957],[83.080762,70.093018],[82.961035,70.088281],[82.856543,70.104541],[82.767285,70.154053],[82.682324,70.217725],[82.74248,70.286475],[82.919824,70.407422],[83.030176,70.580518],[83.058398,70.694727],[83.051074,70.815234],[83.010156,70.89541],[82.869141,70.954834],[82.737793,70.94209],[82.59248,70.889941],[82.45166,70.690088],[82.258398,70.543604],[82.231445,70.48291],[82.23584,70.430273],[82.221191,70.395703],[82.182422,70.511475],[82.163184,70.598145],[82.270703,70.706738],[82.335938,70.807373],[82.316016,70.879443],[82.23916,70.997705],[82.254297,71.056201],[82.276953,71.093457],[82.322852,71.26001],[82.493164,71.292871],[82.917969,71.419922],[82.977051,71.451367],[83.105664,71.562451],[83.165527,71.602197],[83.233594,71.668164],[83.106641,71.720508],[82.986133,71.748682],[82.757812,71.764111],[82.547266,71.758594],[82.079883,71.706836],[81.661621,71.715967],[81.51123,71.746143],[80.856055,71.970215],[80.814746,72.054297],[80.7625,72.08916],[80.699219,72.098291],[80.474023,72.153125],[79.953906,72.223047],[79.42207,72.380762],[78.482617,72.394971],[78.225391,72.377441],[77.968164,72.328711],[77.733203,72.229199],[77.625293,72.201416],[77.471582,72.192139],[77.439746,72.156543],[77.41084,72.107764],[77.492871,72.071729],[77.780664,72.114307],[78.016406,72.092041],[78.14082,72.044678],[78.232422,71.952295],[78.186914,71.90708],[77.777539,71.836426],[77.550781,71.84209],[77.061328,72.004199],[76.871387,72.033008],[76.42168,72.006006],[76.124023,71.926611],[76.032422,71.9104],[76.103613,71.829004],[76.215723,71.682861],[76.312109,71.595459],[76.433398,71.55249],[76.871191,71.446582],[77.113672,71.409375],[77.481055,71.311572],[77.706641,71.300586],[77.908398,71.324072],[78.212598,71.266309],[78.386523,71.087109],[78.491406,71.025391],[78.587695,70.993896],[78.723926,70.975977],[78.803516,70.973535],[78.888672,70.997168],[79.083887,71.002002],[79.01543,70.950195],[78.942187,70.933789],[78.525781,70.911816],[78.320605,70.93042],[78.068262,70.986328],[77.589648,71.16792],[76.995215,71.181055],[76.929004,71.127881],[76.741992,71.202051],[76.110449,71.218555],[75.733594,71.265918],[75.332031,71.341748],[75.298047,71.378467],[75.280273,71.430078],[75.417188,71.494678],[75.468555,71.534375],[75.503223,71.654639],[75.247461,71.813379],[75.273828,71.958936],[75.394531,71.983203],[75.550195,72.170801],[75.644336,72.232324],[75.694434,72.253516],[75.741406,72.29624],[75.691113,72.35],[75.644336,72.382275],[75.591406,72.457227],[75.603125,72.512158],[75.603516,72.581055],[75.474902,72.68501],[75.369336,72.796631],[75.152441,72.852734],[74.942188,72.853809],[74.864941,72.838428],[74.786816,72.811865],[74.896875,72.710107],[75.008008,72.619434],[75.060352,72.548779],[75.09707,72.420654],[75.089941,72.263135],[75.053223,72.199219],[74.992188,72.144824],[74.804102,72.077393],[74.489063,71.997021],[74.31123,71.957813],[73.939453,71.914746],[73.671777,71.845068],[73.08623,71.444922],[73.150488,71.385205],[73.365234,71.319775],[73.507227,71.263525],[73.576563,71.216504],[73.731543,71.068701],[74.310938,70.653613],[74.343359,70.578711],[74.206738,70.445459],[73.937402,70.272852],[73.830176,70.175684],[73.578125,69.802979],[73.560156,69.707227],[73.663281,69.61709],[73.832715,69.503906],[73.890918,69.417969],[73.775684,69.198242],[73.836035,69.143213],[73.977441,69.114648],[74.362598,69.14458],[74.814844,69.090576],[75.053516,69.116309],[75.42002,69.238623],[75.561133,69.251807],[76.000977,69.235059],[76.644922,69.117383],[77.32832,68.958643],[77.466309,68.905127],[77.650684,68.903027],[77.785254,68.630469],[77.906836,68.482275],[77.958691,68.377051],[77.995117,68.259473],[77.868262,68.234717],[77.756836,68.222363],[77.664844,68.190381],[77.535937,68.007666],[77.520117,67.909619],[77.588281,67.751904],[78.16123,67.678369],[78.559082,67.639111],[78.839063,67.631201],[78.887598,67.613135],[78.922461,67.589111],[78.589551,67.578467],[77.985547,67.55918],[77.771582,67.570264],[77.675098,67.5896],[77.579199,67.643945],[77.395605,67.698682],[77.325098,67.735645],[77.174414,67.778516],[77.248438,67.941016],[77.261035,68.315576],[77.238477,68.46958],[77.111719,68.596191],[76.735059,68.776904],[76.605762,68.897607],[76.45918,68.978271],[76.316016,68.991504],[76.10752,68.975732],[75.589551,68.901172],[75.124609,68.861719],[74.57959,68.751221],[74.480957,68.658887],[74.391406,68.420605],[74.51123,68.303076],[74.632422,68.218311],[74.742676,68.073535],[74.778223,67.985938],[74.787305,67.89751],[74.769531,67.766357],[74.676074,67.694629],[74.074512,67.414111],[73.98623,67.327686],[73.883301,67.084961],[73.79209,66.995312],[73.513574,66.861084],[73.341602,66.806836],[72.417383,66.560791],[72.383984,66.506543],[72.321582,66.332129],[72.067578,66.25332],[71.916992,66.246729],[71.565625,66.33374],[71.358008,66.359424],[71.145508,66.36665],[70.339453,66.342383],[69.982422,66.401416],[69.700977,66.48457],[69.412012,66.510742],[69.194336,66.578662],[69.143945,66.640723],[69.091113,66.723584],[69.051172,66.766357],[69.013477,66.78833],[69.078711,66.815918],[69.217773,66.828613],[69.74043,66.8146],[69.877148,66.845459],[69.948633,66.82998],[70.09375,66.754346],[70.283398,66.685791],[70.443945,66.697314],[70.579102,66.75376],[70.630762,66.754199],[70.690723,66.745312],[70.567969,66.700879],[70.442578,66.668262],[70.408887,66.647607],[70.382812,66.60249],[70.561426,66.548682],[70.724902,66.519434],[70.939453,66.548145],[71.065625,66.604492],[71.341992,66.686719],[71.539551,66.683105],[71.551172,66.760449],[71.448926,66.878955],[71.365234,66.961523],[71.668164,66.939697],[71.847461,67.007617],[72.594336,67.586963],[72.94873,67.69624],[73.066797,67.766943],[73.152148,67.865039],[73.173047,67.973047],[73.129395,68.090918],[73.139453,68.181348],[73.266406,68.294482],[73.465234,68.430762],[73.591699,68.481885],[73.573438,68.532617],[73.548047,68.574512],[73.190723,68.706787],[72.811914,68.815234],[72.67832,68.874854],[72.576758,68.968701],[72.527344,69.080518],[72.527051,69.154248],[72.557324,69.378418],[72.615625,69.484033],[72.599414,69.793213],[72.529688,70.17251],[72.469434,70.274951],[72.561914,70.345557],[72.65332,70.403418],[72.7,70.457324],[72.731641,70.822852],[72.704492,70.963232],[72.581348,71.151123],[72.079297,71.306689],[71.867285,71.457373],[71.884375,71.511377],[71.912012,71.547949],[72.129688,71.60918],[72.279492,71.695508],[72.375,71.821631],[72.574121,72.012549],[72.624414,72.079443],[72.75293,72.343164],[72.787402,72.482959],[72.812109,72.691406],[72.633789,72.744482],[72.446387,72.790332],[72.100977,72.829004],[71.92959,72.819678],[71.616992,72.9021],[71.500195,72.913672],[70.655371,72.890381],[70.172168,72.901172],[69.8875,72.882568],[69.738281,72.884961],[69.645117,72.897559],[69.658789,72.931836],[69.708984,72.956396],[69.694336,72.977539],[69.611816,72.981934],[69.391406,72.955518],[69.039062,72.669922],[68.829688,72.391553],[68.607422,72.012744],[68.469434,71.852637],[68.269238,71.682812],[67.959375,71.548389],[67.541797,71.412012],[67.274219,71.347852],[66.917578,71.282373],[66.768066,71.139893],[66.639648,71.081396],[66.692578,71.041699],[66.84707,71.063721],[66.758789,70.962354],[66.666113,70.900586],[66.675195,70.864697],[66.702246,70.818506],[66.822461,70.797363],[67.143359,70.837549],[67.211523,70.798438],[67.284766,70.738721],[67.246875,70.500098],[67.156836,70.295117],[67.146484,70.219922],[67.197461,70.171631],[67.239258,70.108057],[67.144434,70.030615],[67.069043,70.005615],[66.926367,70.014258],[66.832227,69.842187],[66.80293,69.740137],[66.804004,69.659229],[66.840234,69.60918],[66.89668,69.553809],[66.93418,69.59668],[66.964063,69.655566],[67.064453,69.693701],[67.624121,69.584424],[67.774316,69.52998],[68.005859,69.480029],[68.073047,69.420801],[68.117383,69.23623],[68.355078,69.067578],[68.542773,68.96709],[68.65957,68.927393],[68.762891,68.917383],[68.924414,68.956201],[69.140527,68.950635],[69.024316,68.817969],[68.829492,68.567432],[68.504199,68.348438],[68.371191,68.314258],[68.156934,68.403662],[67.730762,68.513672],[67.639648,68.579297],[67.149219,68.753955],[67.002441,68.873584],[66.756445,68.891992],[66.416113,68.947852],[66.084766,69.036328],[65.812695,69.077002],[65.735742,69.132324],[65.52793,69.173438],[65.326758,69.201367],[65.031543,69.269824],[64.896289,69.247803],[64.928516,69.325391],[64.592188,69.435645],[64.19043,69.534668],[63.361426,69.675293],[62.63125,69.743115],[61.770508,69.763037],[61.015918,69.851465],[60.909082,69.847119],[60.812988,69.821143],[60.558691,69.692334],[60.276465,69.652637],[60.170605,69.590918],[60.337305,69.457031],[60.664551,69.110254],[60.858594,69.145508],[60.933594,68.986768],[60.815137,68.895215],[60.637695,68.787012],[60.48916,68.728955],[60.160254,68.699512],[59.895996,68.706348],[59.865137,68.604932],[59.941406,68.510498],[59.922852,68.471338],[59.897363,68.421924],[59.858789,68.396045],[59.827539,68.380322],[59.725684,68.351611],[59.604297,68.351123],[59.310742,68.400293],[59.099023,68.444336],[59.112305,68.616309],[59.222559,68.691309],[59.29834,68.708447],[59.370508,68.738379],[59.22041,68.849609],[59.110156,68.896289],[59.059863,68.972559],[59.057324,69.006055],[58.918945,69.003809],[58.353906,68.916211],[58.237012,68.833936],[58.173047,68.889746],[57.444336,68.641504],[57.126855,68.554004],[56.909375,68.566699],[56.620215,68.619043],[56.275684,68.624072],[56.043652,68.648877],[55.924609,68.637305],[55.675293,68.575879],[55.418066,68.567822],[55.150879,68.480029],[54.923047,68.373828],[54.861328,68.201855],[54.717969,68.18418],[54.56123,68.273047],[54.476172,68.294141],[54.393945,68.275098],[54.23291,68.266309],[54.099219,68.259033],[53.967871,68.227344],[53.913672,68.231201],[53.515137,68.259668],[53.403125,68.256836],[53.260547,68.26748],[53.293359,68.31167],[53.342578,68.343213],[53.566699,68.36709],[53.690039,68.402539],[53.829492,68.382666],[53.930859,68.435547],[53.917676,68.536963],[53.758887,68.633984],[53.833887,68.708936],[53.891211,68.801514],[53.929297,68.811865],[53.970605,68.844287],[53.919531,68.87124],[53.798242,68.884668],[53.797656,68.907471],[53.874414,68.926611],[54.37627,68.964746],[54.491211,68.992334],[54.18584,69.00332],[53.801953,68.995898],[53.412891,68.912549],[52.683594,68.731201],[52.344043,68.608154],[52.435059,68.610205],[52.550098,68.592432],[52.647656,68.506152],[52.722656,68.484033],[52.669727,68.426758],[52.475,68.382129],[52.39668,68.351709],[52.322266,68.339697],[52.25918,68.350928],[52.183496,68.374268],[52.227441,68.418604],[52.285352,68.459375],[52.128809,68.532031],[52.055664,68.541309],[51.994727,68.53877],[51.616699,68.476318],[51.336133,68.402441],[51.078516,68.36333],[50.838867,68.349951],[50.699414,68.317725],[50.414062,68.218359],[50.233203,68.175342],[49.93125,68.065137],[49.155273,67.87041],[48.953906,67.853809],[48.840625,67.869727],[48.754297,67.895947],[48.695703,67.874219],[48.762695,67.827002],[48.87793,67.731348],[48.833203,67.681494],[48.653809,67.695264],[48.278711,67.650391],[47.874707,67.58418],[47.882617,67.515332],[47.908203,67.454688],[47.839258,67.355713],[47.768066,67.275635],[47.709082,67.04502],[47.655859,66.975928],[47.496484,66.929834],[46.69082,66.825537],[46.552344,66.818994],[46.492383,66.800195],[46.448535,66.818994],[46.297754,66.842822],[46.083984,66.843506],[45.986035,66.853125],[45.885352,66.891064],[45.752539,66.98916],[45.562207,67.185596],[45.138867,67.284717],[44.939453,67.350781],[44.902148,67.413135],[44.939453,67.477441],[45.374121,67.688867],[45.528711,67.757568],[46.174219,67.818164],[46.428906,67.823682],[46.69043,67.848828],[46.683594,67.970459],[46.429688,68.118848],[46.158398,68.291357],[45.891992,68.479687],[45.519434,68.546533],[45.078125,68.578174],[44.175293,68.541748],[44.048047,68.548828],[43.471973,68.679834],[43.413281,68.681738],[43.333203,68.673389],[43.358008,68.635791],[43.404004,68.608545],[44.169141,68.3271],[44.204688,68.25376],[44.226465,68.154443],[44.213867,68.112598],[44.231543,68.07124],[44.225391,67.995605],[44.036426,67.670654],[43.856348,67.439307],[43.795703,67.32959],[43.782422,67.254492],[43.855371,67.188623],[44.074414,67.167334],[44.291797,67.099658],[44.403906,67.004199],[44.429297,66.937744],[44.437109,66.794629],[44.488672,66.671777],[44.316406,66.481689],[44.220703,66.40708],[44.097168,66.235059],[44.145313,66.112744],[44.132422,66.064551],[44.104395,66.008594],[44.016699,66.049756],[43.944141,66.098682],[43.84375,66.142383],[43.737012,66.158398],[43.623926,66.146729],[43.541895,66.123389],[43.550391,66.173389],[43.653125,66.250977],[43.60332,66.291211],[43.550879,66.321289],[43.233203,66.415527],[43.005957,66.420947],[42.806543,66.411328],[42.602148,66.42251],[42.450781,66.482422],[42.313672,66.514746],[42.210547,66.519678],[42.083594,66.465918],[41.780859,66.259326],[41.475781,66.123437],[41.076074,66.021094],[40.774414,65.987891],[40.691602,65.963428],[40.512793,65.843799],[40.327832,65.751709],[39.816504,65.597949],[39.781152,65.534717],[39.749121,65.447949],[39.798047,65.349854],[39.896484,65.254785],[40.142676,65.063281],[40.28125,64.998096],[40.375391,64.896289],[40.444922,64.778711],[40.407813,64.754883],[40.203711,64.784033],[40.057813,64.770752],[39.848633,64.690527],[39.833008,64.656396],[39.758008,64.577051],[39.567383,64.570557],[39.053516,64.713916],[38.613086,64.78667],[38.540918,64.79126],[38.441992,64.827148],[38.412109,64.85708],[38.228223,64.851221],[38.115723,64.85459],[38.009375,64.87876],[37.528125,65.108252],[37.14082,65.194287],[37.050195,65.195898],[36.882812,65.172363],[36.785938,64.987158],[36.65293,64.935449],[36.53457,64.938623],[36.528223,64.847363],[36.578711,64.790967],[36.624219,64.750537],[36.769336,64.685254],[37.04043,64.48916],[37.183691,64.408496],[37.289551,64.37793],[37.42959,64.373584],[37.740625,64.396973],[37.843555,64.366309],[37.953711,64.320117],[37.977148,64.207031],[38.062207,64.091016],[38.070801,64.02583],[37.967969,63.949121],[37.635352,63.893408],[37.442188,63.813379],[37.372754,63.816748],[36.975195,63.909521],[36.71377,63.945068],[36.364941,64.002832],[36.301953,64.034375],[36.146484,64.189014],[35.802051,64.335352],[35.64707,64.37832],[35.432031,64.346777],[35.284082,64.362549],[35.035352,64.440234],[34.869531,64.56001],[34.858301,64.706689],[34.905469,64.738672],[34.952246,64.755957],[34.832617,64.800195],[34.827148,64.912695],[34.803516,64.985986],[34.671094,65.168115],[34.535938,65.27793],[34.406445,65.395752],[34.544141,65.456689],[34.615723,65.509912],[34.715527,65.664062],[34.734766,65.716309],[34.776953,65.768262],[34.793164,65.816357],[34.786328,65.864551],[34.691797,65.951855],[34.399805,66.128418],[34.112695,66.225244],[33.566699,66.320996],[33.41582,66.315625],[33.360547,66.329541],[33.476953,66.346875],[33.593262,66.38457],[33.655957,66.442627],[33.517676,66.471387],[33.405273,66.484277],[33.217383,66.531641],[33.18291,66.573877],[33.224414,66.603857],[33.180566,66.679932],[32.928711,66.704102],[32.862402,66.721387],[32.857324,66.746924],[32.686426,66.829541],[32.463672,66.916309],[32.500977,67.003857],[32.340625,67.067871],[32.201563,67.113232],[31.983008,67.129834],[31.895313,67.161426],[32.399902,67.152686],[32.930469,67.086816],[32.885254,67.061133],[32.847559,67.021533],[33.001953,66.908301],[33.150195,66.843945],[33.482031,66.764551],[33.522949,66.764355],[33.59541,66.784619],[33.75957,66.750977],[33.893652,66.706738],[34.146094,66.703271],[34.451563,66.651221],[34.430859,66.629785],[34.396094,66.613184],[34.482617,66.550342],[34.610254,66.559619],[34.824609,66.611133],[35.363965,66.428662],[35.513477,66.395801],[36.373438,66.302295],[36.769922,66.293555],[36.983691,66.272559],[37.294824,66.225049],[37.628223,66.12959],[37.900684,66.095605],[38.397559,66.064453],[38.653906,66.069043],[39.289062,66.132031],[40.10332,66.299951],[40.521582,66.446631],[41.188965,66.826172],[41.275586,66.914307],[41.354297,67.121436],[41.358789,67.209668],[41.261719,67.218457],[41.133887,67.266943],[41.133887,67.386035],[41.060938,67.444189],[40.966406,67.713477],[40.766309,67.743018],[40.656543,67.774072],[40.525781,67.789697],[40.380664,67.831885],[40.206641,67.941895],[40.035742,68.015381],[39.895605,68.114502],[39.809277,68.15083],[39.746289,68.162207],[39.789746,68.112158],[39.82334,68.058594],[39.568945,68.071729],[38.831543,68.324902],[38.705566,68.344727],[38.656836,68.321875],[38.430176,68.355615],[38.357617,68.415137],[37.730566,68.692139],[36.618262,69.003467],[35.85791,69.191748],[35.289844,69.275439],[35.233203,69.265576],[35.175879,69.230811],[35.00957,69.22124],[34.863965,69.228076],[34.352734,69.30293],[34.229395,69.313135],[33.684375,69.310254],[33.627051,69.28916],[33.435645,69.130371],[33.333398,69.098193],[33.141211,69.068701],[33.196387,69.116846],[33.327734,69.151855],[33.412988,69.267432],[33.417969,69.315283],[33.463672,69.378174],[33.454297,69.428174],[33.384863,69.444287],[33.255859,69.427734],[32.978906,69.367334],[32.941602,69.38335],[33.020996,69.445605],[32.999805,69.470117],[32.883789,69.46084],[32.636816,69.489453],[32.377734,69.479102],[32.330566,69.554248],[32.161328,69.596631],[32.091504,69.632568],[32.176758,69.674023],[32.754297,69.605713],[32.915039,69.601709],[32.994629,69.626172],[33.012598,69.670508],[33.007812,69.722119],[32.941699,69.751855],[32.56543,69.806494],[32.391602,69.868701],[31.98457,69.953662],[31.969336,69.913916],[32.030566,69.835303],[31.997949,69.809912],[31.879395,69.831982],[31.788574,69.815771],[31.666211,69.720996],[31.546973,69.696924],[31.452734,69.6896],[31.049512,69.769238],[30.869727,69.783447],[30.714453,69.795703],[30.594531,69.789648],[30.484375,69.794873],[30.42832,69.722266],[30.397266,69.732812],[30.348828,69.83457],[30.237598,69.862207],[30.180078,69.841162],[30.155176,69.745947],[30.088281,69.717578],[29.990332,69.73667],[29.79209,69.727881],[29.694629,69.74458],[29.635938,69.780127],[29.620996,69.818213],[29.621387,69.874072],[29.646875,69.943701],[29.601367,69.976758],[28.804297,70.092529],[28.781152,70.14541],[29.925879,70.096484],[30.262988,70.124707],[30.468945,70.197852],[30.944141,70.274414],[30.960645,70.343848],[30.926367,70.401123],[30.595898,70.523682],[30.42207,70.547168],[30.213184,70.543311],[30.203027,70.562305],[30.237695,70.622168],[30.065137,70.702979],[29.959375,70.694385],[29.796484,70.642529],[29.7375,70.646826],[29.721973,70.668555],[29.639063,70.705029],[29.397656,70.734131],[29.321094,70.761475],[29.218555,70.829932],[29.102344,70.860742],[28.831543,70.863965],[28.749805,70.841504],[28.609375,70.759668],[28.484766,70.618799],[28.437305,70.501367],[28.309863,70.443066],[28.280078,70.403418],[28.192969,70.248584],[28.166016,70.287646],[28.166016,70.3604],[28.191016,70.440186],[28.202734,70.576904],[28.271777,70.667969],[28.215625,70.704346],[27.998828,70.664258],[27.898047,70.67793],[27.950977,70.717578],[28.271875,70.797949],[28.326855,70.825195],[28.382715,70.869434],[28.392285,70.975293],[28.141699,71.043018],[27.815039,71.059375],[27.733496,71.080859],[27.59707,71.091309],[27.331641,70.996729],[27.235254,70.947217],[27.269043,70.91001],[27.555664,70.827393],[27.546484,70.804004],[27.309375,70.803564],[27.183691,70.744043],[27.147266,70.681201],[27.071289,70.608447],[26.989355,70.511377],[26.666113,70.42168],[26.585059,70.41001],[26.583984,70.453809],[26.601172,70.503467],[26.628125,70.550879],[26.644629,70.63623],[26.558203,70.669141],[26.675488,70.740967],[26.733984,70.853564],[26.661328,70.939746],[26.506934,70.912793],[26.230859,70.782617],[25.988086,70.625391],[25.470508,70.340576],[25.418848,70.235498],[25.211816,70.136475],[25.043848,70.109033],[24.982715,70.143994],[24.994238,70.218213],[25.146387,70.324023],[25.209277,70.489404],[25.273535,70.552393],[25.468262,70.671973],[25.665625,70.777148],[25.781445,70.816797],[25.768164,70.853174],[25.711914,70.869727],[25.649707,70.87334],[25.569824,70.900684],[25.435938,70.911865],[25.375586,70.891943],[25.325391,70.849414],[25.264648,70.843506],[25.171191,70.872021],[25.042188,70.928613],[24.831641,70.978027],[24.764746,71.008447],[24.658008,71.001025],[24.441797,70.891553],[24.263477,70.826318],[24.268164,70.772705],[24.403516,70.745312],[24.42002,70.702002],[24.355566,70.69458],[24.285547,70.662402],[24.038477,70.485352],[23.897168,70.47876],[23.66123,70.399756],[23.379395,70.247461],[23.329102,70.207227],[23.286035,70.104834],[23.310254,70.063574],[23.400195,70.019775],[23.353906,69.983398],[23.25791,69.993311],[23.176953,70.029053],[23.046484,70.101855],[22.982813,70.236768],[22.941211,70.30498],[22.85166,70.340479],[22.68457,70.374756],[22.421191,70.337598],[22.384766,70.277734],[22.321973,70.264502],[22.219434,70.30918],[22.054395,70.275977],[21.995508,70.293359],[21.780273,70.229883],[21.53877,70.257666],[21.355762,70.233398],[21.346289,70.208252],[21.400391,70.174463],[21.607813,70.098193],[21.802734,70.066064],[21.892578,70.004248],[21.974707,69.83457],[21.931738,69.814697],[21.77959,69.887451],[21.590234,69.938037],[21.43291,70.013184],[21.253711,70.003223],[21.163086,69.889502],[21.032129,69.887451],[20.971094,69.916016],[20.840332,69.907324],[20.62207,69.913916],[20.545996,69.851074],[20.532715,69.692334],[20.5625,69.632812],[20.661523,69.584717],[20.742578,69.534521],[20.739453,69.520508],[20.486719,69.54209],[20.197656,69.370947],[20.107227,69.341211],[20.054492,69.332666],[20.04375,69.355664],[20.277148,69.53584],[20.338184,69.61665],[20.332715,69.676953],[20.387207,69.867627],[20.355176,69.921924],[20.324219,69.945312],[20.223047,69.927197],[20.146387,69.896729],[20.068945,69.883447],[19.960547,69.824609],[19.864648,69.722119],[19.736816,69.503809],[19.641504,69.424023],[19.639746,69.503809],[19.695996,69.612939],[19.722461,69.781641],[19.687012,69.804736],[19.197266,69.747852],[19.038379,69.6604],[19.011328,69.62373],[19.006836,69.587695],[18.991113,69.561133],[18.882812,69.52334],[18.766602,69.517041],[18.674023,69.520361],[18.614453,69.490576],[18.624414,69.434375],[18.75,69.378418],[18.915918,69.335596],[18.858984,69.314453],[18.645508,69.321875],[18.482617,69.364844],[18.378711,69.439844],[18.293164,69.475098],[18.259766,69.470605],[18.1875,69.433105],[18.078711,69.325244],[18.075391,69.232617],[18.11748,69.181201],[18.101465,69.156299],[17.70459,69.100049],[17.546289,69.001123],[17.490039,68.87876],[17.39082,68.799365],[17.131152,68.693457],[16.884668,68.6854],[16.651855,68.625781],[16.579883,68.592676],[16.514355,68.532568],[16.525293,68.490674],[16.584863,68.466455],[17.202344,68.459277],[17.426172,68.481934],[17.480176,68.474316],[17.502344,68.461084],[17.571191,68.447461],[17.552832,68.42627],[17.478516,68.426318],[17.336133,68.410352],[17.094043,68.368408],[16.951367,68.354687],[16.864941,68.355273],[16.618848,68.406299],[16.387891,68.389551],[16.203809,68.316748],[16.174805,68.28125],[16.259766,68.144531],[16.319238,68.101758],[16.391992,68.091602],[16.372168,68.061816],[16.308691,68.035645],[16.258594,68.001221],[16.312305,67.881445],[16.260742,67.886572],[16.120801,68.027344],[16.064551,68.199902],[16.038086,68.218164],[16.00791,68.228711],[15.85127,68.182178],[15.656641,68.164355],[15.486816,68.102832],[15.316016,68.06875],[15.292871,68.036475],[15.356934,68.003613],[15.605762,67.987891],[15.621387,67.948291],[15.506641,67.926221],[15.400879,67.919629],[15.274414,67.960938],[15.134277,67.972705],[15.048438,67.955762],[14.798926,67.809326],[14.821094,67.749854],[14.781348,67.674902],[14.854688,67.66333],[15.04082,67.682568],[15.303906,67.765283],[15.345801,67.734424],[15.284082,67.707959],[15.218652,67.655371],[15.24873,67.602148],[15.354004,67.543945],[15.487305,67.514795],[15.661328,67.542822],[15.691504,67.521387],[15.575684,67.443848],[15.594434,67.348535],[15.55293,67.351758],[15.465332,67.450928],[15.409375,67.47417],[15.28916,67.483154],[15.120508,67.555029],[14.961914,67.574268],[14.75498,67.499023],[14.578516,67.386035],[14.536621,67.339746],[14.44834,67.297852],[14.441699,67.271387],[14.479297,67.255957],[14.581543,67.267432],[14.824414,67.268311],[15.300098,67.256934],[15.434766,67.24668],[15.415723,67.202441],[14.775586,67.194482],[14.600684,67.173877],[14.472656,67.142676],[14.340332,67.158936],[14.205566,67.11123],[14.108789,67.119238],[14.022363,67.073096],[13.880176,66.964893],[13.808398,66.960791],[13.72666,66.938037],[13.651563,66.90708],[13.704102,66.85166],[13.916992,66.819385],[13.959473,66.794336],[13.787988,66.782471],[13.621094,66.794824],[13.520215,66.74165],[13.450391,66.715527],[13.311816,66.701855],[13.211426,66.64082],[13.191602,66.537158],[13.104688,66.539404],[13.068164,66.430811],[13.118848,66.230664],[13.352051,66.236719],[13.416406,66.252588],[13.498926,66.251904],[13.681348,66.273584],[13.973145,66.319727],[14.03418,66.297559],[13.91582,66.247363],[13.759668,66.221045],[13.674414,66.17998],[13.387109,66.182764],[12.783789,66.100439],[12.794922,66.069092],[12.976074,66.019189],[13.033105,65.95625],[12.983008,65.941602],[12.816797,65.952881],[12.688867,65.902197],[12.627734,65.806152],[12.344824,65.630176],[12.272852,65.568164],[12.20625,65.48623],[12.122168,65.362354],[12.133887,65.27915],[12.199609,65.245459],[12.263379,65.256104],[12.333984,65.240723],[12.363867,65.193311],[12.417578,65.184082],[12.511719,65.195312],[12.715332,65.266357],[12.819824,65.31748],[12.915527,65.339258],[12.738379,65.214404],[12.508398,65.099414],[12.306543,65.085986],[12.226562,65.145361],[12.159668,65.178955],[11.489355,64.97583],[11.349902,64.905908],[11.303516,64.829395],[11.296777,64.754785],[11.39248,64.772998],[11.561719,64.818262],[11.63291,64.813916],[11.523828,64.744385],[11.331348,64.685937],[11.225391,64.679492],[11.09043,64.614551],[10.932324,64.577734],[10.833984,64.494482],[10.565625,64.418311],[10.23623,64.179639],[10.009961,64.083154],[9.939453,63.981738],[9.864453,63.917822],[9.708008,63.864893],[9.614746,63.794824],[9.567285,63.706152],[9.594629,63.678955],[9.657227,63.697314],[9.76748,63.699512],[9.832324,63.616504],[9.892773,63.576221],[9.924023,63.521777],[10.055078,63.512695],[10.33916,63.571045],[10.934863,63.770215],[11.047266,63.845215],[10.966699,63.901562],[10.914258,63.921094],[11.075195,63.988135],[11.213574,64.030518],[11.306641,64.048877],[11.429199,64.024512],[11.457617,64.002979],[11.294629,63.948193],[11.175586,63.898877],[11.213867,63.878125],[11.307617,63.875732],[11.347949,63.837695],[11.370703,63.804834],[11.225781,63.763818],[11.117871,63.719189],[10.952539,63.698193],[10.779199,63.651172],[10.725293,63.625],[10.673633,63.558008],[10.706738,63.536328],[10.760156,63.461279],[10.704492,63.463574],[10.590918,63.447217],[10.340039,63.469336],[10.188574,63.454785],[10.080566,63.432715],[10.020996,63.39082],[9.979199,63.395264],[9.936035,63.478857],[9.891504,63.492041],[9.832227,63.52417],[9.696875,63.624561],[9.602246,63.60957],[9.520703,63.585693],[9.323633,63.570361],[9.156055,63.459326],[9.08418,63.463428],[9.075879,63.500391],[9.158105,63.56626],[9.13584,63.593652],[8.842383,63.645898],[8.673633,63.622607],[8.576172,63.601172],[8.398145,63.535107],[8.360742,63.498877],[8.386523,63.445264],[8.480176,63.42417],[8.59375,63.426123],[8.641016,63.39209],[8.635547,63.342334],[8.580176,63.313379],[8.271484,63.286572],[8.184473,63.236523],[8.158008,63.161523],[8.235156,63.082178],[8.338574,63.042187],[8.60918,62.880566],[8.623145,62.84624],[8.310547,62.965527],[8.211133,62.995508],[8.100586,63.090967],[7.860352,63.112793],[7.736035,63.103857],[7.654297,63.10918],[7.571875,63.099512],[7.389063,63.023291],[7.008496,62.957666],[6.94043,62.930469],[6.928223,62.902734],[6.781543,62.789648],[6.734961,62.720703],[6.77998,62.700732],[7.024902,62.728809],[7.11084,62.752002],[7.24209,62.752344],[7.408398,62.711768],[8.045508,62.77124],[8.095508,62.731836],[7.804688,62.720996],[7.538379,62.67207],[7.518164,62.645508],[7.527441,62.610303],[7.690723,62.585596],[7.653125,62.564014],[7.570117,62.548193],[7.491797,62.542822],[7.283789,62.602295],[6.961133,62.626758],[6.744629,62.637891],[6.618359,62.621289],[6.439453,62.609668],[6.35293,62.611133],[6.272852,62.583838],[6.2375,62.519922],[6.164746,62.482422],[6.118457,62.447168],[6.136133,62.407471],[6.261719,62.416309],[6.457129,62.448096],[6.692383,62.468066],[6.62002,62.423291],[6.580078,62.407275],[6.208984,62.352783],[6.083496,62.349609],[6.025586,62.375684],[5.979785,62.407129],[5.908301,62.416016],[5.796289,62.384668],[5.718164,62.378906],[5.533301,62.310889],[5.484277,62.239111],[5.422363,62.207373],[5.357715,62.151709],[5.293848,62.153906],[5.240918,62.188672],[5.143164,62.159912],[5.096484,62.02666],[5.15957,61.956982],[5.266895,61.935596],[5.473047,61.945605],[5.664453,61.9229],[6.131152,61.852441],[6.395898,61.850977],[6.682324,61.887012],[6.730762,61.869775],[6.466699,61.807422],[6.01582,61.7875],[5.793262,61.8271],[5.465332,61.896924],[5.116992,61.8854],[4.985059,61.900439],[4.930078,61.87832],[4.910352,61.80957],[4.927832,61.710693],[4.99668,61.645215],[5.099414,61.620166],[5.167578,61.543359],[5.267578,61.505029],[5.338672,61.485498],[5.258301,61.455469],[5.172461,61.457129],[5.002734,61.433594],[4.989941,61.377686],[5.02168,61.250586],[5.106738,61.187549],[5.324609,61.108252],[5.45127,61.102344],[5.646777,61.147607],[6.08252,61.167285],[6.383496,61.133887],[6.492578,61.15459],[6.543066,61.244531],[6.599902,61.289648],[6.625879,61.279297],[6.610254,61.229102],[6.657031,61.206592],[6.794336,61.190381],[6.942578,61.160547],[7.173535,61.165967],[7.275977,61.180957],[7.298047,61.213623],[7.27627,61.283936],[7.331152,61.372021],[7.442578,61.434619],[7.452539,61.419238],[7.346582,61.300586],[7.403906,61.222168],[7.604492,61.210547],[7.54502,61.177148],[7.040137,61.091162],[7.04668,61.015283],[7.07793,60.966309],[7.038672,60.95293],[6.980566,60.994141],[6.97207,61.055957],[6.903418,61.102148],[6.777832,61.142432],[6.609863,61.137012],[6.417969,61.084277],[6.292578,61.080957],[5.983984,61.117334],[5.505273,61.056104],[5.288184,61.047168],[5.19248,61.053711],[5.09541,61.071338],[5.008594,61.038184],[5.024609,60.936133],[5.010742,60.858545],[5.049121,60.70752],[5.11582,60.635986],[5.244043,60.56958],[5.447363,60.617334],[5.589355,60.694287],[5.64834,60.687988],[5.546484,60.624561],[5.168164,60.484814],[5.137109,60.445605],[5.183594,60.308398],[5.28584,60.205713],[5.417383,60.154102],[5.573828,60.158496],[5.657617,60.154102],[5.688574,60.123193],[5.494531,60.070312],[5.376465,60.067236],[5.26543,60.086475],[5.205664,60.087939],[5.174414,60.045703],[5.219531,59.97876],[5.187109,59.90708],[5.119238,59.833691],[5.104883,59.731689],[5.110742,59.667822],[5.145801,59.638818],[5.186035,59.642285],[5.234473,59.691797],[5.263867,59.709766],[5.353418,59.760107],[5.494531,59.825586],[5.557031,59.907764],[5.698828,60.01001],[5.800879,60.026221],[5.876563,60.07002],[5.904395,60.150635],[5.967383,60.205566],[6.101758,60.290137],[6.15332,60.34624],[6.346973,60.419092],[6.806348,60.500781],[6.995703,60.511963],[6.949707,60.478223],[6.787109,60.454102],[6.719922,60.418164],[6.660938,60.367236],[6.526855,60.15293],[6.526367,60.213623],[6.573633,60.360596],[6.518066,60.407568],[6.34873,60.352979],[6.140527,60.233496],[6.105176,60.165137],[6.111816,60.13208],[6.069922,60.083496],[5.996484,60.031494],[5.783594,59.912793],[5.730469,59.863086],[5.763477,59.80791],[5.833984,59.794678],[5.966699,59.813184],[6.059277,59.815576],[6.211914,59.831787],[6.216602,59.818359],[5.991016,59.744678],[5.867285,59.733984],[5.772168,59.660938],[5.579492,59.686621],[5.529688,59.713086],[5.472461,59.713086],[5.403516,59.655762],[5.304883,59.642578],[5.242188,59.564307],[5.185059,59.453662],[5.131641,59.226465],[5.173242,59.162549],[5.362305,59.166357],[5.467578,59.203809],[5.564063,59.291211],[5.657324,59.310254],[5.717969,59.329834],[5.845215,59.353467],[6.017383,59.414453],[6.158594,59.489648],[6.278516,59.534521],[6.403906,59.560986],[6.415332,59.547119],[6.305664,59.505566],[6.198926,59.438086],[6.050684,59.368164],[5.951855,59.299072],[5.937305,59.233984],[5.968555,59.186133],[5.94873,59.135449],[5.88916,59.097949],[5.88916,59.060498],[6.016992,58.987695],[6.099414,58.951953],[6.321094,59.016455],[6.363281,59.000928],[6.21416,58.944678],[6.137305,58.874658],[6.099023,58.870264],[5.854297,58.959473],[5.612207,59.012891],[5.555566,58.975195],[5.522461,58.822656],[5.517285,58.726514],[5.585938,58.62041],[5.706836,58.523633],[5.976562,58.432324],[6.054688,58.375146],[6.389063,58.267969],[6.491504,58.259424],[6.617578,58.266406],[6.659863,58.262744],[6.676758,58.233789],[6.69248,58.224023],[6.605762,58.176367],[6.555078,58.123437],[6.590527,58.097314],[6.731445,58.068311],[6.766797,58.081543],[6.771094,58.132227],[6.802832,58.154541],[6.877051,58.150732],[6.912305,58.142871],[6.895313,58.120752],[6.890234,58.102295],[6.903418,58.070508],[7.004883,58.024219],[7.194141,58.047656],[7.465918,58.020947],[7.875586,58.07998],[8.037402,58.147266],[8.166113,58.145313],[8.312207,58.224463],[8.521387,58.300586],[8.928418,58.569971],[9.178125,58.675],[9.19375,58.711865],[9.238672,58.739014],[9.322949,58.747559],[9.395801,58.805664],[9.309961,58.856836],[9.551074,58.933008],[9.618457,58.946045],[9.656934,58.971191],[9.696094,59.009717],[9.627148,59.06792],[9.557227,59.112695],[9.635156,59.117773],[9.800195,59.027051],[9.842578,58.958496],[9.95957,58.968213],[10.083105,59.028809],[10.179395,59.009277],[10.205176,59.038672],[10.243164,59.062061],[10.431348,59.279639],[10.45459,59.37749],[10.446387,59.443604],[10.407129,59.455664],[10.398145,59.519336],[10.49375,59.541504],[10.569531,59.587109],[10.533887,59.695801],[10.595313,59.764551],[10.604492,59.680029],[10.634375,59.60249],[10.631055,59.428174],[10.644922,59.389209],[10.742578,59.295996],[10.834473,59.183936],[10.94502,59.17085],[10.998926,59.164453],[11.09082,59.141797],[11.132129,59.143213],[11.365918,59.104541],[11.386426,59.065723],[11.388281,59.036523],[11.295313,59.086865],[11.195801,59.078271],[11.166895,59.045557],[11.147168,58.988623],[11.169141,58.922705],[11.20791,58.866406],[11.223828,58.679932],[11.271582,58.475635],[11.252051,58.424072],[11.248242,58.369141],[11.32998,58.380322],[11.431543,58.33999],[11.449316,58.118359],[11.549023,58.001221],[11.703223,57.973193],[11.729102,57.764453],[11.734961,57.717676],[11.878711,57.679443],[11.885059,57.612695],[11.916992,57.521924],[11.961523,57.426074],[12.053223,57.446973],[12.151855,57.226953],[12.421484,56.906396],[12.572656,56.823291],[12.717578,56.662842],[12.793164,56.64917],[12.883691,56.617725],[12.919531,56.515576],[12.857422,56.452393],[12.773145,56.455762],[12.656445,56.440576],[12.691113,56.384424],[12.742188,56.346875],[12.80166,56.263916],[12.752832,56.242139],[12.706348,56.23501],[12.507031,56.292969],[12.471191,56.290527],[12.520996,56.245557],[12.592578,56.137598],[12.83457,55.881836],[12.941992,55.806055],[12.973926,55.748145],[12.978027,55.693799],[12.963379,55.612598],[12.93877,55.533203],[12.940625,55.481592],[12.88584,55.411377],[13.321387,55.346387],[13.806348,55.428564],[14.07998,55.392187],[14.17373,55.396631],[14.341699,55.527734],[14.276465,55.636377],[14.20293,55.72915],[14.215039,55.832617],[14.261914,55.887549],[14.401953,55.976758],[14.473242,56.014355],[14.558594,56.048633],[14.655566,56.019922],[14.754785,56.033154],[14.713965,56.134131],[14.782031,56.161914],[15.051172,56.172217],[15.326563,56.15083],[15.509668,56.183008],[15.626563,56.185596],[15.722266,56.164209],[15.82666,56.124951],[15.920313,56.167383],[15.99668,56.222607],[16.150684,56.50083],[16.216504,56.58999],[16.34873,56.709277],[16.407813,56.808691],[16.45752,56.926807],[16.52793,57.068164],[16.507324,57.141699],[16.479492,57.187695],[16.475977,57.265137],[16.630859,57.430176],[16.652246,57.500684],[16.604199,57.568311],[16.583789,57.641748],[16.58623,57.760937],[16.555371,57.812256],[16.596973,57.912891],[16.694922,57.917529],[16.700098,58.160791],[16.769922,58.214258],[16.716602,58.302881],[16.651953,58.434326],[16.824316,58.459619],[16.923828,58.492578],[16.788477,58.585254],[16.683008,58.599658],[16.478027,58.612891],[16.39082,58.601855],[16.318066,58.62832],[16.214258,58.63667],[16.31582,58.663623],[16.639355,58.651172],[16.978125,58.65415],[17.102832,58.71084],[17.347656,58.780518],[17.456738,58.858398],[17.669629,58.916211],[17.76543,58.965039],[17.829004,58.95459],[17.974609,59.002637],[18.098145,59.062305],[18.285352,59.109375],[18.321973,59.132227],[18.373047,59.179736],[18.414258,59.290332],[18.498633,59.291943],[18.617578,59.327051],[18.560254,59.394482],[18.508887,59.407959],[18.45918,59.396729],[18.395801,59.368604],[18.336035,59.375342],[18.270508,59.367139],[18.210547,59.331445],[18.132617,59.316211],[17.979785,59.329053],[17.964258,59.359375],[18.163574,59.430371],[18.216895,59.420508],[18.276465,59.437646],[18.338086,59.476855],[18.402441,59.490381],[18.578125,59.565771],[18.639941,59.600928],[18.71875,59.657373],[18.895605,59.732959],[18.970508,59.757227],[18.99043,59.827783],[18.933203,59.942285],[18.884277,59.980176],[18.852734,60.025879],[18.787012,60.079492],[18.601172,60.119238],[18.535449,60.152881],[18.55752,60.253564],[18.4,60.337109],[18.250488,60.361523],[18.1625,60.40791],[18.011328,60.511426],[17.955762,60.589795],[17.871582,60.580078],[17.742188,60.539307],[17.661133,60.535156],[17.630762,60.585254],[17.593066,60.627686],[17.555469,60.642725],[17.457031,60.641797],[17.359863,60.64082],[17.250977,60.700781],[17.26123,60.763184],[17.278906,60.812158],[17.20293,60.951855],[17.212891,60.98584],[17.185742,61.146533],[17.179785,61.249268],[17.163867,61.278271],[17.199609,61.311963],[17.17793,61.357617],[17.137988,61.381689],[17.164258,61.458301],[17.146582,61.504639],[17.130762,61.575732],[17.215625,61.656348],[17.196387,61.724561],[17.33457,61.691699],[17.46543,61.684473],[17.417285,61.740674],[17.398242,61.78208],[17.374512,61.866309],[17.412012,61.966113],[17.446582,62.022656],[17.510156,62.166309],[17.562891,62.212305],[17.633691,62.233008],[17.535254,62.263672],[17.429004,62.334717],[17.37334,62.426514],[17.378418,62.462793],[17.410254,62.508398],[17.508984,62.48252],[17.570605,62.451025],[17.646387,62.450879],[17.717773,62.500879],[17.834473,62.502734],[17.94707,62.578467],[18.037305,62.600537],[18.006543,62.62627],[17.930469,62.640625],[17.903027,62.659473],[17.940723,62.679883],[17.974414,62.721045],[17.93291,62.786133],[17.895605,62.830518],[17.87959,62.873193],[17.906641,62.886768],[17.951074,62.833887],[18.093555,62.836035],[18.07793,62.811963],[18.074414,62.790674],[18.17002,62.789355],[18.214941,62.812207],[18.248047,62.849072],[18.463086,62.89585],[18.482617,62.92832],[18.486914,62.958594],[18.502051,62.988867],[18.312891,62.996387],[18.344238,63.032129],[18.407715,63.0375],[18.530664,63.063525],[18.577637,63.126416],[18.606445,63.178271],[18.667188,63.176563],[18.75957,63.198242],[18.819434,63.197266],[18.858984,63.206592],[18.850195,63.224121],[18.792285,63.238135],[18.816699,63.257471],[19.034375,63.237744],[19.236328,63.347363],[19.288086,63.42876],[19.354297,63.47749],[19.494629,63.424365],[19.490918,63.460205],[19.502344,63.509033],[19.590039,63.487256],[19.655762,63.458008],[19.72207,63.46333],[19.781641,63.538184],[19.913672,63.610547],[20.204688,63.662451],[20.371387,63.7229],[20.453711,63.77373],[20.677637,63.82627],[20.762695,63.867822],[21.018457,64.177979],[21.255762,64.29917],[21.465039,64.37959],[21.494336,64.416113],[21.519629,64.463086],[21.393848,64.544336],[21.331543,64.629346],[21.279297,64.724707],[21.20498,64.774316],[21.138184,64.808691],[21.195898,64.876904],[21.29375,64.94126],[21.424902,65.012695],[21.573926,65.125781],[21.580664,65.160791],[21.545996,65.206982],[21.506348,65.245361],[21.437793,65.282959],[21.410352,65.317432],[21.446875,65.32085],[21.566895,65.254541],[21.60918,65.261377],[21.612695,65.299121],[21.595996,65.316553],[21.545215,65.331152],[21.523438,65.358594],[21.532617,65.386572],[21.565527,65.408105],[21.680664,65.403369],[21.87959,65.424023],[21.913477,65.437109],[21.95,65.470361],[21.903125,65.50835],[21.920117,65.532373],[22.086719,65.530225],[22.147559,65.552881],[22.132812,65.570117],[22.096289,65.583789],[22.08623,65.610938],[22.254004,65.597559],[22.266602,65.621533],[22.275,65.725],[22.287598,65.750635],[22.335938,65.791162],[22.366309,65.842676],[22.400977,65.862109],[22.465137,65.852637],[22.538574,65.794336],[22.620313,65.806543],[22.746582,65.870947],[22.919336,65.786475],[23.102344,65.735352],[23.15459,65.749902],[23.221094,65.786133],[23.418359,65.804346],[23.59209,65.805322],[23.691406,65.828516],[23.890527,65.782227],[24.155469,65.805273],[24.2375,65.812354],[24.404297,65.780469],[24.532617,65.822021],[24.591602,65.85835],[24.628027,65.85918],[24.623242,65.831689],[24.581543,65.757129],[24.674902,65.670703],[24.764258,65.656396],[24.839355,65.660352],[25.241797,65.546289],[25.347852,65.479248],[25.30791,65.352734],[25.297852,65.243213],[25.255859,65.143262],[25.340234,65.098633],[25.362305,65.065137],[25.372656,65.009473],[25.271094,64.984277],[25.228027,64.951025],[25.280762,64.916406],[25.288184,64.860352],[25.214258,64.853467],[25.134277,64.875195],[24.942188,64.884033],[24.747559,64.8521],[24.657617,64.806299],[24.55791,64.801025],[24.530176,64.738672],[24.440625,64.680127],[24.27832,64.515283],[24.022266,64.385986],[23.924805,64.274121],[23.861426,64.258252],[23.65293,64.13418],[23.598926,64.040918],[23.493945,64.034473],[23.24873,63.896143],[23.133594,63.864941],[23.014453,63.821826],[22.75625,63.68335],[22.532324,63.647852],[22.527637,63.57998],[22.398047,63.491162],[22.318652,63.504395],[22.312598,63.472559],[22.345996,63.442383],[22.273242,63.454785],[22.243262,63.437939],[22.285547,63.377197],[22.316211,63.345654],[22.319727,63.310449],[22.120313,63.244141],[21.895703,63.210254],[21.800391,63.237695],[21.545117,63.204297],[21.549219,63.155518],[21.568652,63.113721],[21.650977,63.039307],[21.473535,63.033252],[21.45752,62.95],[21.195703,62.790527],[21.143848,62.73999],[21.118164,62.689258],[21.103613,62.622949],[21.142188,62.514795],[21.165625,62.414062],[21.323438,62.342578],[21.343359,62.277393],[21.353711,62.223828],[21.30166,62.112646],[21.255957,61.989648],[21.384863,61.914941],[21.470508,61.81167],[21.545605,61.702734],[21.551855,61.666846],[21.605957,61.591553],[21.598047,61.577881],[21.592383,61.568213],[21.522461,61.567139],[21.498242,61.551953],[21.52666,61.523291],[21.552344,61.509521],[21.565039,61.484326],[21.506641,61.484326],[21.501758,61.45498],[21.521191,61.41084],[21.513477,61.281201],[21.479102,61.170508],[21.450977,61.127148],[21.377734,61.059229],[21.360547,60.96748],[21.378906,60.850049],[21.404004,60.767432],[21.411914,60.696826],[21.410645,60.636963],[21.436035,60.596387],[21.527832,60.57041],[21.613281,60.530957],[21.727148,60.58291],[21.805273,60.594141],[21.854297,60.50542],[21.933984,60.500293],[22.25791,60.400928],[22.520508,60.376562],[22.560352,60.38501],[22.584961,60.380566],[22.575879,60.359082],[22.512305,60.281348],[22.516699,60.262744],[22.587988,60.255664],[22.589941,60.228369],[22.564258,60.205518],[22.512988,60.198926],[22.469727,60.201318],[22.442676,60.156885],[22.471094,60.146973],[22.438574,60.090283],[22.438574,60.072266],[22.462695,60.029199],[22.646191,60.028027],[22.697363,60.037598],[22.749805,60.057275],[22.793457,60.076807],[22.819141,60.101367],[22.844434,60.186621],[22.86709,60.21582],[22.911719,60.209717],[22.994141,60.098535],[23.080176,60.047266],[23.148438,60.041309],[23.198438,60.021826],[23.188477,59.972217],[23.115723,59.912695],[23.009766,59.868799],[22.963867,59.826367],[23.021289,59.816016],[23.181445,59.844922],[23.326758,59.925781],[23.463574,59.98623],[23.592676,59.968164],[23.721777,59.965674],[24.025195,60.00918],[24.342578,60.042334],[24.445605,60.021289],[24.517969,60.046289],[24.600488,60.114258],[24.84873,60.15835],[24.957617,60.157471],[25.155859,60.194092],[25.267871,60.24834],[25.455762,60.26123],[25.548242,60.30249],[25.656445,60.333203],[25.71543,60.267432],[25.758008,60.267529],[25.845801,60.3146],[25.945898,60.346777],[26.03584,60.341504],[26.040234,60.371582],[26.00625,60.425293],[25.955957,60.474219],[26.036035,60.474902],[26.204688,60.406592],[26.377734,60.424072],[26.456445,60.466797],[26.495801,60.551807],[26.569336,60.624561],[26.606445,60.62793],[26.601758,60.595605],[26.551172,60.545996],[26.519727,60.471582],[26.534668,60.412891],[26.607422,60.437695],[26.721484,60.455078],[26.951172,60.471484],[27.075586,60.525146],[27.205273,60.543457],[27.241895,60.538672],[27.462402,60.464844],[27.525098,60.490771],[27.669336,60.498975],[27.761621,60.532861],[27.797656,60.536133],[28.179297,60.570996],[28.512793,60.677295],[28.577832,60.652539],[28.650586,60.610986],[28.640332,60.542871],[28.622461,60.491602],[28.491602,60.540137],[28.522266,60.482959],[28.643164,60.375293],[28.812695,60.331543],[29.069141,60.191455],[29.37041,60.175928],[29.569336,60.201855],[29.721191,60.195312],[29.872266,60.12085],[29.976758,60.026367],[30.059961,60.002588],[30.172656,59.957129],[30.156836,59.904297],[30.122559,59.873584],[29.669727,59.955664],[29.147266,59.999756],[29.079102,59.960986],[29.013379,59.901562],[28.981543,59.854785],[28.947266,59.82876],[28.866895,59.811914],[28.747656,59.806689],[28.603906,59.818066],[28.518164,59.849561],[28.453906,59.814258],[28.42373,59.734082],[28.33457,59.692529],[28.2125,59.724658],[28.131152,59.786523],[28.058008,59.781543],[28.013965,59.724756],[28.046289,59.647168],[28.063965,59.554004],[28.0125,59.484277],[28.001855,59.469824],[27.892578,59.414209],[27.33584,59.450488],[26.974707,59.450635],[26.852051,59.471777],[26.625,59.553906],[26.46084,59.553906],[25.79375,59.634668],[25.615723,59.627539],[25.509277,59.639014],[25.507422,59.597998],[25.520898,59.559473],[25.44375,59.521143],[24.877539,59.52207],[24.583594,59.455664],[24.380371,59.472656],[24.175391,59.375928],[24.053613,59.372314],[24.083398,59.291895],[23.78252,59.275146],[23.640527,59.242334],[23.494434,59.195654],[23.516992,59.107568],[23.480176,59.069678],[23.467773,59.032178],[23.515039,58.999219],[23.489648,58.960498],[23.432031,58.920654],[23.497168,58.819531],[23.503613,58.789844],[23.533594,58.781934],[23.680762,58.787158],[23.647461,58.75415],[23.530664,58.71626],[23.509277,58.658545],[23.562793,58.57583],[23.691504,58.505615],[23.706055,58.433008],[23.767578,58.36084],[24.010938,58.306641],[24.114844,58.266113],[24.235645,58.289551],[24.287207,58.328027],[24.336914,58.381396],[24.392188,58.386084],[24.529102,58.354248],[24.549707,58.30459],[24.535742,58.283008],[24.4875,58.261621],[24.463867,58.105957],[24.332031,57.909766],[24.322559,57.870605],[24.301563,57.784131],[24.362988,57.645312],[24.403223,57.325],[24.382617,57.250049],[24.28125,57.172314],[24.054297,57.066113],[23.931152,57.008496],[23.647754,56.971045],[23.287305,57.089746],[23.136816,57.323828],[23.037793,57.39209],[22.648633,57.595361],[22.616992,57.651172],[22.55459,57.724268],[22.231445,57.666797],[21.942383,57.597852],[21.728711,57.570996],[21.45918,57.322461],[21.421484,57.23584],[21.405078,57.131006],[21.350781,57.017676],[21.257422,56.932764],[21.071289,56.82373],[21.031445,56.636572],[21.014941,56.258936],[21.046094,56.070068],[21.053809,56.022949],[21.061914,55.813428],[21.171094,55.617725],[21.237891,55.455029],[21.201074,55.343799],[21.236328,55.271191],[21.222852,55.107764],[21.188867,54.935205],[20.995898,54.902686],[20.8875,54.909473],[20.774023,54.947021],[20.677734,54.955664],[20.594824,54.982373],[20.859375,55.183643],[21.031738,55.350488],[21.103906,55.487744],[21.115723,55.568164],[21.114844,55.616504],[21.087891,55.583105],[21.057617,55.476807],[21.014063,55.401953],[20.899805,55.28667],[20.845703,55.232031],[20.678906,55.102637],[20.520313,54.994873],[20.39668,54.95127],[20.107617,54.956494],[19.974512,54.921191],[19.953223,54.830469],[19.944141,54.75],[19.858887,54.633838],[19.758496,54.544824],[19.604395,54.45918],[19.560156,54.434619],[19.407129,54.386084],[18.97627,54.348926],[18.836426,54.36958],[18.669629,54.430908],[18.587109,54.512891],[18.43623,54.744727],[18.501563,54.741504],[18.67832,54.665283],[18.799609,54.63335],[18.759277,54.68457],[18.535156,54.769434],[18.323438,54.838184],[18.085645,54.83584],[17.842969,54.816699],[17.261914,54.729541],[17.007031,54.651855],[16.885449,54.596387],[16.559766,54.553809],[16.375586,54.436865],[16.292285,54.361621],[16.239355,54.333057],[16.186328,54.290381],[16.042773,54.266357],[15.9,54.253955],[15.288379,54.139893],[14.715723,54.018311],[14.38418,53.924707],[14.249316,53.931934],[14.211426,53.950342],[14.038867,54.03457],[13.827734,54.127246],[13.82041,54.092822],[13.827148,54.05957],[13.872461,54.036279],[13.92168,53.996631],[13.902148,53.938965],[13.925781,53.879053],[14.04834,53.863086],[14.172168,53.874365],[14.350879,53.85874],[14.558398,53.823193],[14.564941,53.753516],[14.552148,53.707324],[14.571582,53.675879],[14.583496,53.639355],[14.487598,53.671875],[14.25,53.731885],[14.025,53.767432],[13.950391,53.801367],[13.865527,53.853369],[13.822266,54.019043],[13.724219,54.153223],[13.448047,54.140869],[13.147461,54.282715],[13.028613,54.411035],[12.898047,54.422656],[12.779102,54.445703],[12.575391,54.467383],[12.378516,54.347021],[12.296289,54.283789],[12.168652,54.225879],[12.111328,54.168311],[11.796289,54.145459],[11.700586,54.113525],[11.461133,53.964746],[11.399609,53.944629],[11.104297,54.00918],[10.917773,53.995312],[10.85459,54.009814],[10.810742,54.075146],[11.008594,54.181152],[11.064355,54.280518],[11.013379,54.37915],[10.955957,54.375684],[10.731543,54.31626],[10.360449,54.43833],[10.212402,54.408936],[10.170801,54.450195],[10.143457,54.488428],[9.868652,54.472461],[9.941309,54.514648],[10.028809,54.581299],[10.022168,54.673926],[9.953809,54.738281],[9.892285,54.780615],[9.745898,54.807178],[9.705273,54.92832],[9.732324,54.968018],[9.688184,55.000146],[9.64541,55.022803],[9.572363,55.040527],[9.453711,55.039551],[9.504785,55.11626],[9.643262,55.204736],[9.670996,55.266406],[9.640234,55.343652],[9.625586,55.413574],[9.591113,55.493213],[9.661426,55.557471],[9.773242,55.608154],[9.810352,55.650977],[9.899023,55.707568],[9.999023,55.735547],[10.023633,55.761426],[9.962012,55.813086],[9.903711,55.842822],[10.017383,55.876074],[10.107324,55.874463],[10.159375,55.853809],[10.183008,55.865186],[10.22666,56.005371],[10.31875,56.212891],[10.37373,56.251562],[10.426953,56.276172],[10.538965,56.200342],[10.621191,56.2021],[10.753418,56.241992],[10.856445,56.295508],[10.894434,56.359033],[10.926172,56.443262],[10.882812,56.492871],[10.845898,56.521729],[10.490234,56.520508],[10.383594,56.554834],[10.282715,56.620508],[10.29668,56.780908],[10.287012,56.822949],[10.296094,56.999121],[10.338477,57.021338],[10.436914,57.172266],[10.524121,57.243213],[10.517578,57.379346],[10.537109,57.448535],[10.444629,57.562207],[10.460254,57.614551],[10.480957,57.648682],[10.609961,57.736914],[10.533301,57.7354],[10.259082,57.617041],[9.962305,57.580957],[9.815137,57.478418],[9.554297,57.232471],[9.433594,57.174316],[9.298828,57.146533],[9.036328,57.15542],[8.952246,57.150586],[8.811523,57.110059],[8.618555,57.111279],[8.427051,56.984424],[8.284082,56.852344],[8.266309,56.815332],[8.268262,56.754004],[8.34668,56.712109],[8.468359,56.664551],[8.603125,56.7104],[8.771973,56.725293],[8.876074,56.887256],[8.992773,57.016113],[9.110449,57.043652],[9.254883,57.011719],[9.209668,56.808398],[9.196387,56.70166],[9.140332,56.750439],[9.06709,56.793848],[8.994531,56.774805],[8.888086,56.735059],[8.736133,56.627441],[8.718066,56.544287],[8.67168,56.495654],[8.607617,56.514502],[8.55293,56.560303],[8.473145,56.56543],[8.281445,56.616699],[8.231738,56.618066],[8.163965,56.606885],[8.129883,56.321191],[8.121484,56.139893],[8.202344,55.982373],[8.181348,55.901172],[8.132129,55.599805],[8.345313,55.510303],[8.615918,55.418213],[8.651074,55.328564],[8.669824,55.155664],[8.572949,55.134277],[8.638281,55.045557],[8.661426,54.985937],[8.682324,54.791846],[8.789648,54.695947],[8.880957,54.593945],[8.957227,54.53833],[8.951855,54.467578],[8.831152,54.427539],[8.648047,54.397656],[8.625781,54.353955],[8.644922,54.294971],[8.736035,54.295215],[8.780371,54.313037],[8.851562,54.299561],[8.906641,54.260791],[8.903516,54.000293],[8.92041,53.965332],[8.978125,53.926221],[9.069629,53.900928],[9.216406,53.891211],[9.312012,53.859131],[9.63125,53.600195],[9.783984,53.554639],[9.673145,53.565625],[9.585352,53.600488],[9.321973,53.813477],[9.205566,53.855957],[8.897754,53.835693],[8.618945,53.875],[8.575586,53.838477],[8.528418,53.781104],[8.50625,53.670752],[8.538477,53.556885],[8.495215,53.394238],[8.492676,53.514355],[8.451367,53.551709],[8.333887,53.606201],[8.301563,53.584131],[8.279004,53.511182],[8.245215,53.445312],[8.200781,53.432422],[8.108496,53.467676],[8.16709,53.543408],[8.009277,53.690723],[7.629199,53.697266],[7.285254,53.681348],[7.206445,53.654541],[7.107129,53.556982],[7.074316,53.477637],[7.05332,53.37583],[7.152051,53.326953],[7.197266,53.282275],[7.058008,53.300586],[6.968164,53.327295],[6.912402,53.375391],[6.816211,53.441162],[6.563574,53.434277],[6.353223,53.415283],[6.062207,53.40708],[5.873535,53.375195],[5.532031,53.268701],[5.445996,53.214062],[5.358398,53.096484],[5.06123,52.960645],[4.887988,52.90835],[4.839063,52.928271],[4.76875,52.941309],[4.712695,52.872119],[4.67832,52.809766],[4.562109,52.442578],[4.482813,52.30918],[4.37627,52.196826],[4.208789,52.058984],[4.131738,52.011914],[4.084863,51.994092],[4.026074,51.927734],[3.978906,51.847803],[3.946875,51.810547],[4.13457,51.6729],[4.158008,51.633447],[4.182617,51.610303],[4.004785,51.59585],[4.080469,51.551123],[4.175488,51.519287],[4.239355,51.503906],[4.274121,51.471631],[4.205762,51.456689],[4.141309,51.455762],[3.886035,51.574219],[3.743945,51.596045],[3.548633,51.589111],[3.499609,51.57666],[3.448926,51.540771],[3.520508,51.486182],[3.586914,51.453906],[3.693555,51.449902],[3.821875,51.409375],[4.006543,51.443213],[4.138867,51.401514],[4.226172,51.386475],[4.111523,51.360645],[4.011035,51.395947],[3.883398,51.354492],[3.716504,51.369141],[3.589453,51.399414],[3.425781,51.393506],[3.350098,51.377686],[3.225195,51.351611],[2.960156,51.26543],[2.524902,51.097119],[2.445703,51.066504],[1.9125,50.990625],[1.767676,50.935693],[1.672266,50.88501],[1.60957,50.819482],[1.579492,50.739258],[1.551563,50.293945],[1.592773,50.252197],[1.548438,50.230713],[1.514063,50.205078],[1.407227,50.088525],[1.245508,49.998242],[0.924121,49.910205],[0.616211,49.862939],[0.186719,49.703027],[0.126563,49.601562],[0.109375,49.55752],[0.129395,49.508447],[0.277637,49.463281],[0.439258,49.473193],[0.416895,49.448389],[0.136133,49.401514],[-0.011182,49.330225],[-0.163477,49.296777],[-0.520898,49.354541],[-0.765527,49.359717],[-0.959131,49.393164],[-1.138525,49.387891],[-1.194971,49.444824],[-1.232275,49.494873],[-1.264941,49.598242],[-1.258643,49.680176],[-1.365723,49.707275],[-1.588232,49.667676],[-1.705127,49.680957],[-1.856445,49.683789],[-1.875391,49.631396],[-1.870068,49.595117],[-1.813428,49.490137],[-1.690332,49.313184],[-1.583105,49.202393],[-1.565479,48.805518],[-1.480469,48.697607],[-1.376465,48.652588],[-1.437646,48.641406],[-1.824707,48.630518],[-1.851953,48.668848],[-1.905713,48.697119],[-1.973145,48.635107],[-2.003711,48.58208],[-2.079443,48.64502],[-2.446191,48.648291],[-2.692334,48.536816],[-2.792871,48.601074],[-3.003223,48.790674],[-3.231445,48.84082],[-3.471484,48.812939],[-3.545996,48.765674],[-3.714795,48.710498],[-3.855664,48.694727],[-4.058887,48.70752],[-4.531201,48.619971],[-4.720752,48.539893],[-4.7625,48.450244],[-4.748535,48.41001],[-4.719385,48.363135],[-4.584717,48.35752],[-4.524805,48.372314],[-4.393164,48.367627],[-4.364404,48.356738],[-4.301758,48.34707],[-4.241406,48.303662],[-4.40332,48.293066],[-4.4979,48.299268],[-4.530664,48.309717],[-4.577148,48.290039],[-4.544336,48.246973],[-4.512207,48.229736],[-4.434619,48.217969],[-4.329443,48.169971],[-4.377832,48.128809],[-4.512402,48.096729],[-4.629199,48.085791],[-4.678809,48.039502],[-4.427979,47.968945],[-4.375098,47.877441],[-4.312109,47.8229],[-4.226416,47.809619],[-4.070703,47.847852],[-3.900928,47.837549],[-3.507812,47.753125],[-3.443945,47.711035],[-3.395898,47.72041],[-3.328613,47.71333],[-3.264697,47.685107],[-3.221582,47.694141],[-3.158838,47.694678],[-3.064209,47.621338],[-2.964062,47.601074],[-2.859375,47.614453],[-2.787207,47.625537],[-2.733105,47.601807],[-2.796777,47.537256],[-2.770312,47.513867],[-2.665918,47.526172],[-2.554053,47.527051],[-2.482715,47.511621],[-2.427686,47.470898],[-2.476318,47.412939],[-2.530029,47.381592],[-2.503125,47.312061],[-2.434424,47.290967],[-2.353027,47.27876],[-1.975391,47.310693],[-1.742529,47.215967],[-1.821289,47.225342],[-1.921729,47.260645],[-2.027588,47.273584],[-2.108301,47.262939],[-2.148584,47.223926],[-2.19707,47.162939],[-2.143555,47.126318],[-2.081934,47.111621],[-2.018896,47.037646],[-2.090283,46.920508],[-2.09248,46.865039],[-2.059375,46.810303],[-1.921436,46.684814],[-1.786523,46.514844],[-1.39248,46.350098],[-1.312793,46.326904],[-1.238818,46.324512],[-1.146289,46.311377],[-1.132031,46.252686],[-1.136377,46.204834],[-1.104395,45.925342],[-1.066016,45.805664],[-1.041504,45.772656],[-1.031738,45.741064],[-1.114355,45.768506],[-1.209961,45.770898],[-1.195996,45.714453],[-1.169971,45.685937],[-0.880664,45.538184],[-0.790771,45.468018],[-0.733105,45.384619],[-0.641113,45.090186],[-0.582275,45.051367],[-0.548486,45.000586],[-0.633984,45.047119],[-0.691113,45.093457],[-0.76665,45.314355],[-0.826318,45.380664],[-0.941748,45.45708],[-1.081006,45.532422],[-1.149072,45.342627],[-1.189062,45.161475],[-1.245215,44.666699],[-1.220312,44.686621],[-1.200391,44.726465],[-1.152881,44.764014],[-1.076953,44.689844],[-1.170801,44.661816],[-1.245508,44.559863],[-1.345996,44.020215],[-1.484863,43.56377],[-1.631445,43.438037],[-1.794043,43.407324],[-1.828516,43.40083],[-1.991309,43.345068],[-2.19668,43.321924],[-2.337109,43.328027],[-2.60708,43.412744],[-2.875049,43.454443],[-2.947705,43.439697],[-3.045605,43.371582],[-3.417871,43.451709],[-3.523633,43.511035],[-3.604639,43.519482],[-3.774023,43.477881],[-3.889355,43.499414],[-4.015332,43.463086],[-4.312793,43.414746],[-4.523047,43.415723],[-5.105273,43.501855],[-5.315723,43.553174],[-5.66582,43.582471],[-5.84668,43.645068],[-6.080127,43.594922],[-6.224121,43.603857],[-6.475684,43.578906],[-6.617285,43.592383],[-6.900684,43.585645],[-7.060986,43.553955],[-7.261963,43.594629],[-7.399316,43.695801],[-7.503613,43.739941],[-7.59458,43.727344],[-7.698145,43.764551],[-7.852734,43.706982],[-8.004687,43.694385],[-8.137158,43.629053],[-8.256738,43.579883],[-8.288867,43.5396],[-8.252295,43.496924],[-8.248926,43.439404],[-8.355469,43.396826],[-8.421582,43.38584],[-8.537061,43.337061],[-8.665625,43.316602],[-8.873682,43.334424],[-9.024512,43.238965],[-9.095557,43.214209],[-9.178076,43.174023],[-9.235645,43.035791],[-9.235205,42.976904],[-9.179443,42.910986],[-9.127197,42.865234],[-9.041602,42.814014],[-8.927197,42.798584],[-8.937207,42.766699],[-9.035059,42.662354],[-9.033105,42.593848],[-8.987793,42.585645],[-8.811523,42.640332],[-8.799902,42.599902],[-8.809912,42.562354],[-8.812109,42.470068],[-8.776172,42.434814],[-8.730029,42.411719],[-8.769385,42.358154],[-8.809961,42.334473],[-8.81582,42.285254],[-8.729199,42.287012],[-8.690918,42.27417],[-8.772461,42.210596],[-8.887207,42.105273],[-8.87832,41.946875],[-8.852344,41.926904],[-8.777148,41.941064],[-8.878223,41.83208],[-8.887598,41.7646],[-8.846387,41.705176],[-8.75542,41.698389],[-8.81084,41.651953],[-8.805664,41.56001],[-8.738379,41.284668],[-8.674609,41.154492],[-8.659814,41.086279],[-8.655566,41.029492],[-8.673975,40.916504],[-8.684619,40.752539],[-8.731592,40.650928],[-8.772412,40.605664],[-8.872656,40.259082],[-8.886621,40.179443],[-8.851318,40.151807],[-8.837842,40.115674],[-9.004053,39.820557],[-9.148291,39.542578],[-9.251416,39.426025],[-9.319629,39.391113],[-9.374756,39.338281],[-9.357227,39.284277],[-9.352832,39.248145],[-9.414355,39.112109],[-9.431445,38.960449],[-9.474756,38.85293],[-9.479736,38.798779],[-9.474121,38.730859],[-9.410205,38.70752],[-9.356738,38.6979],[-9.252295,38.712793],[-9.135791,38.742773],[-9.091016,38.834668],[-8.954297,39.016064],[-8.86748,39.065967],[-8.791602,39.078174],[-8.938086,38.998096],[-9.000488,38.903027],[-8.977051,38.80293],[-9.021484,38.746875],[-9.093311,38.69668],[-9.177832,38.687793],[-9.250391,38.656738],[-9.203369,38.538965],[-9.213281,38.448096],[-9.186719,38.438184],[-9.095996,38.455225],[-8.914795,38.512109],[-8.861621,38.509961],[-8.798877,38.518164],[-8.733984,38.482422],[-8.668311,38.424316],[-8.881104,38.44668],[-8.810937,38.299756],[-8.802246,38.183838],[-8.878955,37.958691],[-8.822656,37.871875],[-8.791846,37.732812],[-8.818555,37.592432],[-8.81416,37.430811],[-8.92627,37.166064],[-8.997803,37.032275],[-8.935352,37.016016],[-8.848437,37.075684],[-8.739111,37.074609],[-8.597656,37.121338],[-8.484326,37.100049],[-8.136768,37.077051],[-7.939697,37.00542],[-7.834131,37.005713],[-7.493604,37.168311],[-7.406152,37.179443],[-7.174951,37.208789],[-6.974658,37.198437],[-6.929492,37.214941],[-6.86377,37.278906],[-6.859375,37.24917],[-6.884619,37.194238],[-6.492432,36.954639],[-6.396191,36.831641],[-6.320947,36.908496],[-6.216797,36.913574],[-6.259424,36.898975],[-6.32832,36.848145],[-6.412256,36.728857],[-6.384131,36.637012],[-6.268945,36.596729],[-6.257715,36.564844],[-6.265918,36.526514],[-6.22627,36.426465],[-6.170459,36.333789],[-6.040674,36.188428],[-5.960693,36.181738],[-5.808398,36.08833],[-5.625488,36.025928],[-5.55127,36.038818],[-5.4625,36.073779],[-5.443604,36.150586],[-5.407227,36.158887],[-5.381592,36.134082],[-5.360937,36.134912],[-5.329687,36.235742],[-5.230518,36.373633],[-5.171484,36.423779],[-4.935303,36.502051],[-4.674121,36.506445],[-4.502246,36.62915],[-4.434863,36.700244],[-4.366846,36.718115],[-3.827783,36.756055],[-3.578809,36.739844],[-3.43125,36.70791],[-3.259131,36.755762],[-3.14917,36.758496],[-2.901855,36.743164],[-2.787549,36.714746],[-2.670605,36.747559],[-2.595703,36.806494],[-2.452832,36.831152],[-2.305566,36.819824],[-2.187695,36.745459],[-2.111523,36.77666],[-1.939307,36.94585],[-1.797607,37.232861],[-1.640967,37.386963],[-1.327539,37.561133],[-0.938086,37.571338],[-0.822168,37.580762],[-0.771875,37.59624],[-0.721582,37.631055],[-0.823096,37.711621],[-0.814648,37.769922],[-0.752734,37.850244],[-0.741553,37.886133],[-0.683203,37.992041],[-0.646777,38.151855],[-0.550684,38.203125],[-0.520801,38.317285],[-0.38125,38.435645],[-0.052734,38.585693],[0.136328,38.696777],[0.201563,38.75918],[0.154883,38.824658],[-0.034131,38.891211],[-0.133789,38.969482],[-0.204932,39.062598],[-0.328955,39.41709],[-0.327002,39.519873],[-0.075146,39.875928],[0.043066,40.013965],[0.158398,40.106592],[0.363672,40.319043],[0.596094,40.614502],[0.627148,40.622217],[0.660059,40.61333],[0.720605,40.630469],[0.85918,40.68623],[0.891113,40.722363],[0.796094,40.803809],[0.714648,40.822852],[0.816895,40.891602],[1.03291,41.062061],[1.205859,41.097559],[1.566602,41.195605],[2.082617,41.287402],[2.145605,41.320752],[2.310938,41.466504],[3.004883,41.767432],[3.146875,41.861035],[3.248047,41.944238],[3.238086,42.082227],[3.224609,42.111133],[3.175195,42.135986],[3.150391,42.162451],[3.166406,42.256494],[3.218652,42.260352],[3.306738,42.288965],[3.287891,42.343701],[3.239844,42.367871],[3.211426,42.431152],[3.197852,42.461182],[3.090918,42.590869],[3.043066,42.837891],[3.051758,42.915137],[3.162891,43.080762],[3.258887,43.193213],[3.784766,43.461621],[3.861621,43.516357],[3.91084,43.563086],[4.052637,43.593066],[4.075098,43.581836],[4.113086,43.563037],[4.162793,43.503662],[4.224219,43.479639],[4.376172,43.456396],[4.409766,43.447217],[4.628711,43.387109],[4.712109,43.373291],[4.789062,43.378906],[4.787207,43.401416],[4.80791,43.405225],[4.843555,43.393945],[4.87373,43.411621],[4.911914,43.426953],[4.975977,43.426953],[5.059766,43.444531],[5.06084,43.406299],[5.073145,43.366602],[5.12041,43.348975],[5.199512,43.35249],[5.320215,43.344922],[5.406543,43.228516],[5.671582,43.177832],[5.809473,43.0979],[6.030566,43.100977],[6.115918,43.072363],[6.305371,43.138721],[6.494043,43.169287],[6.570215,43.199072],[6.657227,43.26167],[6.687402,43.33457],[6.716602,43.373584],[6.864746,43.43833],[7.181445,43.659131],[7.261523,43.696094],[7.377734,43.731738],[7.438672,43.750439],[7.493164,43.767139],[7.733301,43.802588],[8.00498,43.876758],[8.081641,43.918945],[8.292383,44.136523],[8.551953,44.346143],[8.76582,44.422314],[8.930371,44.407764],[9.195996,44.322998],[9.289355,44.319238],[9.730859,44.101172],[10.047656,44.019971],[10.188086,43.94751],[10.245801,43.8521],[10.320508,43.513086],[10.447559,43.371191],[10.520801,43.203809],[10.532324,43.140137],[10.517285,43.065137],[10.514844,42.967529],[10.590234,42.953613],[10.644629,42.957178],[10.708398,42.936328],[10.737109,42.899951],[10.765137,42.844678],[10.803125,42.804297],[10.937793,42.738721],[11.167773,42.535156],[11.184766,42.456592],[11.141797,42.444092],[11.103223,42.416602],[11.141211,42.389893],[11.188867,42.393115],[11.249707,42.415723],[11.296289,42.423291],[11.498438,42.362939],[11.637305,42.287549],[11.807031,42.082031],[12.075293,41.940869],[12.205664,41.812646],[12.630859,41.469678],[12.849219,41.40874],[13.024219,41.300928],[13.041016,41.266211],[13.088672,41.243848],[13.183398,41.277686],[13.246875,41.288867],[13.361914,41.278516],[13.554785,41.232178],[13.669727,41.254492],[13.733398,41.235645],[13.859766,41.12998],[14.047656,40.870312],[14.044336,40.812256],[14.075879,40.793945],[14.102344,40.827148],[14.147168,40.820703],[14.308887,40.812646],[14.428125,40.759326],[14.460547,40.728711],[14.339941,40.598828],[14.382715,40.599854],[14.459375,40.632715],[14.556934,40.626416],[14.61123,40.644775],[14.765723,40.668408],[14.839551,40.62998],[14.906934,40.556055],[14.947656,40.469336],[14.986133,40.37749],[14.929102,40.30957],[14.926953,40.264746],[14.950879,40.239014],[15.294531,40.07002],[15.390918,40.052148],[15.585156,40.052832],[15.692773,39.990186],[15.763672,39.870068],[15.854395,39.626514],[16.023633,39.353613],[16.071484,39.139453],[16.107422,39.023828],[16.209961,38.941113],[16.196777,38.759229],[16.065527,38.736426],[15.972363,38.712598],[15.926953,38.671729],[15.878906,38.613916],[15.904785,38.483496],[15.822363,38.302979],[15.700195,38.262305],[15.643066,38.175391],[15.645801,38.034229],[15.724512,37.939111],[16.056836,37.941846],[16.109766,38.018652],[16.144141,38.086377],[16.282422,38.249561],[16.545605,38.409082],[16.574219,38.493555],[16.558984,38.714795],[16.616699,38.800146],[16.755469,38.889697],[16.951465,38.939795],[17.098535,38.919336],[17.174609,38.998096],[17.122949,39.136572],[17.114551,39.380615],[16.999219,39.481592],[16.824316,39.57832],[16.597754,39.638916],[16.521875,39.747559],[16.52998,39.859668],[16.669629,40.137207],[16.807031,40.326465],[16.928223,40.458057],[17.03125,40.513477],[17.17998,40.502783],[17.215332,40.486426],[17.249414,40.437891],[17.257715,40.399072],[17.395801,40.340234],[17.476172,40.314941],[17.865039,40.280176],[18.07793,39.936963],[18.219336,39.852539],[18.34375,39.821387],[18.393457,39.903613],[18.422559,39.986865],[18.48584,40.104834],[18.460645,40.221045],[18.328223,40.37085],[18.036133,40.564941],[17.95498,40.655176],[17.474219,40.840576],[17.275195,40.975439],[17.103418,41.062158],[16.551855,41.232031],[16.012598,41.4354],[15.900488,41.512061],[15.91377,41.62085],[16.033691,41.700781],[16.15127,41.758496],[16.18916,41.814014],[16.164648,41.896191],[16.061523,41.928125],[15.964063,41.939453],[15.40498,41.913232],[15.16875,41.934033],[14.866113,42.052539],[14.540723,42.244287],[14.182715,42.506445],[14.010449,42.689551],[13.924902,42.851562],[13.804688,43.180371],[13.693262,43.389893],[13.56416,43.571289],[13.508203,43.61167],[13.295313,43.686084],[12.907031,43.921191],[12.691113,43.994727],[12.486816,44.134229],[12.396289,44.223877],[12.30498,44.429443],[12.24834,44.72251],[12.278906,44.832227],[12.319043,44.833105],[12.384473,44.79834],[12.463574,44.845215],[12.497949,44.899414],[12.523438,44.967969],[12.39248,45.039795],[12.286328,45.207715],[12.225684,45.241504],[12.248828,45.368848],[12.274316,45.446045],[12.353809,45.491992],[12.491797,45.546289],[12.536133,45.544922],[12.432129,45.46792],[12.497559,45.46167],[12.611719,45.497217],[12.76123,45.544287],[12.903027,45.610791],[13.030273,45.6375],[13.120117,45.6979],[13.156738,45.746582],[13.206348,45.771387],[13.465137,45.709961],[13.558203,45.770703],[13.62832,45.770947],[13.783301,45.627246],[13.719824,45.587598],[13.637305,45.535937],[13.57793,45.516895],[13.517188,45.481787],[13.60332,45.231396],[13.613477,45.163428],[13.629297,45.108203],[13.74248,44.991504],[13.860742,44.837402],[13.899805,44.829346],[13.96582,44.835645],[14.041992,44.927197],[14.090625,44.997607],[14.236328,45.159668],[14.268555,45.28252],[14.312695,45.337793],[14.386133,45.342139],[14.550488,45.297705],[14.632031,45.2229],[14.85459,45.081006],[14.906543,44.971387],[14.885254,44.818262],[14.895215,44.706592],[14.981348,44.60293],[15.269824,44.383496],[15.381348,44.328271],[15.470996,44.271973],[15.369727,44.289258],[15.284277,44.288818],[15.231348,44.271436],[15.184668,44.2729],[15.122949,44.256787],[15.18584,44.172119],[15.499414,43.908789],[15.655664,43.811279],[15.820605,43.735937],[15.941504,43.656641],[15.949121,43.606982],[15.942578,43.568945],[15.985547,43.519775],[16.045996,43.505518],[16.131055,43.506299],[16.268945,43.53125],[16.393945,43.543359],[16.600293,43.464062],[16.903125,43.392432],[17.129395,43.211133],[17.329883,43.114893],[17.537305,42.962256],[17.585156,42.938379],[17.667578,42.897119],[17.723633,42.850684],[17.219824,43.025879],[17.126465,43.025586],[17.04541,43.014893],[17.258203,42.968457],[17.584961,42.837158],[17.823828,42.797412],[18.160645,42.634033],[18.333008,42.527881],[18.51748,42.43291],[18.553516,42.428516],[18.591602,42.444189],[18.645898,42.442725],[18.633398,42.423145],[18.619043,42.398389],[18.63291,42.378076],[18.894238,42.249463],[19.122266,42.060498],[19.186426,41.948633],[19.342383,41.869092],[19.468262,41.856152],[19.577539,41.7875],[19.575684,41.64043],[19.545801,41.596826],[19.497363,41.562695],[19.440625,41.424756],[19.453418,41.320996],[19.480078,41.236377],[19.456055,41.106055],[19.46123,40.933301],[19.383887,40.790723],[19.3375,40.663818],[19.344629,40.62207],[19.439258,40.470264],[19.45918,40.405371],[19.440527,40.375684],[19.394531,40.393701],[19.358594,40.40874],[19.322266,40.40708],[19.360156,40.347705],[19.398145,40.284863],[19.48457,40.209961],[19.851855,40.043555],[19.964844,39.872266],[19.995605,39.801025],[20.00127,39.709424],[20.099414,39.64126],[20.191406,39.545801],[20.300781,39.3271],[20.468262,39.255273],[20.57168,39.147705],[20.691309,39.06748],[20.713379,39.035156],[20.779688,39.008545],[20.922754,39.036768],[21.034082,39.02627],[21.068555,39.032275],[21.118359,39.02998],[21.144531,38.979199],[21.152344,38.92207],[21.111621,38.896289],[21.074219,38.885156],[20.893164,38.941113],[20.777344,38.927881],[20.768555,38.874414],[20.776855,38.80752],[20.873242,38.775732],[20.992188,38.654004],[21.059766,38.503271],[21.113184,38.384668],[21.182617,38.345557],[21.30332,38.373926],[21.329785,38.424365],[21.331055,38.487305],[21.355469,38.474805],[21.390137,38.407812],[21.472559,38.321387],[21.567676,38.333594],[21.650098,38.354004],[21.71709,38.355029],[21.804688,38.366943],[21.965332,38.412451],[22.226855,38.352832],[22.319922,38.356836],[22.385254,38.385547],[22.42168,38.438525],[22.583398,38.344922],[22.753906,38.289502],[22.783691,38.261719],[22.834375,38.234717],[22.93252,38.201953],[22.99541,38.215527],[23.034375,38.2021],[23.093555,38.196436],[23.148926,38.176074],[23.183496,38.133691],[23.152539,38.096387],[23.12207,38.07334],[22.954785,38.074609],[22.893164,38.050928],[22.916992,38.007471],[22.920313,37.958301],[22.846387,37.967578],[22.799609,37.981201],[22.711523,38.046924],[22.555859,38.113232],[22.24375,38.188721],[21.95332,38.321191],[21.824707,38.328125],[21.748438,38.274219],[21.658398,38.175098],[21.54873,38.1646],[21.451172,38.204736],[21.403711,38.19668],[21.308105,38.027441],[21.14502,37.919287],[21.124707,37.891602],[21.137988,37.85415],[21.205273,37.828857],[21.288477,37.774512],[21.329297,37.669336],[21.416211,37.639941],[21.571289,37.541016],[21.678906,37.387207],[21.69248,37.309277],[21.578809,37.200391],[21.58291,37.080957],[21.738086,36.863232],[21.892383,36.737305],[21.934277,36.803662],[21.940039,36.891797],[21.955566,36.990088],[22.011719,37.016504],[22.080469,37.028955],[22.133789,36.963916],[22.164746,36.902832],[22.231152,36.882568],[22.375977,36.701904],[22.38125,36.646191],[22.374805,36.513574],[22.427734,36.475781],[22.489453,36.446924],[22.489063,36.568164],[22.608398,36.779736],[22.717188,36.793945],[22.779883,36.786182],[22.832324,36.687109],[22.98291,36.528369],[23.060547,36.486963],[23.106836,36.451855],[23.160156,36.448096],[23.111719,36.547607],[23.041016,36.644531],[23.073535,36.774951],[23.060352,36.853516],[22.99502,37.015869],[22.851074,37.29082],[22.765039,37.393311],[22.725391,37.542139],[22.775,37.585107],[22.851074,37.532227],[22.940527,37.51709],[23.015137,37.481787],[23.096484,37.440576],[23.1,37.36377],[23.161523,37.333838],[23.203027,37.348535],[23.252539,37.377295],[23.489258,37.440186],[23.490625,37.463867],[23.458105,37.496924],[23.408789,37.541553],[23.396191,37.579785],[23.347559,37.597559],[23.262695,37.59541],[23.197559,37.620215],[23.147168,37.71626],[23.147168,37.795312],[23.086133,37.853125],[23.036328,37.878369],[23.047461,37.902637],[23.087402,37.912842],[23.193652,37.959033],[23.420215,37.99209],[23.501758,38.034863],[23.537207,38.032764],[23.580469,38.010547],[23.732813,37.884082],[23.877344,37.777783],[23.971582,37.676758],[24.019727,37.677734],[24.055371,37.709619],[24.062305,37.774512],[24.061328,37.81792],[24.033008,37.955322],[24.024512,38.139795],[24.005371,38.226807],[23.966992,38.275],[23.836035,38.325488],[23.683984,38.352441],[23.569629,38.489404],[23.368945,38.525537],[23.25293,38.66123],[23.137695,38.667969],[23.020313,38.741895],[22.774023,38.800391],[22.6875,38.84917],[22.634277,38.850684],[22.569141,38.86748],[22.596777,38.890576],[22.676855,38.898926],[22.802637,38.901611],[22.930469,38.947705],[23.066699,39.037939],[22.965527,39.030908],[22.938965,39.111523],[22.886035,39.169971],[22.838965,39.258594],[22.921387,39.306348],[22.992871,39.331055],[23.161719,39.257764],[23.16875,39.210449],[23.119434,39.132764],[23.154688,39.101465],[23.218359,39.104395],[23.327734,39.174902],[23.288477,39.288818],[23.233398,39.358447],[23.103418,39.492041],[22.978809,39.563818],[22.919043,39.628906],[22.835742,39.800586],[22.592188,40.036914],[22.569336,40.119336],[22.605469,40.276416],[22.642676,40.366602],[22.624902,40.428613],[22.629492,40.495557],[22.741895,40.536475],[22.811426,40.578613],[22.922266,40.590869],[22.892871,40.524268],[22.851367,40.490625],[22.896484,40.399902],[23.098145,40.304297],[23.312012,40.216455],[23.328223,40.089941],[23.395605,39.989844],[23.627344,39.924072],[23.65752,39.934473],[23.674121,39.958887],[23.46709,40.073926],[23.433203,40.11543],[23.386426,40.221973],[23.42627,40.263965],[23.664551,40.223828],[23.835352,40.022266],[23.94707,39.965576],[23.981836,39.994043],[24.000781,40.024609],[23.96748,40.114551],[23.917578,40.155225],[23.823438,40.205127],[23.720508,40.286279],[23.72793,40.329736],[23.823438,40.368018],[23.913184,40.358789],[24.056055,40.303564],[24.158789,40.280029],[24.232422,40.215186],[24.343359,40.147705],[24.29248,40.241797],[24.212793,40.327783],[24.030566,40.409326],[23.932031,40.405762],[23.866797,40.418555],[23.831934,40.481543],[23.878906,40.544385],[23.778711,40.627979],[23.743262,40.677002],[23.762793,40.747803],[23.946094,40.74834],[24.082324,40.724072],[24.234375,40.786133],[24.383789,40.912744],[24.477051,40.947754],[24.556543,40.935596],[24.678711,40.869482],[24.792969,40.85752],[25.004688,40.967529],[25.104492,40.994727],[25.250098,40.932812],[25.325293,40.943115],[25.496777,40.887793],[25.855664,40.844092],[26.010742,40.769141],[26.038965,40.726758],[26.067773,40.683398],[26.105469,40.611328],[26.224219,40.618066],[26.360938,40.606348],[26.578125,40.624658],[26.79209,40.626611],[26.720313,40.544238],[26.447461,40.44502],[26.355273,40.390234],[26.253809,40.314697],[26.252344,40.248145],[26.260156,40.202393],[26.225977,40.141699],[26.202734,40.075391],[26.271777,40.096582],[26.32998,40.123389],[26.467969,40.261475],[26.77207,40.498047],[26.974609,40.564014],[27.258008,40.687354],[27.430176,40.839941],[27.499414,40.973145],[27.747363,41.013281],[27.925195,40.990576],[28.085547,41.061328],[28.172168,41.080713],[28.294922,41.071484],[28.780371,40.97417],[28.95625,41.008203],[28.995996,41.061133],[29.032129,41.140479],[29.057227,41.229736],[28.946777,41.248389],[28.346387,41.466357],[28.197852,41.554492],[28.050293,41.72915],[27.987305,41.854883],[28.014453,41.969043],[27.982715,42.047412],[27.821387,42.208008],[27.708203,42.349951],[27.639551,42.400977],[27.484766,42.468066],[27.753711,42.706543],[27.818359,42.71665],[27.888867,42.749707],[27.896484,43.020703],[27.928906,43.186133],[27.979297,43.230518],[28.035156,43.268262],[28.133691,43.395605],[28.319629,43.426855],[28.46543,43.389307],[28.561816,43.501318],[28.585352,43.742236],[28.590723,43.797412],[28.658594,43.983838],[28.64541,44.295654],[28.699219,44.374219],[28.851758,44.506104],[28.888184,44.574756],[28.807031,44.565039],[28.813574,44.60249],[28.846484,44.636865],[28.849023,44.716309],[28.87041,44.749951],[28.926172,44.81001],[28.891504,44.918652],[28.930566,44.96582],[28.980664,44.99292],[29.095313,44.975049],[29.047754,44.925684],[29.069141,44.871143],[29.081055,44.798828],[29.048242,44.757568],[29.55752,44.843408],[29.605469,44.915479],[29.635352,44.979639],[29.678613,45.15166],[29.689063,45.193213],[29.705859,45.259912],[29.726953,45.343311],[29.670313,45.540674],[29.601172,45.6],[29.60166,45.68252],[29.628418,45.722461],[29.685059,45.754687],[29.821191,45.73208],[29.90166,45.752393],[30.006641,45.797949],[30.18418,45.849951],[30.219043,45.866748],[30.492969,46.090137],[30.511523,46.105371],[30.656738,46.266504],[30.672266,46.304004],[30.72168,46.366211],[30.772852,46.473047],[30.796289,46.552002],[31.136816,46.624463],[31.320312,46.6125],[31.40293,46.628809],[31.496875,46.738379],[31.563379,46.777295],[31.532129,46.664746],[31.657031,46.642432],[31.77959,46.631641],[31.872852,46.649756],[31.90166,46.721631],[31.912695,46.926123],[31.865918,47.003271],[31.836914,47.087012],[31.75918,47.212842],[31.838184,47.157227],[31.864746,47.095117],[31.939551,46.981982],[31.964063,46.854834],[31.944922,46.784375],[31.974316,46.708789],[32.044336,46.64248],[32.127246,46.597217],[32.354102,46.564844],[32.578027,46.615625],[32.552539,46.591992],[32.418945,46.517773],[32.361328,46.474951],[32.131445,46.509375],[31.87793,46.52168],[31.716016,46.55498],[31.554883,46.554297],[31.623633,46.510254],[31.713672,46.471777],[31.855762,46.462451],[32.008496,46.42998],[32.013086,46.387158],[31.991699,46.364404],[31.915918,46.348682],[31.842871,46.346143],[31.77998,46.324658],[31.83125,46.281689],[31.925195,46.287256],[32.035742,46.260986],[32.329883,46.130371],[32.476758,46.083691],[32.796875,46.131494],[32.941797,46.123779],[33.202246,46.175732],[33.263477,46.125684],[33.429883,46.057617],[33.498828,46.078857],[33.594141,46.09624],[33.636719,46.032861],[33.664844,45.94707],[33.466211,45.837939],[33.280078,45.765234],[33.142285,45.749219],[32.828027,45.593018],[32.508008,45.403809],[32.551855,45.350391],[32.611328,45.328076],[32.772656,45.358984],[32.918652,45.348145],[33.186914,45.194775],[33.261523,45.170752],[33.39248,45.187842],[33.555176,45.097656],[33.601172,44.981494],[33.612207,44.907812],[33.530078,44.680518],[33.491309,44.618604],[33.462695,44.596826],[33.450684,44.553662],[33.655859,44.433203],[33.755664,44.398926],[33.909961,44.387598],[34.074414,44.423828],[34.281738,44.538428],[34.469922,44.72168],[34.716895,44.807129],[34.887793,44.823584],[35.087695,44.802637],[35.154785,44.896338],[35.357813,44.978418],[35.472559,45.098486],[35.569531,45.119336],[35.677539,45.102002],[35.759473,45.07085],[35.803613,45.0396],[35.870117,45.005322],[36.054785,45.030811],[36.229883,45.025977],[36.393359,45.065381],[36.428418,45.153271],[36.450781,45.232324],[36.514258,45.30376],[36.575,45.393555],[36.427051,45.433252],[36.290332,45.456738],[36.170508,45.453076],[36.077148,45.424121],[36.012891,45.37168],[35.833496,45.401611],[35.750977,45.389355],[35.558008,45.310889],[35.45752,45.316309],[35.373926,45.353613],[35.260156,45.446924],[35.022852,45.700977],[34.906641,45.878809],[34.857324,45.987354],[34.84375,46.073584],[34.849609,46.189893],[34.969531,46.24209],[35.064063,46.267236],[35.230371,46.440625],[35.291992,46.370703],[35.290918,46.314404],[35.280176,46.279492],[35.217773,46.232178],[35.014551,46.106006],[35.055273,46.104004],[35.132324,46.125879],[35.204395,46.169189],[35.256641,46.203906],[35.400195,46.381396],[35.827148,46.624316],[36.024902,46.666797],[36.194629,46.645508],[36.279492,46.658594],[36.432031,46.732568],[36.558789,46.762695],[36.688672,46.764111],[36.794824,46.714404],[36.932031,46.825146],[37.047559,46.876221],[37.218555,46.917334],[37.339844,46.916895],[37.543359,47.074561],[37.828711,47.09585],[38.17832,47.080225],[38.214355,47.091455],[38.484766,47.175537],[38.577246,47.239111],[38.761914,47.261621],[38.736035,47.23584],[38.644336,47.212207],[38.552441,47.150342],[38.668164,47.143945],[38.92832,47.175684],[39.02373,47.272217],[39.195703,47.268848],[39.244531,47.199512],[39.293457,47.105762],[39.289062,47.070898],[39.270703,47.044141],[39.126758,47.023438],[38.801074,46.906152],[38.630762,46.873047],[38.438672,46.813086],[38.487988,46.732178],[38.500977,46.663672],[38.343457,46.67832],[38.22998,46.70127],[38.159473,46.690674],[37.967969,46.618018],[37.867383,46.633789],[37.766504,46.636133],[37.80957,46.53208],[37.913867,46.406494],[37.977539,46.382861],[38.077734,46.394336],[38.315234,46.241943],[38.492285,46.090527],[38.400391,46.080029],[38.311816,46.095361],[38.183594,46.094824],[38.132812,46.002832],[38.07959,45.934814],[38.069727,45.969873],[38.073828,46.01709],[38.014258,46.047754],[37.933105,46.001709],[37.840918,45.799561],[37.669238,45.654053],[37.612402,45.564697],[37.609961,45.499512],[37.634375,45.486328],[37.671875,45.488379],[37.672949,45.429736],[37.647168,45.377197],[37.264258,45.310937],[37.213574,45.272314],[37.103516,45.302881],[36.977832,45.383594],[36.865918,45.427051],[36.79375,45.409717],[36.72041,45.371875],[36.761621,45.34834],[36.811035,45.340039],[36.941211,45.289697],[36.873047,45.251758],[36.619141,45.185498],[36.627637,45.151318],[36.650781,45.126465],[36.944434,45.06958],[37.204785,44.971973],[37.284082,44.905029],[37.352344,44.788379],[37.411328,44.735352],[37.495117,44.695264],[37.572461,44.67085],[37.704883,44.661377],[37.851465,44.698828],[38.18125,44.419678],[38.311816,44.374463],[38.63584,44.318018],[38.717285,44.288086],[39.329395,43.897266],[39.516699,43.727881],[39.873633,43.472803],[39.97832,43.419824],[40.190625,43.312402],[40.462109,43.145703],[40.524023,43.121045],[40.836621,43.063477],[41.061621,42.930859],[41.128711,42.828125],[41.419434,42.737646],[41.48877,42.659326],[41.577734,42.397852],[41.663281,42.146875],[41.762988,41.97002],[41.760742,41.884863],[41.758789,41.817139],[41.701758,41.70542],[41.510059,41.51748],[41.414355,41.423633],[41.083594,41.261182],[40.959473,41.211621],[40.819531,41.190234],[40.6875,41.107422],[40.265234,40.961328],[40.128418,40.943018],[40.000195,40.977148],[39.911133,40.966455],[39.80791,40.98252],[39.426367,41.106445],[38.852148,41.017676],[38.556934,40.936523],[38.381055,40.924512],[37.910059,41.001904],[37.765625,41.078906],[37.430957,41.114111],[37.066211,41.184424],[36.991992,41.275391],[36.777734,41.363477],[36.64707,41.352539],[36.587109,41.32666],[36.509668,41.2625],[36.405371,41.274609],[36.278418,41.336133],[36.179199,41.426562],[36.051758,41.682568],[35.978125,41.704834],[35.919824,41.713721],[35.558008,41.634033],[35.297754,41.728516],[35.20918,41.794385],[35.12207,41.891113],[35.114063,41.956982],[35.141016,41.989502],[35.154883,42.027539],[35.006445,42.063281],[34.750488,41.956836],[34.192969,41.963672],[33.381348,42.017578],[33.284766,42.00459],[32.94668,41.891748],[32.542188,41.806396],[32.306445,41.72959],[32.086426,41.589209],[31.458008,41.32002],[31.34668,41.15791],[31.254883,41.107617],[30.810059,41.084863],[30.344922,41.196924],[29.919336,41.15083],[29.322266,41.227734],[29.148145,41.221045],[29.094336,41.177246],[29.067383,41.10166],[29.045508,41.007568],[29.082227,40.963428],[29.113867,40.937842],[29.259766,40.847314],[29.364746,40.809277],[29.800586,40.760156],[29.849219,40.760107],[29.844922,40.738086],[29.507617,40.708398],[29.054102,40.649121],[28.958008,40.630566],[28.787891,40.534033],[28.841211,40.503467],[28.894629,40.482422],[28.974023,40.467383],[29.055176,40.42417],[29.007129,40.389746],[28.738867,40.390869],[28.630273,40.376465],[28.289062,40.403027],[27.962598,40.369873],[27.928906,40.38042],[27.964355,40.435303],[27.994824,40.466602],[27.989551,40.489453],[27.874902,40.512939],[27.769141,40.509619],[27.731836,40.481494],[27.848535,40.381738],[27.789355,40.350879],[27.728027,40.328809],[27.475586,40.319922],[27.332617,40.375928],[27.31416,40.414893],[27.28457,40.455615],[27.12168,40.452344],[27.012109,40.396338],[26.738086,40.400244],[26.475391,40.197266],[26.313379,40.025],[26.181348,39.990088],[26.149805,39.872852],[26.154688,39.656641],[26.101367,39.568945],[26.095996,39.520801],[26.113086,39.467383],[26.350781,39.484082],[26.484082,39.520703],[26.827051,39.562891],[26.899219,39.549658],[26.910938,39.517334],[26.813281,39.419043],[26.710742,39.339648],[26.681836,39.292236],[26.719336,39.260645],[26.853613,39.115625],[26.849316,39.056738],[26.808301,39.013916],[26.814941,38.960986],[26.866211,38.922949],[26.920313,38.934229],[26.970117,38.919043],[27.013672,38.886865],[26.90918,38.775781],[26.790137,38.736084],[26.763672,38.709619],[26.787695,38.660205],[26.795313,38.626416],[26.837793,38.557568],[26.906836,38.481738],[26.97041,38.447852],[27.144238,38.451953],[27.098633,38.415723],[26.861426,38.372949],[26.769922,38.388184],[26.727344,38.418604],[26.696387,38.405371],[26.674219,38.335742],[26.641309,38.352441],[26.59502,38.418604],[26.610352,38.486914],[26.586523,38.557031],[26.513574,38.629492],[26.441309,38.641211],[26.377832,38.62417],[26.372266,38.561914],[26.429688,38.440625],[26.416406,38.367871],[26.343652,38.370068],[26.290723,38.277197],[26.33291,38.24248],[26.42793,38.214355],[26.524707,38.162256],[26.582422,38.149268],[26.621094,38.176367],[26.682813,38.19834],[26.807422,38.13833],[26.878613,38.054785],[26.943848,38.062891],[27.158691,37.986865],[27.232422,37.978662],[27.254785,37.882324],[27.224414,37.725439],[27.077832,37.687695],[27.067969,37.65791],[27.147949,37.603613],[27.203906,37.491406],[27.219238,37.38916],[27.289551,37.348682],[27.37627,37.340723],[27.400586,37.306738],[27.520117,37.249121],[27.535059,37.163867],[27.368164,37.122412],[27.300195,37.126855],[27.249707,37.07915],[27.262988,36.976562],[27.311035,36.981885],[27.348926,37.01958],[27.668359,37.007422],[28.133691,37.029492],[28.242383,37.029053],[28.224414,36.996387],[28.083008,36.920264],[28.005371,36.831982],[27.934473,36.809277],[27.630859,36.78667],[27.554688,36.758887],[27.466895,36.746338],[27.453906,36.712158],[27.54043,36.684229],[27.655859,36.674609],[27.803809,36.736475],[28.083984,36.751465],[28.01416,36.670215],[28.019434,36.634473],[28.111523,36.646387],[28.195605,36.686328],[28.303711,36.811963],[28.483594,36.803809],[28.717676,36.700879],[28.816895,36.675293],[28.895898,36.673584],[28.969629,36.715332],[29.038281,36.693457],[29.058105,36.638135],[29.065527,36.590088],[29.116113,36.520117],[29.143262,36.397217],[29.223633,36.324463],[29.34834,36.258838],[29.689063,36.156689],[29.789258,36.168066],[30.083203,36.249365],[30.231641,36.307324],[30.29541,36.287695],[30.387305,36.243262],[30.446094,36.269873],[30.483594,36.3104],[30.506055,36.451123],[30.558496,36.52583],[30.582031,36.797168],[30.644043,36.865674],[30.950293,36.848682],[31.240625,36.821729],[31.352539,36.801074],[31.77793,36.612793],[32.021973,36.535303],[32.130566,36.449121],[32.283789,36.267871],[32.377734,36.183643],[32.533789,36.100732],[32.794824,36.035889],[32.929492,36.095703],[33.099512,36.102979],[33.441797,36.152832],[33.522754,36.143994],[33.694727,36.181982],[33.954883,36.295215],[34.023438,36.340771],[34.299609,36.604199],[34.601367,36.784473],[34.703613,36.816797],[34.81123,36.799268],[34.943164,36.725684],[35.176172,36.634863],[35.393164,36.575195],[35.537402,36.597021],[35.625586,36.652783],[35.661133,36.724316],[35.734277,36.763965],[35.801563,36.778076],[35.90459,36.847607],[36.048926,36.910596],[36.135156,36.851611],[36.180078,36.807227],[36.188184,36.743066],[36.188477,36.658984],[36.031738,36.522705],[35.882812,36.406348],[35.810938,36.309863],[35.887109,36.159082],[35.956934,35.998145],[35.892676,35.916553],[35.839648,35.849219],[35.764453,35.571582],[35.902441,35.420703],[35.916016,35.350537],[35.918066,35.299512],[35.943066,35.223828],[35.889941,35.060303],[35.887891,34.948633],[35.899316,34.8521],[35.97627,34.629199],[35.97793,34.547412],[35.921387,34.493311],[35.804297,34.437402],[35.647852,34.248242],[35.611816,34.032178],[35.51084,33.879736],[35.335742,33.503467],[35.251367,33.392627],[35.203516,33.258984],[35.155078,33.16001],[35.108594,33.083691],[35.077051,32.967187],[35.005859,32.826611],[34.921875,32.614062],[34.803809,32.196338],[34.678418,31.895703],[34.483984,31.592285],[34.477344,31.584863],[34.387305,31.483789],[34.198145,31.322607],[34.17627,31.303906],[33.902539,31.180957],[33.666504,31.13042],[33.37793,31.130957],[33.194336,31.084521],[33.156738,31.126221],[33.129883,31.168164],[32.901563,31.110937],[32.854492,31.117725],[32.68457,31.074023],[32.60332,31.06875],[32.532813,31.100732],[32.323535,31.256055],[32.250586,31.294922],[32.216211,31.29375],[32.242773,31.246533],[32.281836,31.200879],[32.206543,31.119043],[32.101758,31.092822],[32.065625,31.152979],[32.008496,31.220508],[31.902051,31.240186],[31.771094,31.292578],[31.875879,31.413721],[31.892188,31.482471],[32.076074,31.344482],[32.136035,31.341064],[31.964258,31.5021],[31.888965,31.541406],[31.839258,31.526318],[31.606543,31.455762],[31.524414,31.458252],[31.193945,31.587598],[31.08291,31.60332],[31.051953,31.591553],[31.030859,31.507568],[31.001758,31.462793],[30.841406,31.439893],[30.700488,31.403857],[30.562988,31.416992],[30.88418,31.522363],[30.923535,31.566846],[30.570996,31.472998],[30.395117,31.457617],[30.34375,31.402734],[30.312305,31.357031],[30.262305,31.316846],[30.222656,31.258398],[30.127539,31.255664],[30.049414,31.26543],[29.929785,31.22749],[29.591602,31.011523],[29.428516,30.927441],[29.278906,30.866943],[29.159961,30.83457],[29.07207,30.830273],[28.972754,30.856738],[28.806934,30.942676],[28.514844,31.050439],[27.967578,31.097412],[27.82998,31.19502],[27.620117,31.191748],[27.540039,31.212695],[27.248047,31.377881],[26.768652,31.470361],[26.457324,31.512109],[25.893262,31.620898],[25.382227,31.512793],[25.225488,31.533789],[25.150488,31.65498],[25.115039,31.712305],[25.025,31.88335],[24.950684,31.953711],[24.878516,31.984277],[24.683887,32.015967],[24.479785,31.996533],[24.129688,32.009229],[24.038965,32.037012],[23.898438,32.127197],[23.797656,32.158691],[23.286328,32.213818],[23.10625,32.331445],[23.110449,32.397412],[23.129688,32.448145],[23.090625,32.61875],[22.916895,32.687158],[22.754102,32.740527],[22.523438,32.793945],[22.340625,32.879883],[22.187402,32.918262],[21.839453,32.908643],[21.721387,32.94248],[21.635938,32.937305],[21.424707,32.79917],[21.31875,32.777686],[21.062305,32.775537],[20.621094,32.580176],[20.370605,32.430762],[20.121484,32.21875],[20.030957,32.107861],[19.973438,31.999072],[19.926367,31.817529],[19.96123,31.556006],[20.02002,31.410645],[20.103809,31.300537],[20.141113,31.195508],[20.150977,31.078613],[20.111523,30.963721],[20.013184,30.800684],[19.713281,30.488379],[19.589844,30.41377],[19.291699,30.288086],[19.12373,30.266113],[18.936426,30.29043],[18.669824,30.415674],[18.19043,30.777295],[17.949316,30.851904],[17.830469,30.927588],[17.349219,31.081494],[16.781543,31.214746],[16.450977,31.227295],[16.123047,31.264453],[15.832227,31.360986],[15.705957,31.426416],[15.595801,31.531104],[15.496387,31.656787],[15.414062,31.834229],[15.363086,31.971191],[15.359082,32.159668],[15.266895,32.31167],[15.176563,32.391162],[14.513379,32.511084],[14.423828,32.550293],[14.237109,32.68125],[14.155664,32.709766],[13.835352,32.791797],[13.647754,32.798828],[13.536328,32.824268],[13.283496,32.914648],[13.138086,32.897363],[12.753516,32.801074],[12.427051,32.829102],[12.279883,32.858545],[11.813477,33.093701],[11.657129,33.118896],[11.50459,33.181934],[11.400586,33.224902],[11.338086,33.209473],[11.234277,33.233594],[11.202637,33.249219],[11.232129,33.271582],[11.269922,33.286328],[11.257422,33.308838],[11.150293,33.369238],[11.08457,33.562891],[10.958008,33.626318],[10.898438,33.533691],[10.828125,33.518896],[10.722754,33.514404],[10.704297,33.609668],[10.713184,33.689014],[10.454297,33.6625],[10.305273,33.728271],[10.158984,33.850049],[10.049023,34.056299],[10.040039,34.140332],[10.064844,34.211621],[10.118359,34.280078],[10.200391,34.346045],[10.534863,34.544727],[10.690918,34.678467],[10.866211,34.884326],[10.955859,35.033643],[11.120117,35.240283],[11.043262,35.335107],[11.031543,35.453857],[11.000684,35.551611],[11.004297,35.633838],[10.783691,35.77207],[10.688965,35.799512],[10.59082,35.887256],[10.505762,36.032422],[10.476562,36.175146],[10.487988,36.254883],[10.525684,36.32334],[10.642383,36.419629],[10.798145,36.493115],[10.967188,36.743018],[11.056543,36.841455],[11.12666,36.874072],[11.077051,36.966699],[11.053906,37.07251],[10.951367,37.059277],[10.766211,36.930273],[10.571289,36.879443],[10.518164,36.791357],[10.412305,36.731836],[10.293262,36.781494],[10.334082,36.865381],[10.18877,37.033887],[10.196387,37.205859],[10.087402,37.25127],[9.988086,37.257764],[9.875586,37.25415],[9.879395,37.212842],[9.896387,37.181641],[9.830273,37.135352],[9.783984,37.211426],[9.815527,37.254639],[9.838477,37.308984],[9.758887,37.330273],[9.687988,37.340381],[9.141992,37.194629],[9.058887,37.155859],[8.823535,36.997607],[8.576563,36.937207],[8.127148,36.910352],[7.910449,36.856348],[7.791602,36.880273],[7.607715,36.999756],[7.432422,37.059277],[7.204297,37.092383],[7.238477,36.968506],[7.143457,36.943359],[6.927539,36.919434],[6.575879,37.003027],[6.486523,37.085742],[6.327832,37.046045],[6.249121,36.93833],[6.064746,36.864258],[5.725488,36.799609],[5.424609,36.675439],[5.29541,36.648242],[5.195605,36.676807],[4.99541,36.808057],[4.877832,36.862402],[4.758105,36.896338],[3.779004,36.896191],[3.520508,36.795117],[2.972852,36.784473],[2.846484,36.738867],[2.593359,36.600684],[2.342871,36.610303],[1.974512,36.567578],[1.257227,36.51958],[0.97168,36.443945],[0.79082,36.356543],[0.514941,36.261816],[0.312207,36.162354],[0.15166,36.063135],[0.047949,35.900537],[-0.048242,35.832812],[-0.18916,35.819092],[-0.350781,35.863184],[-0.426123,35.861523],[-0.91748,35.668408],[-1.087695,35.578857],[-1.205371,35.495752],[-1.33584,35.364258],[-1.48374,35.303076],[-1.673633,35.183105],[-1.913281,35.094238],[-2.017773,35.085059],[-2.219629,35.104199],[-2.42373,35.123486],[-2.636816,35.112695],[-2.731396,35.135205],[-2.839941,35.127832],[-2.869531,35.172656],[-2.925977,35.287109],[-2.953613,35.315137],[-2.957959,35.363086],[-2.972217,35.407275],[-3.063086,35.317236],[-3.206006,35.239111],[-3.394727,35.211816],[-3.590625,35.22832],[-3.693262,35.27998],[-3.787988,35.244922],[-3.982422,35.243408],[-4.32998,35.161475],[-4.62832,35.206396],[-4.837207,35.281299],[-5.105371,35.467773],[-5.252686,35.614746],[-5.337646,35.745215],[-5.337646,35.856543],[-5.277832,35.902734],[-5.397363,35.929883],[-5.522266,35.862012],[-5.622852,35.828906],[-5.747949,35.815967],[-5.924805,35.785791],[-5.957568,35.681152],[-6.353125,34.776074],[-6.755762,34.13291],[-6.900977,33.969043],[-7.144678,33.830322],[-7.562354,33.640283],[-8.301172,33.374365],[-8.512842,33.252441],[-8.596289,33.187158],[-8.83623,32.920459],[-9.24585,32.572461],[-9.249121,32.48584],[-9.286572,32.240576],[-9.347461,32.086377],[-9.674951,31.710986],[-9.808691,31.424609],[-9.83335,31.069629],[-9.832422,30.847266],[-9.875488,30.71792],[-9.853906,30.64458],[-9.773145,30.603125],[-9.65293,30.447559],[-9.623828,30.352637],[-9.66709,30.109277],[-9.743457,29.958203],[-9.852637,29.809229],[-10.010498,29.641406],[-10.200586,29.380371],[-10.486475,29.064941],[-10.673828,28.939209],[-11.080957,28.71377],[-11.299072,28.526074],[-11.430176,28.382031],[-11.552686,28.310107],[-11.986084,28.129297],[-12.468896,28.009424],[-12.793652,27.978418],[-12.948926,27.91416],[-13.040723,27.769824],[-13.175977,27.655713],[-13.256152,27.434619],[-13.409814,27.146631],[-13.495752,26.872656],[-13.575781,26.735107],[-13.695898,26.64292],[-13.9521,26.48877],[-14.168359,26.41543],[-14.312451,26.296729],[-14.413867,26.253711],[-14.470557,26.163037],[-14.522754,25.925244],[-14.602295,25.808545],[-14.707031,25.547705],[-14.794922,25.40415],[-14.84292,25.220117],[-14.856055,24.871582],[-14.904297,24.719775],[-15.038867,24.548828],[-15.188623,24.478809],[-15.586328,24.072754],[-15.777783,23.95293],[-15.899316,23.844434],[-15.952832,23.74082],[-15.980713,23.670312],[-15.912549,23.727588],[-15.855176,23.800342],[-15.80166,23.842236],[-15.789258,23.792871],[-15.805957,23.749512],[-15.942627,23.552637],[-15.996729,23.425488],[-16.113672,23.227539],[-16.210254,23.0979],[-16.169727,23.031934],[-16.201855,22.945361],[-16.304297,22.834814],[-16.35874,22.594531],[-16.514404,22.333496],[-16.683984,22.274365],[-16.793262,22.159717],[-16.930859,21.9],[-17.009619,21.3771],[-17.098779,20.856885],[-17.048047,20.806152],[-16.998242,21.039697],[-16.971143,21.076465],[-16.92793,21.114795],[-16.876074,21.086133],[-16.728369,20.806152],[-16.62251,20.63418],[-16.562695,20.60415],[-16.534912,20.654004],[-16.53042,20.709521],[-16.479199,20.689795],[-16.429785,20.652344],[-16.33374,20.415869],[-16.210449,20.22793],[-16.241162,20.14126],[-16.233203,20.000977],[-16.283398,19.787158],[-16.444873,19.473145],[-16.305273,19.512646],[-16.371289,19.410254],[-16.474805,19.390625],[-16.514453,19.361963],[-16.476172,19.285059],[-16.305908,19.153809],[-16.213086,19.00332],[-16.150098,18.718164],[-16.084961,18.521191],[-16.046729,18.223145],[-16.030322,17.887939],[-16.078906,17.54585],[-16.207471,17.192578],[-16.34668,16.926416],[-16.463623,16.601514],[-16.481299,16.454248],[-16.535742,16.286816],[-16.535254,15.838379],[-16.570752,15.734424],[-16.843408,15.293994],[-17.147168,14.922021],[-17.411816,14.792187],[-17.535645,14.755127],[-17.44502,14.651611],[-17.418457,14.723486],[-17.345801,14.729297],[-17.260645,14.701074],[-17.168066,14.640625],[-17.079395,14.483057],[-16.973828,14.403223],[-16.880518,14.20835],[-16.797754,14.093262],[-16.791748,14.00415],[-16.742139,14.005811],[-16.66748,14.035596],[-16.618115,14.040527],[-16.6396,14.007471],[-16.733887,13.961182],[-16.766943,13.904932],[-16.74541,13.84043],[-16.647852,13.770996],[-16.587793,13.689551],[-16.562305,13.587305],[-16.530078,13.457959],[-16.440527,13.353174],[-16.351807,13.343359],[-16.135449,13.448242],[-15.849902,13.459961],[-15.569531,13.499854],[-15.438135,13.483203],[-15.42749,13.468359],[-15.471289,13.458643],[-15.617676,13.460107],[-15.804492,13.425391],[-15.986426,13.408838],[-16.158398,13.384033],[-16.187891,13.326172],[-16.185059,13.282715],[-16.27168,13.293799],[-16.413379,13.269727],[-16.556445,13.303223],[-16.59834,13.356836],[-16.614795,13.435303],[-16.669336,13.475],[-16.750391,13.425391],[-16.824805,13.341064],[-16.769336,13.148486],[-16.76333,13.06416],[-16.757373,12.979785],[-16.768945,12.883301],[-16.758984,12.702344],[-16.778418,12.670166],[-16.767969,12.628418],[-16.743896,12.585449],[-16.701416,12.603174],[-16.672559,12.622021],[-16.637842,12.685156],[-16.597656,12.715283],[-16.548828,12.663818],[-16.455029,12.624805],[-16.442871,12.609473],[-16.449951,12.580713],[-16.488086,12.581836],[-16.553223,12.604883],[-16.677637,12.560059],[-16.760303,12.525781],[-16.784863,12.47251],[-16.74585,12.399707],[-16.711816,12.354834],[-16.436816,12.20415],[-16.312305,12.243018],[-16.24458,12.237109],[-16.254736,12.206055],[-16.318848,12.14375],[-16.328076,12.051611],[-16.274316,11.978125],[-16.138428,11.917285],[-15.958789,11.959619],[-15.920215,11.937793],[-15.902734,11.919678],[-15.941748,11.786621],[-15.819385,11.763477],[-15.650684,11.818359],[-15.513477,11.917578],[-15.434766,11.943555],[-15.188086,11.927295],[-15.111523,11.970264],[-15.078271,11.968994],[-15.071973,11.947021],[-15.101709,11.913965],[-15.133105,11.907324],[-15.21084,11.870947],[-15.415723,11.871777],[-15.467187,11.842822],[-15.500244,11.778369],[-15.501904,11.723779],[-15.412988,11.615234],[-15.359668,11.6229],[-15.316699,11.669189],[-15.230371,11.686768],[-15.122412,11.661572],[-15.072656,11.597803],[-15.16377,11.580957],[-15.252588,11.573291],[-15.429102,11.498877],[-15.479492,11.410303],[-15.448975,11.389746],[-15.39917,11.401465],[-15.354687,11.396338],[-15.348437,11.378076],[-15.394531,11.334473],[-15.400586,11.266211],[-15.393115,11.217236],[-15.31748,11.152002],[-15.263379,11.160889],[-15.216699,11.15625],[-15.222119,11.030908],[-15.181055,11.034229],[-15.096777,11.140039],[-15.05459,11.141943],[-15.09375,11.011035],[-15.043018,10.940137],[-15.051221,10.83457],[-15.012402,10.804346],[-14.975,10.803418],[-14.924805,10.944922],[-14.886719,10.968066],[-14.837451,10.962549],[-14.775928,10.931641],[-14.757373,10.862061],[-14.693359,10.741016],[-14.677344,10.688965],[-14.593506,10.766699],[-14.587402,10.734912],[-14.613623,10.617822],[-14.60957,10.549854],[-14.426904,10.24834],[-14.17041,10.128613],[-14.086279,10.127246],[-14.04502,10.14126],[-14.029932,10.115137],[-14.021875,10.047852],[-13.954639,9.968701],[-13.820117,9.887207],[-13.753711,9.870264],[-13.712646,9.922949],[-13.689795,9.927783],[-13.700488,9.85127],[-13.658691,9.776367],[-13.657129,9.639111],[-13.691357,9.535791],[-13.568262,9.543408],[-13.436279,9.420312],[-13.405566,9.360645],[-13.396094,9.314307],[-13.295898,9.218506],[-13.269482,9.170557],[-13.302637,9.078369],[-13.292676,9.049219],[-13.271631,8.987402],[-13.153711,8.897705],[-13.059473,8.881152],[-13.071045,8.856348],[-13.206934,8.843115],[-13.226172,8.765967],[-13.228418,8.695898],[-13.181836,8.576904],[-13.121631,8.58877],[-13.088232,8.625732],[-12.953369,8.615137],[-12.904004,8.65625],[-12.894092,8.629785],[-12.912939,8.581543],[-12.994238,8.526465],[-13.08501,8.424756],[-13.157959,8.442285],[-13.20332,8.484277],[-13.26123,8.487598],[-13.272754,8.429736],[-13.201758,8.33584],[-13.148975,8.2146],[-13.020801,8.200928],[-12.956934,8.145312],[-12.925146,8.055176],[-12.880957,7.856641],[-12.850879,7.818701],[-12.781934,7.791113],[-12.697607,7.715869],[-12.570215,7.700586],[-12.510449,7.753369],[-12.480273,7.753271],[-12.510449,7.665723],[-12.432715,7.54502],[-12.480664,7.44248],[-12.485645,7.386279],[-12.346631,7.341797],[-11.929199,7.183545],[-11.733447,7.088574],[-11.54751,6.946973],[-11.50752,6.906543],[-11.291602,6.688232],[-11.004541,6.557373],[-10.849023,6.465088],[-10.785596,6.310156],[-10.707617,6.258496],[-10.59707,6.210938],[-10.418164,6.167334],[-10.276367,6.077637],[-9.654395,5.518701],[-9.374756,5.241064],[-9.132178,5.054639],[-8.259033,4.58999],[-7.998242,4.508691],[-7.66001,4.366797],[-7.544971,4.351318],[-7.426074,4.376025],[-7.231396,4.485986],[-7.057959,4.544727],[-6.9229,4.63833],[-6.845166,4.671484],[-6.548437,4.761768],[-6.061719,4.952832],[-5.91377,5.010937],[-5.564746,5.089453],[-5.061816,5.130664],[-5.104883,5.162158],[-5.265771,5.159717],[-5.367529,5.150781],[-5.335449,5.191992],[-5.282373,5.210254],[-5.023682,5.203613],[-4.970117,5.147754],[-4.899707,5.13833],[-4.661523,5.172559],[-4.037207,5.230127],[-4.062061,5.256641],[-4.115186,5.261621],[-4.608887,5.235889],[-4.552832,5.279883],[-4.357275,5.301416],[-4.120166,5.309717],[-3.98418,5.293164],[-3.870605,5.220703],[-3.347559,5.130664],[-3.312012,5.160791],[-3.237598,5.3354],[-3.199951,5.354492],[-3.151416,5.348291],[-3.168701,5.203027],[-3.063965,5.157715],[-3.025879,5.150537],[-3.019141,5.130811],[-3.086719,5.12832],[-3.214893,5.147217],[-3.246387,5.114062],[-3.114014,5.088672],[-3.081885,5.082471],[-2.96499,5.046289],[-2.723047,5.013721],[-2.398926,4.929346],[-2.266406,4.874072],[-2.090186,4.764062],[-2.001855,4.762451],[-1.776855,4.880371],[-1.638477,4.980859],[-1.50166,5.037988],[-1.064307,5.182666],[-0.797705,5.226709],[-0.669434,5.318555],[-0.485449,5.394238],[-0.34873,5.500781],[-0.126514,5.568164],[0.259668,5.757324],[0.671875,5.759717],[0.748828,5.760107],[0.949707,5.810254],[1.008008,5.906396],[1.050293,5.993994],[1.105566,6.051367],[1.187207,6.089404],[1.310645,6.146875],[1.622656,6.216797],[1.818164,6.260645],[2.286914,6.328076],[2.706445,6.369238],[2.772461,6.375732],[3.335547,6.396924],[3.430176,6.525],[3.50332,6.531348],[3.716992,6.597949],[3.75166,6.583838],[3.546094,6.477441],[3.489941,6.457275],[3.450781,6.427051],[3.486621,6.408936],[4.125879,6.411377],[4.431348,6.348584],[4.633594,6.217187],[4.861035,6.026318],[5.04209,5.79751],[5.093066,5.76709],[5.10625,5.728125],[5.112402,5.641553],[5.172852,5.602734],[5.27627,5.641553],[5.305371,5.694336],[5.327344,5.70752],[5.325293,5.647949],[5.350293,5.623291],[5.418066,5.624707],[5.456641,5.611719],[5.393848,5.574512],[5.289062,5.57749],[5.21582,5.57168],[5.199219,5.533545],[5.232422,5.483789],[5.38584,5.401758],[5.549707,5.474219],[5.531836,5.426367],[5.500879,5.378613],[5.439258,5.365332],[5.367969,5.337744],[5.36416,5.259277],[5.37002,5.19502],[5.388281,5.173779],[5.475977,5.153857],[5.452148,5.126562],[5.403223,5.142285],[5.383301,5.129004],[5.448145,4.94585],[5.493262,4.83877],[5.553613,4.733203],[5.587793,4.647217],[5.798633,4.455957],[5.906445,4.387744],[5.970703,4.338574],[6.076563,4.290625],[6.17334,4.277393],[6.205566,4.292285],[6.214648,4.385498],[6.270996,4.432129],[6.275293,4.37168],[6.255957,4.334473],[6.263672,4.309424],[6.299805,4.303857],[6.462109,4.333154],[6.5,4.331934],[6.55459,4.341406],[6.57998,4.475977],[6.601562,4.455176],[6.617285,4.375781],[6.633008,4.340234],[6.715137,4.342432],[6.757031,4.343555],[6.860352,4.37334],[6.793066,4.469141],[6.792188,4.592627],[6.786035,4.652002],[6.767676,4.724707],[6.787598,4.724707],[6.824707,4.645264],[6.83916,4.523486],[6.867871,4.441113],[6.923242,4.390674],[7.013379,4.397314],[7.154688,4.514404],[7.16416,4.615576],[7.086914,4.68584],[7.076563,4.716162],[7.143848,4.684082],[7.206738,4.612061],[7.284375,4.547656],[7.459863,4.555225],[7.509473,4.594922],[7.517383,4.645459],[7.530762,4.655176],[7.565625,4.560937],[7.644238,4.525342],[7.800781,4.522266],[8.028516,4.555371],[8.293066,4.557617],[8.328027,4.656104],[8.233789,4.907471],[8.252734,4.923975],[8.34209,4.824756],[8.393652,4.81377],[8.431348,4.74624],[8.514844,4.724707],[8.54375,4.757812],[8.555859,4.755225],[8.570508,4.7521],[8.532813,4.605859],[8.539551,4.571875],[8.574414,4.526221],[8.65625,4.516357],[8.689648,4.550244],[8.660352,4.670996],[8.70791,4.645703],[8.761914,4.580029],[8.807129,4.573437],[8.856445,4.579248],[8.889453,4.572754],[8.918262,4.55376],[8.902832,4.435156],[8.913574,4.357812],[8.932031,4.290234],[8.977051,4.23042],[9.000098,4.091602],[9.113867,4.041064],[9.249121,3.997852],[9.297363,3.972949],[9.310938,3.940381],[9.362305,3.925732],[9.425293,3.922314],[9.462012,3.942529],[9.500781,4.000732],[9.483691,4.066113],[9.511816,4.060645],[9.550586,4.028418],[9.600391,4.026904],[9.669531,4.07666],[9.688867,4.056396],[9.649219,4.00835],[9.639941,3.965332],[9.736133,3.880127],[9.739648,3.85293],[9.628125,3.87002],[9.592773,3.814307],[9.556152,3.798047],[9.615918,3.696484],[9.642383,3.611768],[9.765723,3.623828],[9.67207,3.537598],[9.876172,3.309766],[9.915039,3.239648],[9.948438,3.079053],[9.885449,2.916553],[9.867578,2.734961],[9.821777,2.539258],[9.800781,2.304443],[9.779688,2.068213],[9.807031,1.92749],[9.718848,1.788672],[9.647656,1.617578],[9.632129,1.565527],[9.584277,1.540234],[9.494238,1.435303],[9.434082,1.296387],[9.385938,1.139258],[9.445312,1.120654],[9.509863,1.114795],[9.599414,1.054443],[9.59082,1.031982],[9.575391,0.991309],[9.625879,0.779443],[9.625293,0.631641],[9.617969,0.576514],[9.601074,0.567725],[9.556641,0.594189],[9.538965,0.658691],[9.495313,0.664844],[9.32998,0.61084],[9.324805,0.5521],[9.398828,0.486719],[9.470117,0.361914],[9.546484,0.295947],[9.77666,0.19248],[9.944434,0.219873],[10.001465,0.194971],[9.812695,0.125586],[9.796777,0.044238],[9.738379,0.084961],[9.574316,0.148926],[9.468164,0.159766],[9.411133,0.200439],[9.386133,0.245898],[9.375781,0.307227],[9.354883,0.343604],[9.301855,0.288525],[9.325293,0.11582],[9.339063,-0.058252],[9.29668,-0.35127],[9.136523,-0.57334],[9.081543,-0.624316],[9.037891,-0.636719],[8.995215,-0.634668],[8.946387,-0.68877],[8.821387,-0.708398],[8.757227,-0.614941],[8.703125,-0.591016],[8.844238,-0.913574],[8.876563,-0.946094],[8.909375,-1.025],[8.941895,-1.071484],[9.064648,-1.29834],[9.203809,-1.382422],[9.260156,-1.374219],[9.29668,-1.360938],[9.317871,-1.33291],[9.34668,-1.325],[9.280176,-1.481934],[9.295801,-1.515234],[9.330664,-1.53457],[9.397168,-1.530176],[9.44834,-1.508887],[9.501074,-1.555176],[9.52334,-1.59834],[9.406348,-1.63457],[9.356641,-1.637598],[9.318848,-1.632031],[9.036328,-1.308887],[9.052832,-1.379102],[9.15752,-1.527734],[9.258398,-1.72627],[9.247949,-1.779297],[9.265625,-1.825098],[9.342188,-1.829395],[9.483203,-1.894629],[9.495313,-1.934961],[9.482813,-1.962305],[9.34248,-1.893652],[9.298926,-1.903027],[9.370508,-1.975],[9.402246,-2.027637],[9.533203,-2.163867],[9.574023,-2.22998],[9.591016,-2.293164],[9.624609,-2.36709],[9.676367,-2.415625],[9.768652,-2.413086],[9.86084,-2.442578],[9.959082,-2.489844],[10.062012,-2.549902],[10.034473,-2.575586],[10.001953,-2.588379],[9.763672,-2.473828],[9.72207,-2.467578],[9.759473,-2.518555],[10.006152,-2.74834],[10.347656,-3.013086],[10.585449,-3.278027],[10.640723,-3.398047],[10.848535,-3.561328],[10.947266,-3.662109],[11.032031,-3.826465],[11.130176,-3.916309],[11.364453,-4.130566],[11.393848,-4.200293],[11.668066,-4.434277],[11.777539,-4.56582],[11.780859,-4.676563],[11.80127,-4.705176],[11.820703,-4.755469],[11.893262,-4.865723],[11.966797,-4.954395],[12.002734,-4.982031],[12.018359,-5.004297],[12.039941,-5.035156],[12.110547,-5.197168],[12.177148,-5.324805],[12.206543,-5.468262],[12.180078,-5.538672],[12.155469,-5.632715],[12.199023,-5.731934],[12.213672,-5.758691],[12.24043,-5.807324],[12.315039,-5.895313],[12.411719,-5.986328],[12.45293,-6.000488],[12.514551,-6.004199],[12.680664,-5.96084],[12.791602,-5.877734],[12.86084,-5.854102],[13.00332,-5.836133],[13.068164,-5.864844],[13.009766,-5.907617],[12.790625,-6.003906],[12.553516,-6.045898],[12.380371,-6.084277],[12.302539,-6.092578],[12.283301,-6.124316],[12.334277,-6.187305],[12.402148,-6.353418],[12.521289,-6.590332],[12.823438,-6.954785],[12.862305,-7.231836],[13.09082,-7.780176],[13.378516,-8.369727],[13.366406,-8.469238],[13.368066,-8.554785],[13.37832,-8.624707],[13.358984,-8.687207],[13.053809,-9.006836],[13.046582,-8.975195],[13.077246,-8.934277],[13.092773,-8.899707],[13.046777,-8.922266],[12.998535,-8.991016],[12.998535,-9.048047],[13.075977,-9.230371],[13.155664,-9.389648],[13.196875,-9.550684],[13.209375,-9.703223],[13.2875,-9.826758],[13.332227,-9.998926],[13.49541,-10.257129],[13.539453,-10.420703],[13.633496,-10.512305],[13.721387,-10.633594],[13.738965,-10.757129],[13.833594,-10.929688],[13.847461,-11.054395],[13.784277,-11.487988],[13.785352,-11.812793],[13.685547,-12.123828],[13.597949,-12.286133],[13.416992,-12.52041],[13.162695,-12.652148],[12.983203,-12.775684],[12.897656,-13.027734],[12.550488,-13.437793],[12.503711,-13.755469],[12.378906,-14.039062],[12.280469,-14.6375],[12.073242,-15.248242],[12.016113,-15.513672],[11.967871,-15.633984],[11.899902,-15.719824],[11.849707,-15.768359],[11.750879,-15.831934],[11.769434,-15.915332],[11.796973,-15.986426],[11.819922,-16.504297],[11.818945,-16.704102],[11.780078,-16.871289],[11.743066,-17.249219],[11.72168,-17.466797],[11.733496,-17.750977],[11.775879,-18.001758],[11.951367,-18.270508],[12.041211,-18.470703],[12.095703,-18.540918],[12.328711,-18.751074],[12.458203,-18.926758],[13.04209,-20.028223],[13.168359,-20.184668],[13.284375,-20.523926],[13.450586,-20.916699],[13.839355,-21.473242],[13.888086,-21.606641],[13.973242,-21.767578],[14.321875,-22.189941],[14.462793,-22.449121],[14.525977,-22.702539],[14.519922,-22.805176],[14.495703,-22.921387],[14.459277,-22.908203],[14.438477,-22.880566],[14.40332,-22.968066],[14.423828,-23.078613],[14.473828,-23.281152],[14.472461,-23.47666],[14.496875,-23.642871],[14.483398,-24.050391],[14.501563,-24.201953],[14.62793,-24.548047],[14.767969,-24.787988],[14.837109,-25.033203],[14.818555,-25.246387],[14.822559,-25.358594],[14.863672,-25.533594],[14.845215,-25.725684],[14.93125,-25.958203],[14.967773,-26.318066],[15.096582,-26.425781],[15.139063,-26.508008],[15.163281,-26.600195],[15.12373,-26.667871],[15.132812,-26.787598],[15.215723,-26.995117],[15.287598,-27.275],[15.341504,-27.386523],[15.719043,-27.96582],[15.890918,-28.152539],[16.007129,-28.231738],[16.335059,-28.536523],[16.447559,-28.617578],[16.480762,-28.641504],[16.739453,-29.009375],[16.95,-29.403418],[17.189063,-30.099805],[17.34707,-30.444824],[17.677441,-31.019043],[17.938574,-31.383203],[18.163672,-31.655176],[18.21084,-31.74248],[18.310742,-32.122461],[18.329883,-32.269531],[18.325293,-32.50498],[18.250879,-32.652148],[18.125,-32.749121],[18.036523,-32.775098],[17.965234,-32.708594],[17.895313,-32.750488],[17.851074,-32.827441],[17.878223,-32.961523],[17.958398,-33.046387],[17.992578,-33.152344],[18.074805,-33.207324],[18.156348,-33.358789],[18.26123,-33.42168],[18.309473,-33.514453],[18.433008,-33.717285],[18.456445,-33.796484],[18.465039,-33.887793],[18.354395,-33.939063],[18.333398,-34.074219],[18.352051,-34.188477],[18.410352,-34.295605],[18.461621,-34.346875],[18.462109,-34.168066],[18.500391,-34.109277],[18.533887,-34.085938],[18.605176,-34.077344],[18.708691,-34.071875],[18.752148,-34.082617],[18.808789,-34.108203],[18.826367,-34.188477],[18.830664,-34.253906],[18.825098,-34.296484],[18.831348,-34.364063],[18.901563,-34.360645],[18.952148,-34.34375],[19.09834,-34.350098],[19.149121,-34.416895],[19.244629,-34.412305],[19.279395,-34.437012],[19.330762,-34.492383],[19.323242,-34.570801],[19.298242,-34.615039],[19.391504,-34.605664],[19.634961,-34.75332],[19.85,-34.756641],[19.92627,-34.774707],[20.020605,-34.785742],[20.434668,-34.508594],[20.529883,-34.463086],[20.774805,-34.439941],[20.882422,-34.386523],[20.989844,-34.36748],[21.060156,-34.364648],[21.248926,-34.407031],[21.349805,-34.408203],[21.553223,-34.373047],[21.788965,-34.372656],[22.245508,-34.069141],[22.414453,-34.053809],[22.553809,-34.010059],[22.735547,-34.010254],[22.925586,-34.063184],[23.268164,-34.081152],[23.350391,-34.068945],[23.585547,-33.985156],[23.697852,-33.992773],[24.183008,-34.061523],[24.595508,-34.174512],[24.827148,-34.168945],[24.905566,-34.059766],[25.00293,-33.973633],[25.169727,-33.960742],[25.477246,-34.028125],[25.574219,-34.035352],[25.638184,-34.011133],[25.652441,-33.849609],[25.805859,-33.737109],[25.989551,-33.711328],[26.429492,-33.75957],[26.613672,-33.707422],[27.077441,-33.521191],[27.36377,-33.360547],[27.762109,-33.095996],[27.860645,-33.053906],[28.214063,-32.769238],[28.449414,-32.624609],[28.855957,-32.294238],[29.127832,-32.003125],[29.48291,-31.674707],[29.735156,-31.47041],[29.830273,-31.423828],[29.971191,-31.32207],[30.288672,-30.970117],[30.472266,-30.714551],[30.663574,-30.43418],[30.877637,-30.071094],[31.02334,-29.900879],[31.169922,-29.59082],[31.335156,-29.378125],[31.778223,-28.937109],[31.891504,-28.912109],[31.955371,-28.883789],[32.027246,-28.839551],[32.285742,-28.621484],[32.375195,-28.498242],[32.534766,-28.199707],[32.657031,-27.607324],[32.705859,-27.441602],[32.849121,-27.080176],[32.886133,-26.849316],[32.88916,-26.830469],[32.933594,-26.252344],[32.954883,-26.083594],[32.916406,-26.086914],[32.894043,-26.129883],[32.848828,-26.268066],[32.803906,-26.241406],[32.769629,-26.203027],[32.703516,-26.158496],[32.647461,-26.091992],[32.59043,-26.004102],[32.655859,-25.901758],[32.722559,-25.820898],[32.792188,-25.644336],[32.961133,-25.49043],[33.347461,-25.260938],[33.530078,-25.188867],[33.836035,-25.067969],[34.607324,-24.821289],[34.99209,-24.650586],[35.155957,-24.541406],[35.254883,-24.430273],[35.438086,-24.171191],[35.489648,-24.065527],[35.541992,-23.824414],[35.522461,-23.784961],[35.485352,-23.784473],[35.462109,-23.851074],[35.398828,-23.837695],[35.37041,-23.798242],[35.376953,-23.707813],[35.494434,-23.185156],[35.575391,-22.963086],[35.505762,-22.77207],[35.490234,-22.657715],[35.541992,-22.376563],[35.540234,-22.302637],[35.530078,-22.248145],[35.504883,-22.190137],[35.49375,-22.124707],[35.456348,-22.115918],[35.418848,-22.177637],[35.400879,-22.316211],[35.407813,-22.402539],[35.383008,-22.45459],[35.315723,-22.396875],[35.325586,-22.260352],[35.329297,-22.037402],[35.272949,-21.761719],[35.267676,-21.650977],[35.128027,-21.395313],[35.117578,-21.195215],[34.982324,-20.80625],[34.877051,-20.670801],[34.764746,-20.561914],[34.705078,-20.473047],[34.698145,-20.404395],[34.75,-20.09082],[34.74502,-19.929492],[34.755762,-19.821973],[34.713477,-19.767188],[34.649414,-19.701367],[34.720996,-19.70957],[34.852344,-19.820508],[34.89082,-19.821777],[34.947852,-19.812695],[35.365332,-19.493945],[35.65127,-19.163867],[35.853711,-18.993359],[35.980078,-18.9125],[36.125,-18.842383],[36.183203,-18.871387],[36.235645,-18.861328],[36.262891,-18.719629],[36.327246,-18.793164],[36.403711,-18.769727],[36.412207,-18.692969],[36.498047,-18.575781],[36.540137,-18.518164],[36.756152,-18.307324],[36.899609,-18.129004],[36.919238,-18.080078],[36.939355,-17.993457],[36.999512,-17.934961],[37.050586,-17.909277],[37.244531,-17.739941],[37.512305,-17.570703],[37.839453,-17.393164],[38.048242,-17.321387],[38.086914,-17.275977],[38.144922,-17.242773],[38.380762,-17.170117],[38.633301,-17.07832],[38.669922,-17.050293],[38.713281,-17.045703],[38.757617,-17.055176],[38.884766,-17.041602],[38.956055,-17.00459],[39.084375,-16.972852],[39.181738,-16.841992],[39.242285,-16.792578],[39.625391,-16.579395],[39.764551,-16.468164],[39.844629,-16.435645],[39.790918,-16.294531],[39.859766,-16.251758],[39.983594,-16.225488],[40.099219,-16.065332],[40.108887,-16.025293],[40.108789,-15.979297],[40.208008,-15.86709],[40.313867,-15.763965],[40.558984,-15.473438],[40.650977,-15.260938],[40.653125,-15.192676],[40.617773,-15.115527],[40.642188,-15.082422],[40.694336,-15.065234],[40.687402,-15.011621],[40.700684,-14.929785],[40.775977,-14.84248],[40.835156,-14.791504],[40.844531,-14.718652],[40.820605,-14.634961],[40.826953,-14.569043],[40.812109,-14.535547],[40.818164,-14.467578],[40.775,-14.421289],[40.72666,-14.420703],[40.646094,-14.538672],[40.635547,-14.451855],[40.639941,-14.390039],[40.713086,-14.290625],[40.715625,-14.214453],[40.649512,-14.198828],[40.602539,-14.167383],[40.595703,-14.122852],[40.590527,-13.84502],[40.559863,-13.620313],[40.558203,-13.531445],[40.545117,-13.462891],[40.58291,-13.374023],[40.551953,-13.29375],[40.569531,-13.223438],[40.564453,-13.115234],[40.573242,-13.057715],[40.56875,-12.984668],[40.436816,-12.983105],[40.435156,-12.935938],[40.447656,-12.904785],[40.55332,-12.824609],[40.57207,-12.758398],[40.580859,-12.635547],[40.54834,-12.526563],[40.487109,-12.492188],[40.523145,-12.392773],[40.50918,-12.312891],[40.501465,-12.119434],[40.531543,-12.00459],[40.510449,-11.94043],[40.493555,-11.844434],[40.433105,-11.657324],[40.465137,-11.449414],[40.402832,-11.332031],[40.420996,-11.265625],[40.491406,-11.178906],[40.544531,-11.065625],[40.526855,-11.025391],[40.50625,-10.998438],[40.516113,-10.92959],[40.597168,-10.830664],[40.486621,-10.765137],[40.555078,-10.716211],[40.611719,-10.661523],[40.516699,-10.567383],[40.463574,-10.464355],[40.452539,-10.442969],[40.435547,-10.410254],[40.38877,-10.353516],[40.216016,-10.240625],[40.137891,-10.202637],[40.083691,-10.156641],[39.983594,-10.15957],[39.945215,-10.092285],[39.86377,-10.021973],[39.725195,-10.000488],[39.783789,-9.914551],[39.774805,-9.837109],[39.72793,-9.724805],[39.69668,-9.578418],[39.625488,-9.409473],[39.641309,-9.19248],[39.45127,-8.942969],[39.480078,-8.905957],[39.488379,-8.861816],[39.377344,-8.720801],[39.304004,-8.443848],[39.308984,-8.350977],[39.340039,-8.242871],[39.441016,-8.011523],[39.428418,-7.812793],[39.330469,-7.74668],[39.287012,-7.787695],[39.288477,-7.517871],[39.353125,-7.341406],[39.433398,-7.207031],[39.519238,-7.124121],[39.546094,-7.024023],[39.472363,-6.878613],[39.287305,-6.814941],[39.228418,-6.685254],[39.125488,-6.555957],[39.067383,-6.499316],[38.981445,-6.455078],[38.874023,-6.33125],[38.855273,-6.204883],[38.804688,-6.070117],[38.819238,-5.877637],[38.911035,-5.625977],[38.978223,-5.518555],[39.058301,-5.231543],[39.087988,-5.16543],[39.11875,-5.06543],[39.123242,-4.980469],[39.201855,-4.776465],[39.221777,-4.692383],[39.228125,-4.665527],[39.2875,-4.608594],[39.376953,-4.625488],[39.490918,-4.478418],[39.637109,-4.152832],[39.658008,-4.119141],[39.686914,-4.067871],[39.731641,-3.993262],[39.745801,-3.955176],[39.761426,-3.913086],[39.819141,-3.786035],[39.860938,-3.576758],[39.896289,-3.53584],[39.936816,-3.44248],[39.991699,-3.350684],[40.11543,-3.250586],[40.128125,-3.17334],[40.194727,-3.019238],[40.179785,-2.819043],[40.222461,-2.688379],[40.278516,-2.628613],[40.404492,-2.555664],[40.644141,-2.539453],[40.813184,-2.392383],[40.820117,-2.336328],[40.898242,-2.269922],[40.922363,-2.19375],[40.905859,-2.1375],[40.889746,-2.023535],[40.916602,-2.04248],[40.952148,-2.055957],[40.970703,-1.991797],[40.995508,-1.950586],[41.058691,-1.975195],[41.106836,-1.982324],[41.26748,-1.94502],[41.386914,-1.866992],[41.532715,-1.695312],[41.632031,-1.578516],[41.732227,-1.430078],[41.846191,-1.203418],[41.888281,-1.150586],[41.92627,-1.055566],[41.979883,-0.973047],[42.10625,-0.856152],[42.218945,-0.737988],[42.399414,-0.510059],[42.465625,-0.456543],[42.560742,-0.321484],[42.63418,-0.250781],[42.712109,-0.175684],[43.467676,0.621631],[43.717578,0.857861],[44.032715,1.105908],[44.332715,1.390967],[44.920215,1.810156],[45.82627,2.309863],[46.051172,2.475146],[46.878809,3.285645],[47.511426,3.968262],[47.975293,4.497021],[48.233984,4.952686],[48.649023,5.494385],[49.049316,6.173633],[49.092676,6.407861],[49.234961,6.777344],[49.348535,6.990527],[49.57002,7.296973],[49.671191,7.469531],[49.76123,7.659521],[49.852051,7.962549],[50.102832,8.199805],[50.285742,8.509424],[50.321191,8.61958],[50.429785,8.845264],[50.637988,9.109277],[50.685156,9.241162],[50.825,9.428174],[50.832813,9.710498],[50.87373,9.92417],[50.898438,10.253125],[50.930078,10.335547],[51.035938,10.385156],[51.208789,10.431055],[51.268164,10.403125],[51.38457,10.386523],[51.390234,10.422607],[51.369141,10.475244],[51.295703,10.498682],[51.192969,10.554639],[51.185547,10.529834],[51.188281,10.479736],[51.063184,10.433936],[51.031836,10.444775],[51.050781,10.471973],[51.093848,10.488525],[51.104883,10.53584],[51.13125,10.595898],[51.140625,10.656885],[51.122266,11.076758],[51.084277,11.335645],[51.136328,11.505127],[51.218164,11.657666],[51.231836,11.74502],[51.254883,11.830713],[51.191309,11.841992],[50.792285,11.983691],[50.635938,11.943799],[50.52832,11.823193],[50.466211,11.727539],[50.110059,11.529297],[49.64209,11.450928],[49.388281,11.342725],[49.062109,11.27085],[48.938574,11.258447],[48.903125,11.254883],[48.674414,11.322656],[48.572559,11.320508],[48.438867,11.290137],[48.019238,11.139355],[47.7125,11.112012],[47.473828,11.174805],[47.40498,11.174023],[47.230078,11.099902],[46.973438,10.925391],[46.565039,10.745996],[46.460254,10.73418],[46.253906,10.781104],[46.024512,10.793701],[45.816699,10.835889],[45.695898,10.803906],[45.337695,10.649756],[44.942969,10.436719],[44.386523,10.430225],[44.279297,10.471875],[44.158203,10.550781],[43.852734,10.784277],[43.631152,11.035449],[43.441211,11.346436],[43.245996,11.499805],[43.161719,11.566016],[43.042773,11.588477],[42.911523,11.586621],[42.789746,11.561719],[42.652734,11.50957],[42.583789,11.496777],[42.539746,11.504297],[42.521777,11.572168],[42.640039,11.560107],[42.799023,11.739404],[43.048047,11.829053],[43.27207,11.969531],[43.336719,12.027002],[43.380273,12.09126],[43.409766,12.189941],[43.353516,12.367041],[43.298633,12.463867],[43.130859,12.660449],[43.116699,12.708594],[43.08291,12.824609],[42.999023,12.899512],[42.969531,12.80835],[42.796191,12.864258],[42.734473,13.018604],[42.522852,13.221484],[42.399316,13.212598],[42.346484,13.398096],[42.245117,13.587646],[41.658203,13.983057],[41.479688,14.243896],[41.176465,14.620312],[40.799316,14.743018],[40.634375,14.883008],[40.546289,14.933594],[40.436523,14.963965],[40.305273,14.974023],[40.204102,15.014111],[40.084082,15.151953],[40.057813,15.21709],[40.041016,15.334521],[39.97832,15.393115],[39.86377,15.470312],[39.813477,15.413574],[39.790332,15.318848],[39.815625,15.245312],[39.819434,15.20127],[39.785547,15.124854],[39.720801,15.213672],[39.63125,15.452539],[39.578809,15.52251],[39.506543,15.532129],[39.422266,15.78667],[39.298926,15.921094],[39.222559,16.193701],[39.142578,16.72915],[39.034473,17.085547],[38.911719,17.427148],[38.609473,18.005078],[38.574023,18.072949],[38.33291,18.219043],[38.283105,18.286719],[38.252148,18.264404],[38.201758,18.249414],[38.128125,18.333301],[38.074023,18.409766],[37.921875,18.555908],[37.729785,18.694336],[37.599414,18.717432],[37.531641,18.753125],[37.471289,18.820117],[37.361523,19.091992],[37.248438,19.581885],[37.262598,19.791895],[37.193164,20.120703],[37.187891,20.394922],[37.227539,20.556738],[37.172656,20.731982],[37.156836,20.894922],[37.141113,20.981787],[37.150586,21.10376],[37.21748,21.077637],[37.257227,21.039404],[37.263184,21.072656],[37.258594,21.108545],[37.211719,21.18584],[37.081152,21.326025],[36.926953,21.586523],[36.882617,21.768799],[36.871387,21.996729],[36.87041,22.015771],[36.829688,22.097656],[36.414551,22.394189],[36.229688,22.628809],[35.913379,22.739648],[35.845801,22.785693],[35.797363,22.84873],[35.697852,22.946191],[35.564355,23.271094],[35.522754,23.442529],[35.504395,23.779297],[35.515234,23.842871],[35.54082,23.920654],[35.593848,23.942578],[35.632031,23.950342],[35.783887,23.937793],[35.624707,24.066016],[35.477832,24.154785],[35.39707,24.269971],[35.194141,24.475146],[34.853223,25.139795],[34.679297,25.442529],[34.565137,25.691162],[34.329297,26.024365],[34.049512,26.550732],[33.959082,26.649023],[33.893066,27.049463],[33.849316,27.184912],[33.80166,27.268164],[33.697266,27.341113],[33.657422,27.430566],[33.549805,27.607373],[33.558789,27.701221],[33.54707,27.898145],[33.494922,27.974463],[33.372266,28.050586],[33.202148,28.208301],[33.022852,28.442285],[32.898242,28.565234],[32.856543,28.630615],[32.829492,28.702881],[32.784473,28.786621],[32.658887,28.927734],[32.631836,28.992236],[32.638086,29.182178],[32.599023,29.321924],[32.565039,29.386328],[32.397266,29.533789],[32.359766,29.630664],[32.408594,29.749316],[32.489453,29.851514],[32.473047,29.925439],[32.565723,29.973975],[32.647168,29.798437],[32.721484,29.521777],[32.766699,29.45],[32.811719,29.4],[32.870605,29.28623],[33.075781,29.073047],[33.130176,28.978271],[33.203711,28.777783],[33.201953,28.695703],[33.247754,28.567725],[33.416113,28.389844],[33.594141,28.255566],[33.760254,28.047656],[34.045117,27.828857],[34.220117,27.764307],[34.318555,27.888965],[34.399707,28.016016],[34.427148,28.106494],[34.446484,28.357324],[34.617188,28.75791],[34.736426,29.270605],[34.848535,29.432129],[34.904297,29.477344],[34.973438,29.555029],[34.982227,29.484473],[34.950781,29.353516],[34.799121,28.720508],[34.779883,28.507324],[34.683301,28.264111],[34.616211,28.14834],[34.625,28.064502],[34.72207,28.130664],[34.827539,28.108594],[35.07832,28.087012],[35.180469,28.034863],[35.423828,27.733789],[35.581348,27.432471],[35.762988,27.258789],[35.85166,27.070459],[36.032031,26.881006],[36.09375,26.76582],[36.249609,26.594775],[36.51875,26.104883],[36.675195,26.038867],[36.702539,25.902881],[36.762695,25.751318],[36.860156,25.69248],[36.920703,25.641162],[37.148828,25.291113],[37.218359,25.150684],[37.243457,25.073437],[37.266309,24.960059],[37.22041,24.87334],[37.180859,24.82002],[37.338477,24.61582],[37.430957,24.459033],[37.543066,24.29165],[37.638184,24.277734],[37.713379,24.274414],[37.820996,24.1875],[37.919727,24.1854],[37.977832,24.124561],[38.098633,24.058008],[38.288867,23.910986],[38.46416,23.711865],[38.542285,23.55791],[38.706055,23.305518],[38.757031,23.194287],[38.796875,23.048584],[38.835547,22.989063],[38.941113,22.881836],[38.88291,22.882031],[38.93877,22.804785],[39.007422,22.770068],[39.001367,22.698975],[39.062012,22.592187],[39.095898,22.392773],[39.069922,22.293652],[39.033984,22.203369],[39.021191,22.033447],[38.987891,21.881738],[39.029785,21.775977],[39.091016,21.663965],[39.14707,21.518994],[39.150684,21.432764],[39.093555,21.310352],[39.276074,20.973975],[39.491211,20.737012],[39.613672,20.517676],[39.72832,20.390332],[39.884082,20.292969],[40.080664,20.265918],[40.482227,19.993457],[40.615918,19.822363],[40.75918,19.755469],[40.777051,19.716895],[40.791602,19.646387],[40.847852,19.555273],[40.913281,19.490137],[41.116016,19.082178],[41.144141,18.989063],[41.19082,18.871191],[41.220801,18.765234],[41.229492,18.678418],[41.431738,18.452441],[41.507617,18.256104],[41.658008,18.007666],[41.75,17.885742],[42.052246,17.669336],[42.293945,17.434961],[42.332422,17.256641],[42.383301,17.122461],[42.475,17.049854],[42.544141,16.959668],[42.55293,16.868457],[42.647461,16.801367],[42.698828,16.736963],[42.726367,16.65332],[42.730664,16.569824],[42.789844,16.451562],[42.799316,16.371777],[42.839648,16.032031],[42.717188,15.654639],[42.799902,15.371631],[42.799023,15.32627],[42.788477,15.265723],[42.736426,15.293555],[42.697852,15.326318],[42.657813,15.232812],[42.855664,15.132959],[42.89707,15.005566],[42.936426,14.938574],[42.937305,14.898047],[42.912988,14.863086],[42.922168,14.817383],[42.946973,14.773145],[43.021094,14.554883],[43.01875,14.520801],[43.00625,14.483105],[43.044824,14.341553],[43.093359,14.203662],[43.089063,14.010986],[43.234082,13.858936],[43.282422,13.692529],[43.282617,13.639844],[43.231934,13.26709],[43.475293,12.839014],[43.487598,12.698828],[43.634375,12.744482],[43.835352,12.674414],[43.929785,12.616504],[44.005859,12.607666],[44.111523,12.638672],[44.260352,12.644629],[44.358496,12.669141],[44.617773,12.817236],[44.755273,12.76377],[44.889844,12.78418],[45.038672,12.815869],[45.109766,12.938574],[45.163867,12.998291],[45.393555,13.067041],[45.533984,13.233496],[45.657324,13.338721],[45.919727,13.394287],[46.203125,13.423828],[46.501953,13.415576],[46.663477,13.432715],[46.788867,13.465576],[46.975684,13.547461],[47.242578,13.609375],[47.407715,13.661621],[47.633398,13.858447],[47.855078,13.956934],[47.916016,14.012842],[47.989941,14.048096],[48.277832,13.997656],[48.449023,14.005908],[48.59375,14.04624],[48.668359,14.050146],[48.77998,14.123877],[48.928711,14.26748],[49.004688,14.355029],[49.048047,14.456445],[49.10293,14.500049],[49.349902,14.637793],[49.548633,14.722412],[49.906348,14.828125],[50.166895,14.851025],[50.338574,14.927197],[50.527051,15.038184],[51.015137,15.140771],[51.322461,15.22627],[51.603711,15.336816],[51.681543,15.379102],[51.748633,15.440137],[51.830762,15.459277],[51.96582,15.535693],[52.087305,15.585938],[52.21748,15.655518],[52.22207,15.760596],[52.174023,15.956836],[52.237305,16.171387],[52.327734,16.293555],[52.448438,16.39126],[52.581445,16.470361],[53.085645,16.648389],[53.297754,16.72334],[53.609863,16.759961],[53.775391,16.855713],[53.954395,16.917822],[54.068164,17.005518],[54.376953,17.033643],[54.566504,17.03125],[54.664648,17.008887],[54.771875,16.964648],[55.06416,17.038916],[55.17373,17.157617],[55.275195,17.320898],[55.295605,17.381592],[55.281445,17.44624],[55.238184,17.504736],[55.255371,17.585645],[55.479102,17.843262],[55.613867,17.886084],[55.997656,17.935205],[56.270313,17.950781],[56.383496,17.987988],[56.550781,18.165967],[56.655078,18.587354],[56.825977,18.753516],[56.957227,18.827832],[57.176563,18.902588],[57.42793,18.943799],[57.675781,18.957861],[57.738477,18.977344],[57.811621,19.01709],[57.790332,19.145947],[57.763965,19.25332],[57.76084,19.432227],[57.715137,19.606934],[57.71416,19.678418],[57.741211,19.804492],[57.802148,19.95459],[57.843652,20.117725],[57.861816,20.244141],[57.947168,20.343604],[58.10293,20.570361],[58.169434,20.589502],[58.24502,20.599219],[58.231641,20.506836],[58.208984,20.423975],[58.266016,20.395459],[58.34873,20.386914],[58.474219,20.406885],[58.53418,20.503906],[58.69043,20.807129],[58.895703,21.112793],[59.06875,21.289062],[59.304492,21.435352],[59.371484,21.498828],[59.517578,21.782324],[59.652539,21.951367],[59.680859,22.053809],[59.8,22.219922],[59.824414,22.305176],[59.8375,22.420557],[59.823242,22.508984],[59.695605,22.546143],[59.535156,22.578516],[59.429395,22.66084],[59.310938,22.793359],[59.194727,22.971875],[59.029883,23.130566],[58.983398,23.234717],[58.911523,23.33418],[58.830371,23.397461],[58.773047,23.517187],[58.578027,23.643457],[58.5,23.645654],[58.393164,23.618164],[58.324512,23.623828],[58.12041,23.716553],[57.825098,23.759131],[57.611328,23.803662],[57.219824,23.922754],[57.123047,23.980713],[56.9125,24.150195],[56.774121,24.33457],[56.640625,24.470312],[56.489844,24.716357],[56.387988,24.979199],[56.372852,25.018311],[56.363477,25.569385],[56.297852,25.650684],[56.307227,25.709326],[56.329297,25.751953],[56.373633,25.80459],[56.416406,26.10874],[56.417773,26.208154],[56.429785,26.327197],[56.413086,26.351172],[56.378711,26.356348],[56.346484,26.313623],[56.305566,26.235205],[56.228418,26.219775],[56.197266,26.229199],[56.164453,26.207031],[56.080469,26.062646],[56.074609,26.052783],[56.025195,25.916016],[55.941211,25.793994],[55.522852,25.498145],[55.433398,25.394482],[55.32168,25.299805],[55.303516,25.236816],[55.098145,25.041602],[54.746777,24.810449],[54.658984,24.715527],[54.624121,24.621289],[54.580469,24.563525],[54.534668,24.530957],[54.498828,24.462695],[54.458398,24.358252],[54.39707,24.278174],[54.304297,24.254297],[54.147949,24.171191],[53.893359,24.077051],[53.801758,24.069482],[53.32959,24.098438],[53.026367,24.147314],[52.648242,24.154639],[52.511426,24.1125],[52.250879,23.995215],[52.118555,23.971094],[51.906055,23.985352],[51.843164,24.010889],[51.791699,24.074756],[51.767578,24.254395],[51.734766,24.262793],[51.664551,24.250439],[51.623145,24.301074],[51.605469,24.338428],[51.568359,24.286182],[51.534766,24.286328],[51.476758,24.308203],[51.395215,24.318848],[51.309863,24.340381],[51.369922,24.476904],[51.418359,24.530957],[51.41123,24.570801],[51.338477,24.564355],[51.267969,24.607227],[51.396484,24.645117],[51.42793,24.668262],[51.533398,24.890869],[51.586914,24.964844],[51.608887,25.052881],[51.601953,25.147949],[51.561426,25.284473],[51.519531,25.389746],[51.510254,25.452344],[51.485352,25.524707],[51.526953,25.682129],[51.572266,25.781006],[51.543066,25.902393],[51.389063,26.011133],[51.262305,26.153271],[51.108105,26.080566],[51.003125,25.981445],[50.903809,25.724072],[50.868652,25.612695],[50.802637,25.49707],[50.762891,25.444727],[50.75459,25.399268],[50.777344,25.177441],[50.846777,24.888574],[50.835938,24.850391],[50.804395,24.789258],[50.725586,24.869385],[50.666895,24.963818],[50.55791,25.08667],[50.508496,25.306689],[50.455176,25.424805],[50.28125,25.566113],[50.238965,25.622852],[50.189648,25.755811],[50.130273,25.846631],[50.081055,25.961377],[50.031641,26.110986],[50.053906,26.122852],[50.095996,26.118701],[50.135254,26.100684],[50.155469,26.100537],[50.213867,26.308496],[50.184961,26.404932],[50.110742,26.455957],[50.027344,26.526855],[50.011328,26.608789],[50.008105,26.678516],[50.026367,26.699219],[50.086621,26.676416],[50.134668,26.659521],[50.149805,26.662646],[49.986133,26.828906],[49.716504,26.955859],[49.537695,27.151758],[49.405273,27.180957],[49.281543,27.310498],[49.175098,27.437646],[49.2375,27.492725],[49.15752,27.528223],[49.086914,27.548584],[48.906445,27.629053],[48.797168,27.724316],[48.807227,27.765283],[48.832813,27.800684],[48.808984,27.895898],[48.77373,27.959082],[48.626367,28.132568],[48.523047,28.355029],[48.498535,28.448877],[48.44248,28.54292],[48.389648,28.631592],[48.371289,28.691846],[48.339258,28.763281],[48.25293,28.90127],[48.183789,28.979395],[48.100391,29.210742],[48.086328,29.275488],[48.051465,29.355371],[47.998145,29.385547],[47.935352,29.366602],[47.845313,29.365723],[47.722656,29.393018],[47.725293,29.416943],[47.81748,29.487402],[47.969629,29.616699],[48.04834,29.59751],[48.089453,29.579102],[48.143457,29.572461],[48.136133,29.618115],[48.077344,29.715576],[48.005664,29.835791],[47.973633,29.945898],[47.978711,29.982812],[47.98252,30.011328],[48.072754,30.043213],[48.141699,30.040918],[48.35459,29.956738],[48.454199,29.938477],[48.546484,29.962354],[48.595508,29.975049],[48.670898,30.02832],[48.832422,30.035498],[48.870117,30.062402],[48.919141,30.120898],[48.908691,30.241455],[48.891211,30.327637],[48.916797,30.397266],[49.037109,30.450488],[49.001953,30.506543],[49.130371,30.509424],[49.224512,30.472314],[49.247266,30.4125],[49.190332,30.375391],[49.096191,30.406787],[49.049023,30.397266],[49.001953,30.373926],[49.028125,30.333447],[49.054297,30.306934],[49.42998,30.130469],[49.554883,30.028955],[49.983105,30.209375],[50.071582,30.198535],[50.128906,30.048096],[50.168945,29.92124],[50.230176,29.8729],[50.386914,29.679053],[50.543555,29.547998],[50.649609,29.420068],[50.667969,29.339844],[50.646094,29.212207],[50.675195,29.146582],[50.795508,29.117432],[50.875781,29.062695],[50.875781,29.004395],[50.842969,28.927832],[50.866992,28.870166],[51.021191,28.78208],[51.062012,28.726123],[51.093848,28.512109],[51.128418,28.435156],[51.276074,28.218848],[51.278906,28.131348],[51.518555,27.91001],[51.589063,27.864209],[51.666309,27.844971],[51.841992,27.848242],[52.030762,27.824414],[52.191895,27.717285],[52.475879,27.616504],[52.602637,27.493359],[52.638184,27.391992],[52.691602,27.323389],[52.98252,27.141943],[53.341699,27.004492],[53.45498,26.943262],[53.507129,26.851758],[53.705762,26.725586],[53.822559,26.707715],[54.069336,26.732373],[54.24707,26.696631],[54.52207,26.58916],[54.644922,26.508936],[54.759277,26.505078],[54.895801,26.556689],[55.15459,26.725391],[55.294141,26.785937],[55.424023,26.770557],[55.518555,26.829932],[55.591602,26.932129],[55.650293,26.977539],[55.941113,27.037598],[56.118066,27.143115],[56.284375,27.190625],[56.356152,27.200244],[56.728125,27.127686],[56.812891,27.08999],[56.910449,26.99458],[56.982227,26.905469],[57.036035,26.800684],[57.071973,26.680078],[57.104297,26.371436],[57.201367,26.158838],[57.205566,26.037207],[57.260938,25.918848],[57.33457,25.791553],[57.73252,25.724902],[57.796094,25.653027],[57.936621,25.69165],[58.022363,25.64082],[58.20293,25.591602],[58.314258,25.580859],[58.530859,25.592432],[58.797852,25.55459],[59.046094,25.417285],[59.227246,25.427734],[59.456055,25.481494],[59.616016,25.403271],[59.818359,25.400879],[59.89707,25.361816],[60.024707,25.384131],[60.400195,25.311572],[60.510547,25.437061],[60.5875,25.413525],[60.615137,25.329834],[60.663867,25.282227],[61.108594,25.183887],[61.242969,25.141992],[61.412207,25.1021],[61.490332,25.153662],[61.533105,25.195508],[61.743652,25.138184],[61.90791,25.131299],[62.089453,25.155322],[62.152148,25.206641],[62.198633,25.224854],[62.24873,25.197363],[62.315332,25.134912],[62.391211,25.152539],[62.444727,25.197266],[62.572461,25.254736],[62.664746,25.264795],[63.015039,25.224658],[63.17002,25.254883],[63.285742,25.227588],[63.491406,25.21084],[63.495703,25.29751],[63.556641,25.353174],[63.720898,25.385889],[63.935547,25.342529],[63.987305,25.351172],[64.059375,25.40293],[64.124902,25.373926],[64.152051,25.333447],[64.54375,25.23667],[64.594043,25.206299],[64.658984,25.184082],[64.77666,25.307324],[65.061328,25.311084],[65.40625,25.374316],[65.679688,25.355273],[65.883594,25.419629],[66.234668,25.464355],[66.32832,25.465771],[66.40293,25.446826],[66.467676,25.445312],[66.407129,25.485059],[66.356445,25.507373],[66.131152,25.493262],[66.162305,25.553906],[66.219043,25.589893],[66.324219,25.601807],[66.428613,25.575342],[66.533887,25.484375],[66.569922,25.378516],[66.698633,25.226318],[66.709863,25.111328],[66.682227,24.928857],[66.703027,24.860937],[67.100586,24.791943],[67.171484,24.756104],[67.288672,24.367773],[67.304297,24.262891],[67.309375,24.174805],[67.365234,24.091602],[67.427637,24.064844],[67.453906,24.039893],[67.476855,24.018262],[67.503613,23.940039],[67.563086,23.881836],[67.645801,23.919873],[67.649512,23.867285],[67.668457,23.810986],[67.819043,23.828076],[67.859961,23.902686],[67.950977,23.828613],[68.001465,23.826074],[68.037012,23.848242],[68.067773,23.818359],[68.115527,23.753369],[68.148828,23.797217],[68.165039,23.857324],[68.191992,23.728906],[68.234961,23.596973],[68.343359,23.616846],[68.424902,23.705566],[68.496875,23.747998],[68.642383,23.808496],[68.776758,23.8521],[68.627148,23.75415],[68.453809,23.629492],[68.41748,23.571484],[68.529199,23.364063],[68.640723,23.189941],[68.81709,23.053711],[69.235938,22.848535],[69.664648,22.759082],[69.739648,22.775195],[69.849805,22.856445],[70.118262,22.947021],[70.191699,22.965674],[70.251172,22.970898],[70.339453,22.939746],[70.367969,22.973486],[70.396289,23.030127],[70.43457,23.0771],[70.489258,23.089502],[70.509375,23.040137],[70.513477,23.00249],[70.44043,22.970312],[70.327734,22.815771],[70.177246,22.572754],[70.08418,22.553516],[70.005859,22.547705],[69.819043,22.451758],[69.727539,22.465186],[69.655176,22.403516],[69.549219,22.408398],[69.276563,22.285498],[69.238867,22.300195],[69.194238,22.336084],[69.131348,22.41626],[69.05166,22.437305],[68.983496,22.3854],[68.969922,22.290283],[69.008789,22.196777],[69.191699,21.991504],[69.385449,21.839551],[69.541992,21.678564],[69.748438,21.505713],[70.034375,21.178809],[70.127344,21.094678],[70.485059,20.840186],[70.719336,20.74043],[70.879688,20.714502],[71.024609,20.738867],[71.396484,20.869775],[71.571094,20.970557],[72.015234,21.155713],[72.076563,21.224072],[72.254004,21.531006],[72.256641,21.66123],[72.210352,21.728223],[72.170898,21.774316],[72.10293,21.79458],[72.037207,21.823047],[72.075586,21.862988],[72.094434,21.919971],[72.161719,21.984814],[72.244336,22.027637],[72.274414,22.089746],[72.306445,22.189209],[72.242578,22.245166],[72.182813,22.269727],[72.332617,22.270215],[72.455957,22.248096],[72.590137,22.278125],[72.701953,22.263623],[72.80918,22.233301],[72.708789,22.207178],[72.62793,22.199609],[72.553027,22.159961],[72.522266,21.976221],[72.61748,21.961719],[72.700195,21.971924],[72.644043,21.937988],[72.59248,21.877588],[72.543066,21.696582],[72.839746,21.687256],[72.979102,21.704687],[73.1125,21.750439],[73.022461,21.699609],[72.810547,21.619922],[72.717578,21.55127],[72.613281,21.461816],[72.668359,21.455908],[72.734766,21.470801],[72.686523,21.435742],[72.623828,21.371973],[72.692383,21.177637],[72.751563,21.12915],[72.813867,21.117188],[72.824316,21.083594],[72.840527,20.95249],[72.878906,20.828516],[72.89375,20.672754],[72.881152,20.563184],[72.708984,20.078027],[72.667773,19.830957],[72.675977,19.797949],[72.697461,19.757129],[72.726562,19.578271],[72.799414,19.519824],[72.756445,19.450537],[72.763965,19.413184],[72.787891,19.362988],[72.987207,19.277441],[72.811621,19.298926],[72.794531,19.2521],[72.802734,19.21875],[72.803027,19.079297],[72.834668,18.975586],[72.900684,19.014502],[72.97207,19.15332],[73.005566,19.021094],[72.976855,18.927197],[72.89873,18.778955],[72.870898,18.683057],[72.875488,18.642822],[72.917188,18.576123],[72.943164,18.365625],[72.97207,18.259277],[72.993945,18.097705],[73.047168,17.906738],[73.156055,17.621924],[73.149023,17.527441],[73.23916,17.198535],[73.337598,16.459863],[73.453711,16.1521],[73.476074,16.054248],[73.607715,15.871094],[73.679883,15.708887],[73.732813,15.656934],[73.832813,15.659375],[73.771777,15.573047],[73.813867,15.538574],[73.851953,15.482471],[73.931934,15.396973],[73.800781,15.396973],[73.884277,15.306445],[73.949219,15.074756],[74.040625,14.949365],[74.08877,14.902197],[74.223047,14.708887],[74.280371,14.649512],[74.335059,14.575439],[74.382227,14.494727],[74.397168,14.407422],[74.466992,14.216504],[74.466699,14.168848],[74.498535,14.046338],[74.608496,13.849658],[74.670898,13.667627],[74.681641,13.58374],[74.682324,13.506934],[74.770508,13.077344],[74.80293,12.976855],[74.868262,12.84458],[74.945508,12.564551],[75.19668,12.05752],[75.229785,12.02334],[75.314648,11.958447],[75.422656,11.812207],[75.524512,11.703125],[75.646094,11.468408],[75.723828,11.361768],[75.844629,11.057568],[75.922559,10.784082],[76.096094,10.402246],[76.12334,10.327002],[76.201465,10.200635],[76.192676,10.16377],[76.195605,10.086133],[76.222754,10.024268],[76.24873,10.017969],[76.346484,9.922119],[76.458789,9.53623],[76.419531,9.520459],[76.375586,9.539893],[76.372266,9.707373],[76.343066,9.827344],[76.284668,9.909863],[76.242383,9.9271],[76.292383,9.676465],[76.324609,9.4521],[76.403125,9.236816],[76.419043,9.207812],[76.452344,9.18877],[76.471777,9.16084],[76.48291,9.090771],[76.553418,8.902783],[76.617285,8.84707],[76.966895,8.407275],[77.065918,8.315918],[77.301465,8.145312],[77.517578,8.07832],[77.587207,8.129883],[77.770312,8.189844],[78.060156,8.38457],[78.126367,8.511328],[78.136035,8.663379],[78.19248,8.890869],[78.274512,8.990186],[78.421484,9.105029],[78.97959,9.268555],[79.212891,9.256006],[79.411426,9.192383],[79.356348,9.252148],[79.275488,9.284619],[79.107031,9.308936],[79.019922,9.33335],[78.953125,9.393799],[78.919141,9.452881],[78.939941,9.565771],[78.996289,9.683105],[79.257812,10.035205],[79.253613,10.174805],[79.314551,10.256689],[79.390527,10.305957],[79.531641,10.329639],[79.588574,10.312354],[79.667383,10.299707],[79.756934,10.304346],[79.838184,10.322559],[79.850195,10.768848],[79.848633,11.196875],[79.835254,11.268848],[79.799023,11.338672],[79.693164,11.312549],[79.748926,11.370605],[79.793359,11.44668],[79.754102,11.575293],[79.771387,11.690234],[79.858496,11.98877],[79.981738,12.235449],[80.0375,12.295801],[80.143066,12.452002],[80.229102,12.690332],[80.342383,13.361328],[80.290332,13.436719],[80.114258,13.528711],[80.062109,13.60625],[80.15625,13.71377],[80.233398,13.605762],[80.265625,13.521289],[80.306543,13.485059],[80.245801,13.68584],[80.244141,13.773486],[80.224414,13.858203],[80.143652,14.058936],[80.111719,14.212207],[80.13623,14.286572],[80.170117,14.349414],[80.178711,14.47832],[80.16543,14.577832],[80.098633,14.798242],[80.053418,15.074023],[80.101074,15.323633],[80.293457,15.710742],[80.384863,15.792773],[80.646582,15.89502],[80.707812,15.888086],[80.781836,15.867334],[80.825977,15.765918],[80.864746,15.782227],[80.917773,15.759668],[80.978711,15.75835],[80.993457,15.80874],[81.030078,15.881445],[81.132129,15.961768],[81.238574,16.263965],[81.286133,16.337061],[81.401855,16.365234],[81.711719,16.334473],[81.761914,16.329492],[82.141504,16.485352],[82.258789,16.559863],[82.327148,16.664355],[82.338672,16.706543],[82.359766,16.782812],[82.35,16.825195],[82.307227,16.878564],[82.281934,16.936084],[82.286523,16.978076],[82.35957,17.096191],[82.593164,17.273926],[82.976855,17.461816],[83.19834,17.608984],[83.387988,17.78667],[83.572266,18.003613],[83.654297,18.069873],[84.104102,18.292676],[84.181738,18.400586],[84.462793,18.689746],[84.609375,18.884326],[84.69082,18.964697],[84.749805,19.050098],[84.770996,19.125391],[85.225586,19.50835],[85.441602,19.626562],[85.436914,19.656885],[85.370898,19.678906],[85.228516,19.601318],[85.180762,19.594873],[85.162793,19.620898],[85.248633,19.757666],[85.459961,19.895898],[85.504102,19.887695],[85.555078,19.866895],[85.559766,19.753467],[85.511133,19.726904],[85.496875,19.696924],[85.575,19.69292],[85.85293,19.791748],[86.216211,19.895801],[86.279492,19.919434],[86.30293,19.944678],[86.311914,19.987793],[86.245215,20.053027],[86.293652,20.05376],[86.376563,20.006738],[86.445801,20.088916],[86.49873,20.171631],[86.750391,20.313232],[86.769238,20.355908],[86.7625,20.419141],[86.835938,20.534326],[86.924512,20.619775],[86.975488,20.700146],[86.939355,20.745068],[86.895801,20.965576],[86.842285,21.106348],[86.85957,21.236719],[86.954102,21.365332],[87.100684,21.500781],[87.200684,21.544873],[87.678223,21.653516],[87.82373,21.727344],[87.948438,21.825439],[88.050781,22.001074],[88.104102,22.047363],[88.159277,22.121729],[88.083008,22.182715],[88.010742,22.212646],[87.961621,22.255029],[87.941406,22.374316],[87.994434,22.265674],[88.087109,22.217725],[88.196289,22.139551],[88.181055,22.03291],[88.099414,21.793555],[88.056836,21.694141],[88.12207,21.635791],[88.253711,21.622314],[88.279199,21.696875],[88.2875,21.758203],[88.305469,21.72334],[88.445996,21.614258],[88.584668,21.659717],[88.599805,21.71377],[88.566797,21.832129],[88.641602,22.121973],[88.65957,22.066943],[88.708301,22.056152],[88.730273,22.036084],[88.740234,22.00542],[88.691211,21.733496],[88.694727,21.662402],[88.712988,21.621973],[88.74502,21.584375],[88.834375,21.661377],[88.85752,21.744678],[88.907422,21.653076],[88.96709,21.641357],[89.05166,21.654102],[89.041992,21.758691],[89.019629,21.833643],[88.949316,21.937939],[89.02793,21.937207],[89.051465,22.093164],[89.081641,22.014941],[89.093945,21.872754],[89.16709,21.784277],[89.234277,21.722363],[89.278613,21.706982],[89.353711,21.721094],[89.451953,21.821094],[89.500586,21.914355],[89.502539,22.031885],[89.469336,22.212939],[89.483203,22.275537],[89.547461,21.983691],[89.566602,21.860596],[89.568555,21.767432],[89.628125,21.81416],[89.667773,21.877686],[89.756836,21.919043],[89.811914,21.983496],[89.852539,22.090918],[89.86582,22.173047],[89.853223,22.288965],[89.881836,22.387598],[89.985156,22.466406],[89.893848,22.308398],[89.894043,22.202588],[89.918066,22.116162],[89.954199,22.022852],[90.068555,22.098193],[90.143457,22.137891],[90.20957,22.156592],[90.087891,22.01748],[90.07002,21.959912],[90.071191,21.887256],[90.130762,21.847412],[90.158789,21.816846],[90.230566,21.829785],[90.288184,21.899414],[90.355762,22.048242],[90.494141,22.178906],[90.552832,22.218164],[90.589453,22.258447],[90.616113,22.362158],[90.595508,22.43584],[90.531738,22.539307],[90.487402,22.588721],[90.498438,22.634814],[90.480664,22.684668],[90.435059,22.751904],[90.436914,22.828174],[90.461621,22.881787],[90.552246,22.904883],[90.477539,22.986768],[90.466016,23.053906],[90.527734,23.084961],[90.595117,23.133936],[90.599219,23.20415],[90.590918,23.266406],[90.522754,23.346143],[90.391504,23.366943],[90.269141,23.455859],[90.408008,23.431885],[90.555664,23.421533],[90.568066,23.474268],[90.561621,23.537109],[90.573438,23.578125],[90.604004,23.591357],[90.616113,23.531641],[90.615625,23.442334],[90.656055,23.273047],[90.633594,23.094238],[90.65625,23.025488],[90.826758,22.721387],[90.945605,22.597021],[91.151367,22.614063],[91.216211,22.642236],[91.31377,22.735156],[91.40957,22.797021],[91.480078,22.884814],[91.482129,22.797412],[91.529688,22.707666],[91.692969,22.504785],[91.734082,22.406689],[91.79707,22.297461],[91.84541,22.343115],[91.863379,22.350488],[91.857813,22.317334],[91.824805,22.228662],[91.85,22.157373],[91.913184,21.883057],[92.008008,21.684766],[92.010938,21.51626],[92.056055,21.174805],[92.194629,20.984277],[92.248145,20.883594],[92.307813,20.79043],[92.324121,20.791846],[92.37832,20.717578],[92.608008,20.469873],[92.722852,20.295605],[92.732617,20.453369],[92.708984,20.563965],[92.735645,20.562695],[92.786914,20.469043],[92.850684,20.414844],[92.891113,20.340332],[92.87168,20.301758],[92.843555,20.282617],[92.791211,20.211426],[92.82832,20.177588],[92.882129,20.152148],[92.990723,20.287988],[93.01875,20.346045],[93.035352,20.406152],[93.066797,20.377637],[93.015137,20.185254],[93.068359,20.188672],[93.095508,20.181348],[93.040332,20.129785],[93.001953,20.074854],[93.129492,19.858008],[93.190625,19.851221],[93.199023,19.89834],[93.156641,20.040771],[93.25,20.070117],[93.362305,20.058301],[93.40957,20.03833],[93.439063,20.009424],[93.581836,19.90957],[93.707031,19.912158],[93.659863,19.85415],[93.611719,19.776074],[93.66875,19.731982],[93.739551,19.697266],[93.761035,19.648047],[93.769922,19.60957],[93.839551,19.534131],[93.887891,19.503906],[93.960742,19.481689],[93.998145,19.440869],[93.962012,19.329346],[93.886133,19.271924],[93.824902,19.238477],[93.728027,19.266504],[93.578613,19.401172],[93.530566,19.397559],[93.493066,19.369482],[93.598145,19.188477],[93.705469,19.026904],[93.800098,18.960596],[93.929199,18.899658],[93.961328,18.958398],[93.968066,18.995068],[93.941016,19.146094],[94.001563,19.181787],[94.022461,19.268799],[94.044922,19.287402],[94.038965,19.146191],[94.07002,18.893408],[94.091309,18.849219],[94.245703,18.741162],[94.170703,18.732422],[94.252148,18.60918],[94.26582,18.507227],[94.430762,18.20166],[94.494336,17.824609],[94.560059,17.698975],[94.588965,17.569336],[94.564453,17.308545],[94.494336,17.166553],[94.473145,17.135449],[94.452441,16.954492],[94.4,16.868164],[94.353418,16.639941],[94.327344,16.572168],[94.271289,16.517285],[94.214258,16.126611],[94.223828,16.016455],[94.299023,16.007617],[94.441602,16.094385],[94.495703,16.186133],[94.5875,16.288818],[94.637695,16.309082],[94.665234,16.336133],[94.679004,16.425586],[94.70332,16.511914],[94.716602,16.45249],[94.719922,16.39873],[94.676562,16.242041],[94.680762,16.133301],[94.651367,16.064844],[94.65625,15.98877],[94.661523,15.904395],[94.798145,15.971094],[94.847754,16.032861],[94.860156,16.102441],[94.893164,16.182812],[94.897852,16.14082],[94.882227,16.087939],[94.892188,16.038184],[94.891211,15.979102],[94.942578,15.818262],[95.07832,15.83916],[95.176953,15.825684],[95.225879,15.876807],[95.333008,16.033252],[95.346777,16.097607],[95.364746,15.985449],[95.307813,15.88042],[95.301465,15.756152],[95.348437,15.729297],[95.389551,15.722754],[95.555664,15.837842],[95.679492,15.976758],[95.711426,16.073389],[95.763281,16.169043],[96.012305,16.253711],[96.032129,16.284619],[96.042871,16.339941],[96.080957,16.353369],[96.135059,16.342529],[96.293066,16.410059],[96.324316,16.444434],[96.236719,16.567432],[96.237695,16.63125],[96.189063,16.768311],[96.220313,16.780566],[96.248926,16.765332],[96.262109,16.659131],[96.282227,16.595996],[96.364355,16.520508],[96.431152,16.504932],[96.506641,16.514355],[96.622461,16.563916],[96.76543,16.710352],[96.810645,16.778369],[96.858008,16.921191],[96.908594,17.030957],[96.850879,17.20293],[96.909766,17.304834],[96.877734,17.342187],[96.851465,17.401025],[96.970117,17.317334],[97.074512,17.206934],[97.100195,17.164551],[97.200195,17.09541],[97.17832,17.062012],[97.211719,16.892578],[97.26748,16.743115],[97.331055,16.671777],[97.375879,16.522949],[97.505078,16.525293],[97.619629,16.537207],[97.668457,16.551611],[97.725977,16.568555],[97.664648,16.520459],[97.633691,16.457666],[97.640625,16.253857],[97.609277,16.143848],[97.584277,16.01958],[97.710352,15.875537],[97.774219,15.430957],[97.74375,15.306787],[97.799805,15.184912],[97.812305,14.858936],[97.869141,14.738721],[97.936523,14.763916],[98.01875,14.652588],[97.929297,14.695557],[97.909766,14.652686],[97.976562,14.461475],[97.998438,14.335303],[98.100195,14.161523],[98.072656,13.986475],[98.098242,13.89834],[98.110645,13.712891],[98.149512,13.647607],[98.200391,13.980176],[98.238965,13.934473],[98.248438,13.840381],[98.24541,13.733496],[98.421289,13.483789],[98.487109,13.293066],[98.575977,13.161914],[98.595117,12.986035],[98.637109,12.848242],[98.635645,12.770508],[98.663184,12.662402],[98.664648,12.539941],[98.624414,12.440723],[98.678711,12.348486],[98.619141,12.3],[98.600293,12.245312],[98.630566,12.225488],[98.696289,12.225244],[98.663867,12.126709],[98.686328,12.047119],[98.689453,11.956738],[98.644922,11.910303],[98.639063,11.869141],[98.624902,11.801465],[98.636328,11.738379],[98.693652,11.718359],[98.804785,11.779248],[98.840234,11.739258],[98.875977,11.719727],[98.790723,11.665088],[98.741406,11.591699],[98.746387,11.521289],[98.733301,11.435254],[98.730078,11.32998],[98.744727,11.240381],[98.682617,11.133105],[98.675586,10.986914],[98.598828,10.864404],[98.535645,10.740674],[98.500977,10.718945],[98.464941,10.67583],[98.523047,10.353125],[98.496875,10.18252],[98.521289,10.107227],[98.562598,10.034961],[98.658008,10.179053],[98.702539,10.190381],[98.561914,9.8375],[98.492969,9.561426],[98.443164,9.492822],[98.371387,9.290527],[98.325977,8.968945],[98.241797,8.767871],[98.226953,8.543652],[98.238184,8.423096],[98.305469,8.226221],[98.360742,8.186963],[98.420996,8.178223],[98.474023,8.246924],[98.499805,8.317822],[98.579199,8.344287],[98.636328,8.305029],[98.703516,8.256738],[98.788672,8.059814],[98.872461,8.023926],[98.973926,7.962793],[99.051074,7.887842],[99.042676,7.765625],[99.077637,7.718066],[99.183398,7.718066],[99.263672,7.619043],[99.300391,7.561328],[99.358594,7.372217],[99.435156,7.334375],[99.529102,7.329492],[99.596973,7.355615],[99.553027,7.218799],[99.602441,7.155322],[99.667773,7.150879],[99.720313,7.106201],[99.695996,6.87666],[99.868652,6.749902],[100.119141,6.441992],[100.158398,6.324219],[100.263281,6.18252],[100.343262,5.98418],[100.374023,5.777979],[100.352637,5.587695],[100.473437,5.044287],[100.614551,4.652246],[100.614551,4.373437],[100.661035,4.225732],[100.760254,4.097217],[100.795508,4.023389],[100.757031,4.001807],[100.71543,3.966211],[100.781836,3.864453],[100.85127,3.776709],[101.024805,3.624707],[101.11543,3.472021],[101.299902,3.253271],[101.330176,3.14248],[101.354297,3.011133],[101.295508,2.885205],[101.351367,2.838965],[101.406836,2.813477],[101.519727,2.683643],[101.78125,2.573584],[101.889941,2.449414],[102.145605,2.248486],[102.548242,2.042383],[102.727148,1.855566],[102.896875,1.792334],[103.356836,1.546143],[103.4,1.497852],[103.427344,1.429834],[103.480273,1.329492],[103.549805,1.332812],[103.694531,1.449658],[103.816797,1.476562],[103.915137,1.44668],[103.991504,1.454785],[103.991211,1.550049],[103.981445,1.623633],[104.016016,1.579297],[104.076172,1.529785],[104.100586,1.48833],[104.094238,1.446191],[104.114941,1.412256],[104.176367,1.364893],[104.250098,1.388574],[104.280371,1.415576],[104.288477,1.480664],[104.218555,1.722852],[103.967773,2.26123],[103.832324,2.508496],[103.812207,2.580469],[103.537305,2.774756],[103.485156,2.836572],[103.439453,2.933105],[103.44502,3.260596],[103.429492,3.378564],[103.453516,3.520605],[103.37334,3.671094],[103.362012,3.769141],[103.420508,3.976855],[103.46875,4.393262],[103.453906,4.669482],[103.41582,4.850293],[103.196973,5.262158],[103.09707,5.408447],[102.982422,5.524951],[102.898535,5.56377],[102.790234,5.644922],[102.534375,5.862549],[102.340137,6.172021],[102.274023,6.203418],[102.101074,6.242236],[101.799219,6.474609],[101.614258,6.753955],[101.497949,6.865283],[101.400879,6.899561],[101.301953,6.908301],[101.154395,6.875146],[101.017871,6.860937],[100.792578,6.994678],[100.70166,7.081982],[100.58623,7.175977],[100.489746,7.161377],[100.423535,7.187842],[100.371387,7.280127],[100.204883,7.500537],[100.160742,7.599268],[100.158203,7.728125],[100.256641,7.774902],[100.317383,7.715967],[100.324316,7.644189],[100.27998,7.584326],[100.283789,7.551514],[100.342969,7.552881],[100.380371,7.541504],[100.410742,7.464307],[100.439355,7.280762],[100.545215,7.226904],[100.503711,7.337305],[100.453516,7.442285],[100.279395,8.268506],[100.228711,8.424707],[100.163477,8.508398],[100.158887,8.473779],[100.154102,8.442969],[100.129297,8.428076],[100.05625,8.511133],[99.989551,8.589209],[99.960645,8.67124],[99.904688,9.112891],[99.877539,9.194629],[99.835547,9.288379],[99.723828,9.314209],[99.393848,9.213721],[99.335449,9.225439],[99.253906,9.265234],[99.265039,9.352979],[99.288281,9.4146],[99.191309,9.627148],[99.160742,9.734033],[99.169336,9.93418],[99.194629,10.175439],[99.190332,10.265869],[99.165039,10.319824],[99.237305,10.388135],[99.284766,10.569141],[99.486914,10.889551],[99.514355,11.100586],[99.561328,11.215186],[99.627344,11.462891],[99.725488,11.661768],[99.79873,11.748779],[99.837109,11.936621],[99.930273,12.047461],[99.989062,12.170801],[100.005664,12.354736],[99.963965,12.690039],[99.982031,12.771484],[100.089941,13.045654],[100.051074,13.17124],[99.990527,13.243457],[100.01748,13.353174],[100.122363,13.439551],[100.235645,13.484473],[100.536426,13.514453],[100.60293,13.568164],[100.656055,13.521289],[100.906543,13.462402],[100.962695,13.431982],[100.946973,13.357568],[100.92627,13.303027],[100.946094,13.187256],[100.903906,13.034912],[100.896387,12.818164],[100.863281,12.714502],[100.897754,12.653809],[100.953711,12.62124],[101.090234,12.673633],[101.444922,12.618945],[101.723633,12.689355],[101.835742,12.640381],[101.889063,12.593262],[101.944531,12.563672],[102.034375,12.531885],[102.13418,12.443018],[102.22959,12.331641],[102.248438,12.361426],[102.259082,12.394336],[102.343164,12.252588],[102.434082,12.179248],[102.540234,12.109229],[102.574805,12.157812],[102.594141,12.203027],[102.654883,12.148828],[102.762988,12.012451],[102.791602,11.888623],[102.883691,11.772754],[102.912305,11.703857],[102.933887,11.706689],[102.932324,11.741699],[102.948633,11.773486],[103.004199,11.710596],[103.010547,11.588672],[103.125488,11.460645],[103.107422,11.367773],[103.091113,11.211084],[103.106445,11.073779],[103.152832,10.913721],[103.272168,10.909277],[103.353613,10.921582],[103.411328,10.976758],[103.466699,11.083984],[103.532422,11.14668],[103.59502,11.107764],[103.654297,11.058691],[103.721875,10.890137],[103.680859,10.758594],[103.59209,10.721045],[103.54043,10.668701],[103.532227,10.604639],[103.587109,10.552197],[103.661914,10.508936],[103.840527,10.580566],[103.870508,10.655127],[103.901758,10.643945],[103.937109,10.586621],[104.262402,10.54126],[104.426367,10.41123],[104.516113,10.33999],[104.594043,10.266895],[104.612695,10.207666],[104.663477,10.169922],[104.747656,10.199121],[104.801953,10.202734],[104.873242,10.114795],[104.96582,10.100586],[105.027832,10.067432],[105.084473,9.995703],[105.094922,9.945264],[105.092578,9.900977],[104.987109,9.868652],[104.903223,9.81626],[104.845215,9.606152],[104.814648,9.185498],[104.818555,8.801855],[104.896289,8.746631],[104.77041,8.597656],[104.891895,8.583252],[105.114355,8.629199],[105.191211,8.711328],[105.322266,8.801123],[105.401367,8.962402],[105.500977,9.093213],[106.168359,9.396729],[106.192578,9.447803],[106.206152,9.502344],[106.158594,9.594141],[106.1125,9.673584],[105.830957,10.000732],[105.925684,9.961719],[106.204004,9.675439],[106.378027,9.556104],[106.484082,9.559424],[106.53916,9.603564],[106.572461,9.641113],[106.564355,9.715625],[106.507422,9.82124],[106.183594,10.14209],[106.136426,10.22168],[106.449121,9.939648],[106.557324,9.868066],[106.595605,9.859863],[106.656836,9.901074],[106.658105,9.94873],[106.65918,9.991406],[106.71416,10.060205],[106.785254,10.116455],[106.785254,10.151172],[106.729004,10.193311],[106.602441,10.231738],[106.464063,10.298291],[106.491699,10.304102],[106.643555,10.288916],[106.757422,10.295801],[106.77627,10.338965],[106.777539,10.376123],[106.741211,10.444385],[106.698438,10.462061],[106.643066,10.45625],[106.605859,10.464941],[106.727344,10.535645],[106.812695,10.433301],[106.902051,10.382812],[106.947461,10.400342],[106.966113,10.440723],[106.983691,10.618311],[107.006641,10.660547],[107.020703,10.630957],[107.035742,10.556299],[107.087793,10.49834],[107.194141,10.471582],[107.235059,10.419873],[107.261523,10.398389],[107.384473,10.458643],[107.470313,10.48584],[107.564453,10.555469],[107.845117,10.700098],[108.001367,10.720361],[108.094922,10.897266],[108.176172,10.920166],[108.27168,10.934277],[108.418555,11.040723],[108.55127,11.155957],[108.700293,11.199268],[108.820801,11.31543],[108.986719,11.336377],[109.018457,11.468359],[109.039648,11.592676],[109.13252,11.601074],[109.173242,11.664746],[109.198633,11.724854],[109.192676,11.773438],[109.15752,11.837109],[109.167285,11.912012],[109.199902,11.972461],[109.199121,11.999023],[109.214551,12.010449],[109.220215,11.958838],[109.247266,11.908691],[109.25918,11.954541],[109.25625,11.992871],[109.215723,12.0729],[109.206836,12.415381],[109.304688,12.391162],[109.218945,12.645801],[109.274023,12.709033],[109.335547,12.751904],[109.381445,12.670752],[109.444922,12.599609],[109.42002,12.719043],[109.423926,12.955957],[109.376758,13.025488],[109.30957,13.219189],[109.271875,13.279346],[109.288086,13.450781],[109.252051,13.590527],[109.24707,13.854736],[109.288086,13.765039],[109.30332,13.856445],[109.244629,14.053418],[109.223926,14.09668],[109.207324,14.154297],[109.191406,14.270459],[109.137305,14.384131],[109.087012,14.552588],[109.084863,14.716162],[109.022461,14.802832],[108.939941,15.001465],[108.898242,15.180518],[108.821289,15.37793],[108.742773,15.426611],[108.674219,15.483594],[108.577832,15.584717],[108.447461,15.762695],[108.395312,15.872461],[108.286035,15.989063],[108.274023,16.029053],[108.267383,16.089795],[108.24082,16.100781],[108.208984,16.091064],[108.169727,16.163672],[108.087988,16.242725],[108.029395,16.331104],[107.990723,16.337109],[107.936328,16.329395],[107.882031,16.309619],[107.833789,16.322461],[107.803125,16.403076],[107.724121,16.487842],[107.593457,16.568066],[107.54082,16.608643],[107.549316,16.642578],[107.355078,16.79375],[107.180371,16.897949],[107.119922,17.055518],[106.926172,17.221387],[106.735742,17.367188],[106.516797,17.662793],[106.370508,17.746875],[106.355859,17.765039],[106.478906,17.71958],[106.459375,17.873682],[106.499023,17.946436],[106.411914,18.053174],[106.239551,18.220703],[106.144531,18.259424],[106.065625,18.316357],[105.888281,18.50249],[105.839258,18.57417],[105.808203,18.64585],[105.744238,18.746289],[105.732031,18.779297],[105.621777,18.966309],[105.639063,19.057178],[105.716406,19.127783],[105.791113,19.294189],[105.785352,19.378857],[105.812109,19.466992],[105.813965,19.587451],[105.984082,19.939062],[106.062207,19.987354],[106.165723,19.992041],[106.395508,20.205908],[106.517969,20.288867],[106.572852,20.392187],[106.550781,20.526562],[106.753418,20.735059],[106.737305,20.806152],[106.675488,20.960498],[106.683398,21.000293],[106.725195,20.999902],[106.760254,20.991113],[106.820605,20.95752],[106.88623,20.95],[106.936426,20.974072],[106.981445,20.971387],[107.019238,20.991211],[107.075195,20.999268],[107.111719,20.95957],[107.164746,20.94873],[107.354297,21.055176],[107.37334,21.128467],[107.376172,21.194141],[107.409961,21.284814],[107.526953,21.33623],[107.636719,21.368066],[107.707227,21.405859],[107.809082,21.497119],[107.925781,21.498926],[107.972656,21.507959],[108.067383,21.525977],[108.145605,21.565186],[108.246289,21.558398],[108.302148,21.621924],[108.324805,21.693506],[108.35459,21.696924],[108.382812,21.679199],[108.444336,21.607324],[108.502148,21.633447],[108.525684,21.671387],[108.492578,21.739404],[108.480859,21.828809],[108.479883,21.904639],[108.59375,21.901025],[108.61582,21.868896],[108.589355,21.815967],[108.61582,21.770459],[108.674512,21.724658],[108.743945,21.65127],[108.77168,21.630469],[108.846387,21.634473],[108.921777,21.624414],[109.030566,21.626514],[109.101758,21.590479],[109.133496,21.543604],[109.098145,21.487354],[109.081543,21.440283],[109.148633,21.425537],[109.22041,21.443408],[109.34668,21.453955],[109.435547,21.479492],[109.544043,21.537939],[109.521484,21.693408],[109.566406,21.690576],[109.594336,21.671973],[109.686914,21.524609],[109.743359,21.527979],[109.759375,21.560059],[109.82959,21.483594],[109.930762,21.480566],[109.921094,21.376465],[109.77959,21.337451],[109.760156,21.228369],[109.68125,21.131641],[109.704492,21.052734],[109.662598,20.916895],[109.684766,20.873633],[109.72627,20.83877],[109.767383,20.780713],[109.805273,20.711475],[109.791992,20.621875],[109.861035,20.514307],[109.946387,20.474365],[109.968359,20.448145],[109.983887,20.403271],[109.931641,20.398877],[109.88584,20.413135],[109.88252,20.364063],[109.938477,20.295117],[110.123145,20.263721],[110.344727,20.294824],[110.449512,20.35542],[110.486914,20.426855],[110.517578,20.46001],[110.511523,20.518262],[110.313086,20.67168],[110.326172,20.719922],[110.370508,20.752051],[110.388477,20.790527],[110.36543,20.837598],[110.180371,20.858594],[110.154004,20.944629],[110.193555,21.037646],[110.331152,21.131348],[110.374609,21.172363],[110.397461,21.247705],[110.410937,21.338135],[110.43457,21.326904],[110.458008,21.230566],[110.504297,21.207422],[110.567187,21.214062],[110.652148,21.279102],[110.771094,21.386523],[110.878027,21.395947],[110.996777,21.430273],[111.016895,21.511719],[111.061133,21.510986],[111.100586,21.484717],[111.144238,21.482227],[111.220605,21.493896],[111.319141,21.486133],[111.392383,21.535107],[111.602734,21.559082],[111.681641,21.608496],[111.711914,21.655225],[111.775977,21.719238],[111.824609,21.709766],[111.873438,21.717139],[111.926465,21.77627],[111.943945,21.849658],[112.025195,21.843018],[112.117188,21.806494],[112.193359,21.763135],[112.30498,21.741699],[112.356445,21.767578],[112.389746,21.801221],[112.377441,21.91748],[112.359668,21.978027],[112.396094,21.981348],[112.429297,21.958105],[112.439453,21.927344],[112.421289,21.880615],[112.494727,21.818311],[112.586328,21.776855],[112.634082,21.819873],[112.660742,21.859473],[112.725391,21.902344],[112.808594,21.944629],[112.903809,21.881445],[112.953906,21.907324],[112.983789,21.938232],[113.008203,22.119336],[113.08877,22.207959],[113.149023,22.075],[113.266406,22.08877],[113.327734,22.14541],[113.367383,22.164844],[113.415723,22.178369],[113.498828,22.20166],[113.548145,22.222607],[113.576465,22.297266],[113.588867,22.350488],[113.551465,22.40415],[113.553027,22.594043],[113.484766,22.692383],[113.449805,22.726123],[113.432031,22.789404],[113.344824,22.8646],[113.337793,22.888818],[113.331055,22.912012],[113.441895,22.940576],[113.460352,22.995703],[113.445312,23.055078],[113.519727,23.1021],[113.620508,23.12749],[113.592188,23.076953],[113.586328,23.02002],[113.603418,22.968896],[113.619629,22.861426],[113.661133,22.80166],[113.754492,22.733643],[113.82832,22.607227],[113.931152,22.531055],[114.01543,22.511914],[114.006738,22.484033],[113.896484,22.428174],[113.902539,22.396094],[113.937305,22.36499],[114.032813,22.375879],[114.139063,22.348438],[114.267969,22.295557],[114.287891,22.325293],[114.290527,22.373779],[114.335254,22.39624],[114.325195,22.437402],[114.28457,22.457617],[114.291113,22.499463],[114.266016,22.540967],[114.340625,22.593213],[114.420117,22.583252],[114.496191,22.527051],[114.554199,22.528906],[114.544434,22.620605],[114.571973,22.654053],[114.592773,22.698437],[114.65166,22.755273],[114.711133,22.738721],[114.750391,22.626318],[114.853809,22.616797],[114.896387,22.639502],[114.914453,22.684619],[115.012109,22.708936],[115.091504,22.781689],[115.195801,22.817285],[115.289941,22.775977],[115.38252,22.718848],[115.49834,22.718848],[115.534668,22.765186],[115.561133,22.824707],[115.64043,22.853418],[115.755859,22.823926],[115.852148,22.801563],[116.062598,22.879102],[116.157422,22.887451],[116.206348,22.918652],[116.22207,22.949561],[116.251855,22.981348],[116.345508,22.941064],[116.470703,22.945898],[116.519824,23.006592],[116.538281,23.179688],[116.586426,23.218262],[116.669141,23.228174],[116.698828,23.277783],[116.682324,23.327393],[116.629395,23.353857],[116.712109,23.360498],[116.75957,23.38252],[116.860938,23.453076],[116.910645,23.64668],[117.032813,23.623437],[117.08252,23.57876],[117.148145,23.598779],[117.225,23.647021],[117.29082,23.714355],[117.330762,23.708789],[117.34668,23.635742],[117.367676,23.588623],[117.416992,23.620996],[117.462207,23.73623],[117.45957,23.771484],[117.433105,23.791699],[117.466406,23.840576],[117.579199,23.856982],[117.628223,23.836719],[117.667871,23.939258],[117.741699,24.014795],[117.839453,24.012305],[117.904102,24.106445],[118.056055,24.246094],[118.050586,24.327148],[118.024219,24.379639],[117.879004,24.395898],[117.848242,24.432471],[117.842676,24.474316],[117.896875,24.479834],[117.935059,24.474219],[118.005957,24.481982],[118.013867,24.559912],[118.087109,24.627002],[118.194531,24.62583],[118.295313,24.572754],[118.412012,24.600732],[118.560352,24.580371],[118.657031,24.621436],[118.719141,24.746143],[118.691797,24.782324],[118.640234,24.809082],[118.636914,24.835547],[118.70752,24.849805],[118.82207,24.911133],[118.909082,24.928906],[118.955664,25.004785],[118.914453,25.126807],[118.977539,25.209277],[119.024609,25.223438],[119.235547,25.205957],[119.285547,25.232227],[119.243555,25.307031],[119.169336,25.355713],[119.146289,25.414307],[119.180078,25.449805],[119.263086,25.468018],[119.34375,25.446289],[119.421777,25.459619],[119.499219,25.408643],[119.592773,25.368018],[119.622461,25.391162],[119.619141,25.437451],[119.539453,25.59126],[119.552832,25.698682],[119.616895,25.8229],[119.648242,25.918701],[119.61875,26.003564],[119.500879,26.00918],[119.417773,25.954346],[119.332031,25.94873],[119.26377,25.974805],[119.139453,26.121777],[119.232129,26.104395],[119.313086,26.062549],[119.369727,26.054053],[119.463086,26.054688],[119.56709,26.127344],[119.692676,26.236426],[119.797266,26.300146],[119.881055,26.33418],[119.876465,26.370947],[119.840332,26.41416],[119.831152,26.450195],[119.784766,26.546631],[119.725977,26.609424],[119.638184,26.621191],[119.623633,26.675879],[119.589941,26.730469],[119.588184,26.784961],[119.651563,26.747266],[119.710449,26.728662],[119.766699,26.774707],[119.788672,26.831494],[119.824219,26.846387],[119.815137,26.797607],[119.821289,26.736914],[119.842383,26.689307],[119.879492,26.683008],[119.882227,26.610449],[119.967773,26.586377],[120.042969,26.633838],[120.086719,26.671582],[120.097461,26.780664],[120.138574,26.886133],[120.278711,27.09707],[120.38457,27.155518],[120.468652,27.25625],[120.539844,27.318359],[120.60752,27.412402],[120.629102,27.482129],[120.5875,27.580762],[120.664844,27.639453],[120.661328,27.687891],[120.685156,27.74458],[120.833008,27.891455],[120.833008,27.937793],[120.763477,27.977441],[120.747656,28.009961],[120.812988,28.013379],[120.89248,28.003906],[120.958594,28.037012],[121.035449,28.157275],[121.098437,28.290527],[121.145703,28.32666],[121.216797,28.346191],[121.272266,28.222119],[121.35459,28.229883],[121.509961,28.324268],[121.609961,28.292139],[121.602051,28.366602],[121.538086,28.521094],[121.475195,28.641406],[121.519141,28.713672],[121.590332,28.734814],[121.630078,28.76792],[121.6625,28.851416],[121.540039,28.931885],[121.641016,28.915918],[121.679688,28.953125],[121.664941,29.010596],[121.520898,29.118457],[121.447656,29.131348],[121.487109,29.193164],[121.533691,29.236719],[121.655957,29.236133],[121.71748,29.256348],[121.79082,29.225684],[121.853516,29.128906],[121.917773,29.13501],[121.968359,29.490625],[121.941211,29.605908],[121.887988,29.627783],[121.821875,29.604639],[121.69043,29.510986],[121.50625,29.48457],[121.574609,29.537012],[121.676562,29.583789],[121.905762,29.779687],[122.08291,29.870361],[122.017285,29.887695],[121.944336,29.894092],[121.812305,29.952148],[121.67793,29.979102],[121.432715,30.22666],[121.340625,30.282373],[121.258008,30.304102],[121.159375,30.301758],[120.904492,30.160645],[120.633398,30.133154],[120.494531,30.303076],[120.352539,30.247412],[120.260547,30.263037],[120.228516,30.249561],[120.194629,30.241309],[120.245508,30.283545],[120.449805,30.387842],[120.62998,30.390869],[120.821484,30.354639],[120.897461,30.392627],[120.938281,30.469727],[120.997656,30.558252],[121.309961,30.699707],[121.418945,30.789795],[121.527539,30.840967],[121.675195,30.86377],[121.769434,30.870361],[121.87793,30.916992],[121.834473,31.061621],[121.785937,31.162891],[121.660645,31.319727],[121.350977,31.485352],[121.204883,31.628076],[121.055371,31.719434],[120.9375,31.750195],[120.787793,31.819775],[120.752246,31.922852],[120.715527,31.98374],[120.497168,32.019824],[120.347461,31.9521],[120.191602,31.906348],[120.035937,31.936279],[120.073926,31.960254],[120.09873,31.975977],[120.184082,31.966162],[120.520117,32.105859],[120.660547,32.081055],[120.791699,32.031738],[120.973535,31.869385],[121.145801,31.842334],[121.266406,31.862695],[121.351953,31.858789],[121.680859,31.712158],[121.763574,31.699512],[121.866309,31.703564],[121.856348,31.816455],[121.832422,31.899756],[121.751074,31.992871],[121.674219,32.051025],[121.490527,32.121094],[121.450781,32.15332],[121.403906,32.20625],[121.400977,32.371924],[121.341699,32.425049],[121.293359,32.457324],[120.989941,32.567041],[120.853223,32.661377],[120.853027,32.764111],[120.897363,32.843213],[120.871094,33.016504],[120.734473,33.236621],[120.615625,33.490527],[120.504785,33.638184],[120.499805,33.716455],[120.425684,33.866309],[120.322656,34.168994],[120.266699,34.274023],[120.201465,34.325684],[119.963672,34.447803],[119.769727,34.496191],[119.58291,34.582227],[119.426758,34.71416],[119.351367,34.749414],[119.200977,34.748437],[119.165332,34.848828],[119.21582,35.011768],[119.352832,35.113818],[119.429688,35.301416],[119.526465,35.358594],[119.608398,35.469873],[119.719727,35.588721],[119.810547,35.617725],[119.866211,35.643652],[119.911719,35.693213],[119.978711,35.740234],[120.027441,35.799365],[120.054688,35.861133],[120.219043,35.934912],[120.284766,35.984424],[120.264746,36.007227],[120.181445,36.01748],[120.094141,36.118896],[120.116992,36.150293],[120.183301,36.202441],[120.270117,36.226172],[120.327734,36.228174],[120.343457,36.189453],[120.330273,36.110107],[120.348242,36.079199],[120.393066,36.053857],[120.519336,36.108691],[120.637891,36.129932],[120.680957,36.168359],[120.682227,36.340723],[120.711523,36.413281],[120.776172,36.456299],[120.84707,36.426074],[120.895801,36.444141],[120.90498,36.485303],[120.882617,36.538916],[120.79668,36.607227],[120.81084,36.632812],[120.878516,36.635156],[120.989941,36.597949],[121.053809,36.611377],[121.144043,36.660449],[121.413086,36.738379],[121.669629,36.836377],[121.932715,36.959473],[122.049512,36.970752],[122.162402,36.958643],[122.203223,36.927197],[122.219727,36.879541],[122.242285,36.849854],[122.274219,36.833838],[122.340918,36.832227],[122.457031,36.915137],[122.519727,36.946826],[122.523438,37.002637],[122.487402,37.022266],[122.44668,37.068115],[122.515527,37.137842],[122.587305,37.181104],[122.57334,37.31792],[122.666992,37.402832],[122.602344,37.426416],[122.493262,37.407959],[122.337695,37.405273],[122.169141,37.456152],[122.10957,37.522314],[122.056641,37.528906],[122.010156,37.495752],[121.964844,37.445312],[121.816406,37.456641],[121.640234,37.460352],[121.505273,37.515039],[121.388086,37.578955],[121.219531,37.600146],[121.049023,37.725195],[120.75,37.833936],[120.370117,37.701025],[120.284668,37.69209],[120.257227,37.679004],[120.287109,37.656494],[120.311523,37.622705],[120.155859,37.49502],[119.88291,37.35083],[119.87998,37.295801],[119.8875,37.253369],[119.760547,37.155078],[119.449902,37.124756],[119.287402,37.138281],[119.111816,37.201172],[118.998145,37.2771],[118.952637,37.331152],[118.954883,37.494092],[118.99082,37.641357],[119.033496,37.661035],[119.08916,37.700732],[119.070312,37.748584],[119.038477,37.776514],[119.035645,37.80918],[119.027539,37.904004],[118.940039,38.042773],[118.8,38.12666],[118.66709,38.126367],[118.543262,38.094922],[118.014941,38.183398],[117.766699,38.31167],[117.656055,38.424219],[117.557813,38.625146],[117.553809,38.691455],[117.616699,38.852881],[117.784668,39.134473],[117.865723,39.19126],[118.040918,39.226758],[118.147852,39.195068],[118.297852,39.06709],[118.471973,39.118018],[118.626367,39.176855],[118.752441,39.160498],[118.826465,39.172119],[118.912305,39.166406],[118.976953,39.182568],[119.040137,39.222363],[119.224609,39.408057],[119.261328,39.560889],[119.322363,39.661621],[119.391113,39.75249],[119.591113,39.902637],[119.850391,39.987451],[120.368945,40.203857],[120.479102,40.230957],[120.770703,40.589062],[120.841309,40.649219],[120.922266,40.683105],[121.00293,40.749121],[121.085938,40.841602],[121.174512,40.90127],[121.537109,40.878418],[121.598926,40.843408],[121.729297,40.846143],[121.765625,40.875879],[121.808594,40.968506],[121.834863,40.974268],[121.858789,40.84209],[122.14043,40.688184],[122.178711,40.602734],[122.275,40.541846],[122.263867,40.500195],[122.20332,40.396045],[122.190918,40.358252],[121.982813,40.13584],[121.868945,40.046387],[121.800977,39.950537],[121.517383,39.844824],[121.474219,39.754883],[121.514258,39.685254],[121.517578,39.638965],[121.469531,39.640137],[121.406445,39.62124],[121.26748,39.544678],[121.286328,39.519434],[121.299805,39.452197],[121.275488,39.384766],[121.355664,39.376807],[121.5125,39.374854],[121.785449,39.40083],[121.818457,39.386523],[121.757812,39.347559],[121.664551,39.26875],[121.627637,39.220166],[121.679883,39.108691],[121.263281,38.960254],[121.188281,38.94668],[121.106738,38.920801],[121.12168,38.813281],[121.163574,38.731641],[121.207422,38.743506],[121.236328,38.766943],[121.320117,38.808203],[121.517188,38.830762],[121.649902,38.865088],[121.67041,38.891797],[121.632812,38.954834],[121.677246,39.003418],[121.744824,39.009668],[121.805176,38.991406],[121.864355,38.996484],[121.922656,39.036523],[121.982324,39.053174],[122.047656,39.093799],[122.120898,39.151904],[122.225,39.267334],[122.334863,39.366113],[122.840039,39.60083],[122.960938,39.619922],[123.032227,39.673535],[123.226562,39.686621],[123.268945,39.726904],[123.348145,39.762939],[123.490039,39.767871],[123.580664,39.786133],[123.61123,39.84082],[123.650879,39.881592],[123.760156,39.822412],[124.105762,39.841016],[124.26748,39.92417],[124.35,40.011572],[124.362109,40.004053],[124.375098,39.996143],[124.348633,39.906885],[124.403809,39.865527],[124.557422,39.790576],[124.607617,39.716943],[124.638281,39.615088],[124.699219,39.632373],[124.732227,39.652197],[124.738867,39.741504],[124.775293,39.758057],[124.867871,39.701807],[125.100098,39.590332],[125.180078,39.583496],[125.36084,39.526611],[125.373633,39.427637],[125.413184,39.32627],[125.409668,39.288379],[125.157324,38.871533],[125.168848,38.805518],[125.298926,38.742969],[125.424219,38.746875],[125.488672,38.727783],[125.554492,38.68623],[125.491797,38.676123],[125.415332,38.68042],[125.309668,38.665381],[125.067383,38.556738],[124.97373,38.480127],[124.880566,38.34165],[124.882715,38.294971],[124.874512,38.233398],[124.690918,38.129199],[124.779492,38.101514],[124.907031,38.112646],[124.99502,38.077832],[125.162598,38.093652],[125.206738,38.081543],[125.24668,38.056836],[125.193164,38.037793],[124.98877,37.931445],[125.026758,37.922607],[125.101953,37.88208],[125.310742,37.843506],[125.364844,37.748242],[125.357813,37.724805],[125.406641,37.719043],[125.449316,37.730225],[125.581543,37.815039],[125.676172,37.917725],[125.69502,37.962695],[125.769141,37.985352],[125.941699,37.873682],[126.050293,37.869824],[126.116699,37.74292],[126.161035,37.763721],[126.203125,37.828516],[126.369922,37.878369],[126.572754,37.796826],[126.623242,37.790186],[126.633887,37.781836],[126.620703,37.755469],[126.577734,37.744727],[126.563379,37.716504],[126.580176,37.65376],[126.607617,37.617432],[126.656836,37.551172],[126.650293,37.447119],[126.696191,37.410693],[126.790527,37.294922],[126.746387,37.193555],[126.776074,37.158203],[126.787402,37.102734],[126.868945,36.975732],[126.959766,36.957617],[126.976855,36.939404],[126.958008,36.906152],[126.879102,36.862061],[126.87207,36.824463],[126.83877,36.846094],[126.784473,36.948437],[126.686719,36.960352],[126.577734,37.01958],[126.487012,37.007471],[126.428711,36.969043],[126.351562,36.958203],[126.217188,36.870947],[126.160547,36.771924],[126.180859,36.691602],[126.230664,36.689258],[126.38877,36.651172],[126.433008,36.678027],[126.487695,36.693799],[126.506641,36.585645],[126.548242,36.477637],[126.551953,36.429688],[126.544238,36.341211],[126.557227,36.23584],[126.54043,36.166162],[126.59707,36.105029],[126.682324,36.037939],[126.693457,36.01416],[126.663672,35.974512],[126.647461,35.922412],[126.719629,35.8979],[126.753027,35.871973],[126.717383,35.768848],[126.601562,35.714209],[126.541895,35.669336],[126.488477,35.64707],[126.486523,35.606348],[126.564941,35.589746],[126.614062,35.570996],[126.582227,35.534473],[126.492773,35.50127],[126.460449,35.455615],[126.395898,35.314404],[126.360547,35.216895],[126.291113,35.15415],[126.327441,35.045117],[126.397852,34.932812],[126.420703,34.823389],[126.478516,34.810352],[126.547949,34.836768],[126.593359,34.824365],[126.538574,34.778662],[126.472852,34.756348],[126.50498,34.737549],[126.524512,34.6979],[126.425586,34.69458],[126.301074,34.719971],[126.264453,34.673242],[126.332617,34.589648],[126.481738,34.493945],[126.506445,34.428369],[126.508301,34.350635],[126.531445,34.314258],[126.584375,34.317529],[126.61084,34.403516],[126.754785,34.511865],[126.796484,34.494287],[126.82627,34.451074],[126.897461,34.438867],[127.030762,34.606885],[127.24707,34.755127],[127.268652,34.720361],[127.260547,34.66167],[127.194922,34.605029],[127.173438,34.546143],[127.324609,34.463281],[127.380566,34.500635],[127.401172,34.552539],[127.479102,34.625244],[127.423438,34.688477],[127.389648,34.743018],[127.404297,34.823096],[127.476953,34.844287],[127.523633,34.840088],[127.56543,34.765918],[127.632422,34.690234],[127.71543,34.721045],[127.742188,34.782568],[127.6625,34.843408],[127.639355,34.889697],[127.659082,34.926367],[127.714844,34.954687],[127.873242,34.966309],[127.976758,35.018701],[128.03623,35.021973],[128.094531,34.933594],[128.152344,34.915869],[128.275977,34.910986],[128.387695,34.875098],[128.443945,34.870361],[128.447656,34.93208],[128.418848,35.015674],[128.458105,35.069434],[128.510938,35.100977],[128.642578,35.11958],[128.795703,35.093896],[128.980078,35.101514],[129.076758,35.122705],[129.21416,35.181836],[129.329004,35.332764],[129.419141,35.497852],[129.485449,35.687402],[129.561719,35.947656],[129.572852,36.050537],[129.509766,36.037598],[129.458301,36.006445],[129.425781,36.018799],[129.403516,36.052148],[129.402441,36.137646],[129.391309,36.202148],[129.392578,36.322705],[129.427148,36.385498],[129.44502,36.470703],[129.433008,36.636621],[129.473438,36.741895],[129.426172,36.925537],[129.418262,37.059033],[129.335156,37.274561],[129.051563,37.677637],[128.852441,37.887061],[128.618848,38.176074],[128.374609,38.623437],[128.329492,38.680908],[128.249414,38.745215],[128.1625,38.786133],[128.123047,38.816406],[127.97168,38.897998],[127.786133,39.084131],[127.698926,39.125049],[127.580957,39.143262],[127.496973,39.179492],[127.394531,39.20791],[127.383496,39.296143],[127.422266,39.373584],[127.457422,39.400977],[127.522852,39.377393],[127.548926,39.461084],[127.547266,39.562793],[127.527441,39.695703],[127.568164,39.781982],[127.86709,39.895947],[127.966602,39.995605],[128.106348,40.032568],[128.304492,40.035937],[128.392969,40.088965],[128.51123,40.130225],[128.610742,40.1979],[128.701367,40.317529],[128.842969,40.358496],[128.945215,40.427881],[129.109766,40.491064],[129.245117,40.661035],[129.341113,40.726318],[129.708691,40.857324],[129.741992,40.932275],[129.712109,41.123682],[129.76582,41.303857],[129.758984,41.391504],[129.682422,41.494336],[129.686328,41.594971],[129.756348,41.712256],[129.876367,41.805518],[129.928223,41.896729],[130.007324,41.991162],[130.068262,42.045752],[130.179883,42.096973],[130.235742,42.183203],[130.314746,42.214111],[130.45752,42.301709],[130.569238,42.291699],[130.636523,42.274854],[130.687305,42.302539],[130.729883,42.325781],[130.83418,42.522949],[130.709375,42.656396],[130.756152,42.673291],[130.945703,42.633936],[131.024805,42.645166],[131.158301,42.626025],[131.245313,42.697412],[131.29248,42.772119],[131.393262,42.822314],[131.516406,42.996436],[131.72207,43.202637],[131.794727,43.255273],[131.938965,43.301953],[131.97627,43.296045],[132.013086,43.280029],[131.89834,43.170752],[131.866602,43.095166],[131.947266,43.09541],[132.028711,43.118945],[132.233203,43.245068],[132.30957,43.313525],[132.334375,43.238672],[132.303809,42.883301],[132.481348,42.909766],[132.576465,42.871582],[132.708984,42.87583],[132.863574,42.79375],[132.923926,42.805273],[132.996582,42.808008],[133.059375,42.722803],[133.159961,42.696973],[133.329492,42.763867],[133.586719,42.828223],[133.709375,42.829932],[134.010449,42.947461],[134.156445,43.042139],[134.691797,43.290576],[134.916992,43.426562],[135.131055,43.525732],[135.260156,43.684619],[135.483398,43.83501],[135.489063,43.898828],[135.533203,43.971484],[135.874609,44.373535],[135.987012,44.439844],[136.142285,44.489111],[136.208691,44.562012],[136.251172,44.666797],[136.460449,44.822119],[136.604102,44.978174],[136.737207,45.080029],[136.803516,45.171143],[137.146973,45.393506],[137.425195,45.63999],[137.685449,45.818359],[137.769141,45.928516],[138.106348,46.250732],[138.210156,46.462939],[138.336914,46.543408],[138.391797,46.745068],[138.500488,46.889844],[138.529688,46.976221],[138.586816,47.057227],[139.001367,47.383301],[139.166992,47.634863],[139.372656,47.887354],[139.520508,47.975293],[139.67627,48.089893],[139.760742,48.180566],[139.998438,48.323779],[140.113281,48.422656],[140.170605,48.523682],[140.224219,48.772852],[140.37832,48.964111],[140.333691,48.994824],[140.308984,49.053906],[140.325586,49.12002],[140.348633,49.15918],[140.364355,49.22085],[140.399121,49.289795],[140.431055,49.331494],[140.517188,49.596143],[140.511328,49.76167],[140.464551,49.825586],[140.462695,49.911475],[140.58457,50.03335],[140.613281,50.053711],[140.624512,50.082422],[140.564063,50.106689],[140.535449,50.130762],[140.476367,50.545996],[140.520898,50.800195],[140.645605,50.986768],[140.670703,51.051318],[140.687695,51.232275],[140.838574,51.41416],[140.932617,51.619922],[141.129395,51.727783],[141.258398,51.860693],[141.366895,51.920654],[141.385547,52.057227],[141.485254,52.178516],[141.409082,52.234326],[141.329688,52.271143],[141.169824,52.368408],[141.132422,52.435693],[141.24502,52.550146],[141.265918,52.652588],[141.255859,52.840137],[141.086816,52.897559],[140.874512,53.039844],[140.839648,53.087891],[140.887305,53.091504],[141.18125,53.015283],[141.32793,53.097266],[141.402051,53.183984],[141.37373,53.292773],[141.217676,53.334473],[141.015039,53.454248],[141.005664,53.49458],[140.687598,53.596436],[140.34707,53.812598],[140.241699,54.001025],[140.178711,54.051562],[139.858398,54.205322],[139.795508,54.256445],[139.707422,54.277148],[139.319727,54.192969],[139.105078,54.217822],[138.695703,54.32002],[138.657227,54.29834],[138.715918,54.222656],[138.704688,54.147656],[138.72168,54.04375],[138.699414,53.869727],[138.660742,53.744775],[138.510938,53.57002],[138.450684,53.537012],[138.320312,53.5229],[138.249707,53.524023],[138.292188,53.592432],[138.407031,53.67417],[138.569141,53.818799],[138.568164,53.947168],[138.52793,53.959863],[138.493555,53.959668],[138.378906,53.909277],[138.25293,53.726416],[137.950488,53.603564],[137.738184,53.560303],[137.32832,53.538965],[137.253711,53.546143],[137.221484,53.579199],[137.313672,53.631592],[137.516992,53.70708],[137.644824,53.86582],[137.786133,53.90332],[137.834766,53.946729],[137.622754,53.970459],[137.476465,54.027588],[137.339258,54.100537],[137.403418,54.123535],[137.45127,54.130469],[137.513184,54.156396],[137.666016,54.283301],[137.525098,54.291211],[137.377734,54.282324],[137.141602,54.182227],[137.096191,54.128564],[137.172461,54.056885],[137.258008,54.025244],[137.155371,53.82168],[137.01875,53.848145],[136.886426,53.839355],[136.802637,53.781982],[136.718848,53.804102],[136.683008,53.931299],[136.729395,54.060645],[136.77041,54.35332],[136.82041,54.452344],[136.82373,54.561475],[136.797266,54.620996],[136.714551,54.624316],[136.580273,54.613623],[136.237988,54.614062],[135.851562,54.583936],[135.437793,54.69248],[135.325391,54.707422],[135.257715,54.731494],[135.211523,54.84082],[135.234766,54.903223],[135.2625,54.943311],[135.540625,55.11377],[135.750781,55.160645],[136.175195,55.352246],[136.351172,55.51001],[136.460254,55.576709],[136.793555,55.694189],[137.012109,55.795264],[137.189844,55.892285],[137.384082,55.974756],[137.572949,56.112109],[137.691504,56.139355],[138.073828,56.433105],[138.140625,56.498682],[138.180078,56.588525],[138.217773,56.629004],[138.662109,56.965527],[138.965723,57.088135],[139.181641,57.261523],[139.443848,57.329687],[139.506641,57.358301],[139.619238,57.455713],[139.80332,57.51416],[139.861523,57.549316],[140.002344,57.6875],[140.446875,57.813672],[140.495117,57.86543],[140.684961,58.212158],[140.790234,58.303467],[140.987695,58.416846],[141.34707,58.528076],[141.60293,58.649023],[141.754688,58.745264],[142.025391,58.999658],[142.330371,59.152637],[142.580273,59.240137],[143.192188,59.370117],[143.523828,59.343652],[143.86875,59.411377],[144.123438,59.408301],[144.483398,59.37627],[145.55459,59.413525],[145.756445,59.37373],[145.829102,59.330322],[145.931641,59.198389],[146.049512,59.170557],[146.273438,59.221484],[146.444336,59.430469],[146.537207,59.456982],[146.803711,59.372949],[147.040039,59.365723],[147.514453,59.268555],[147.687891,59.290674],[147.874609,59.388037],[148.257422,59.414209],[148.491211,59.262305],[148.72666,59.25791],[148.914062,59.282715],[148.964648,59.369141],[148.889648,59.4],[148.744141,59.373535],[148.708887,59.448535],[148.79707,59.532324],[148.925,59.475],[149.133008,59.480518],[149.20498,59.488184],[149.175391,59.526758],[149.127734,59.558789],[149.065234,59.630518],[149.29043,59.728467],[149.424512,59.760986],[149.642578,59.77041],[150.202539,59.65127],[150.325586,59.638867],[150.457227,59.590723],[150.667285,59.556348],[150.539844,59.524951],[150.483594,59.494385],[150.615234,59.506543],[150.729492,59.469141],[150.823438,59.460742],[150.863281,59.475439],[150.911914,59.523047],[150.98252,59.571338],[151.033594,59.585645],[151.170313,59.583252],[151.348242,59.561133],[151.485742,59.524121],[151.798047,59.323242],[151.942383,59.284082],[152.104492,59.290576],[152.169531,59.27793],[152.260645,59.223584],[151.990039,59.160059],[151.733496,59.14668],[151.50498,59.164014],[151.121094,59.08252],[151.326758,58.875098],[151.70459,58.866699],[152.087891,58.910449],[152.165234,58.997021],[152.319629,59.030762],[152.400684,59.026416],[152.575586,58.954102],[152.817871,58.92627],[152.882227,58.939062],[153.077734,59.081885],[153.196094,59.094434],[153.272949,59.091309],[153.361133,59.214795],[153.695215,59.224756],[153.891699,59.11416],[154.010938,59.075537],[154.24668,59.108594],[154.375977,59.187842],[154.458008,59.216553],[154.703516,59.141309],[154.82373,59.187549],[155.016699,59.195605],[155.160449,59.190137],[155.153027,59.270215],[155.166699,59.360156],[154.971289,59.449609],[154.58252,59.540088],[154.357617,59.481445],[154.272168,59.475146],[154.212891,59.483398],[154.149805,59.528516],[154.20918,59.600342],[154.268848,59.658398],[154.266602,59.730371],[154.293066,59.83335],[154.389844,59.876758],[154.440723,59.883789],[154.578223,60.09502],[154.970801,60.37666],[155.427832,60.549854],[155.716113,60.682373],[155.85332,60.777148],[156.055957,60.995605],[156.344141,61.155078],[156.482617,61.206006],[156.629688,61.272461],[156.680273,61.480615],[156.790625,61.529639],[156.891797,61.565186],[157.08418,61.675684],[157.370703,61.74707],[157.469336,61.798926],[157.799316,61.795264],[158.070117,61.753613],[158.151563,61.764844],[158.333691,61.825684],[158.547168,61.810889],[158.824316,61.850244],[159.07666,61.922266],[159.189258,61.929395],[159.29502,61.91416],[159.423047,61.808057],[159.496289,61.781445],[159.552344,61.719482],[159.722168,61.758398],[160.18252,61.902832],[160.237793,61.903857],[160.309375,61.894385],[160.321484,61.838574],[160.317383,61.793359],[160.246875,61.647607],[160.162695,61.5375],[159.930859,61.323926],[159.883105,61.291797],[159.913965,61.234473],[159.949219,61.128613],[159.83457,61.013965],[159.79043,60.956641],[159.883105,60.943408],[160.004004,61.007422],[160.184277,61.047656],[160.28125,61.044775],[160.378906,61.025488],[160.225781,60.831543],[160.201074,60.729639],[160.177344,60.690723],[160.173633,60.638428],[160.287305,60.667041],[160.368164,60.708545],[160.482031,60.739844],[160.766602,60.75332],[160.915039,60.892676],[161.037109,60.962891],[162.188379,61.540674],[162.392578,61.662109],[162.506445,61.670117],[162.607617,61.650049],[162.699023,61.652588],[162.717871,61.695117],[162.752344,61.711279],[162.855957,61.705029],[162.92168,61.597705],[162.993945,61.544189],[163.047266,61.554053],[163.085254,61.570557],[163.138867,61.611426],[163.197852,61.644775],[163.257812,61.699463],[163.207617,61.736572],[163.009277,61.791504],[163.017676,61.891064],[163.131055,62.049902],[163.118457,62.15293],[163.163477,62.25957],[163.213281,62.313428],[163.258008,62.336914],[163.302148,62.372998],[163.244238,62.455371],[163.287109,62.511426],[163.331738,62.550928],[164.255664,62.696582],[164.418359,62.704639],[164.566992,62.675488],[164.792383,62.571094],[165.044043,62.516992],[165.396582,62.493896],[165.417383,62.44707],[165.280371,62.462988],[165.213867,62.448193],[165.225684,62.405762],[165.208105,62.373975],[165.124121,62.411523],[164.887695,62.431885],[164.670703,62.473779],[164.59834,62.470557],[164.2875,62.346631],[164.207227,62.292236],[164.074219,62.04502],[164.067969,61.873877],[164.019531,61.710693],[163.882715,61.640137],[163.837109,61.558252],[163.804395,61.461377],[163.972754,61.419873],[163.99209,61.388232],[164.005469,61.343799],[163.893359,61.240479],[163.619629,61.111328],[163.589258,61.084375],[163.553516,61.025635],[163.709961,60.916797],[163.585156,60.877148],[163.466406,60.849756],[163.352344,60.800439],[162.973145,60.78291],[162.713184,60.659473],[162.266309,60.536719],[162.068164,60.466406],[162.003613,60.420166],[161.845996,60.232227],[161.753516,60.152295],[161.449316,60.027344],[161.218945,59.845605],[160.855273,59.626855],[160.711426,59.60166],[160.547461,59.547363],[160.350391,59.394043],[159.847363,59.127148],[159.591504,58.803662],[159.452637,58.695947],[159.308398,58.610547],[159.210645,58.519434],[159.036914,58.423926],[158.687012,58.281348],[158.449414,58.162842],[158.321094,58.083447],[158.275195,58.008984],[158.210449,58.025293],[157.974609,57.985937],[157.666406,58.019775],[157.450391,57.799268],[157.216797,57.776807],[156.985742,57.830176],[156.871973,57.803662],[156.829883,57.779639],[156.791602,57.747949],[156.899902,57.676904],[156.948242,57.615771],[156.963574,57.560938],[156.976758,57.466309],[156.848828,57.290186],[156.728418,57.152246],[156.529297,57.021191],[156.06748,56.781592],[156.025391,56.752002],[155.98252,56.695215],[155.716602,56.072217],[155.643457,55.793555],[155.554883,55.348486],[155.563867,55.199121],[155.620313,54.864551],[155.706445,54.521484],[155.904883,53.928125],[155.950195,53.744287],[156.098828,53.006494],[156.110352,52.866162],[156.154395,52.747266],[156.228613,52.62627],[156.364746,52.509375],[156.377344,52.366553],[156.489844,51.913037],[156.500391,51.475098],[156.521191,51.380273],[156.543457,51.311621],[156.670801,51.226855],[156.713477,51.124121],[156.724316,51.04707],[156.747754,50.969287],[156.847461,51.006592],[157.202246,51.212744],[157.489844,51.408936],[157.530957,51.479883],[157.628906,51.53457],[157.823242,51.605322],[158.103516,51.809619],[158.331641,52.090869],[158.463477,52.30498],[158.493164,52.383154],[158.500391,52.460303],[158.480762,52.62666],[158.533691,52.688428],[158.608789,52.873633],[158.560156,52.922168],[158.432324,52.957422],[158.47207,53.032373],[158.564648,53.05],[158.639551,53.014795],[158.683691,52.9354],[158.74541,52.908936],[158.952051,53.047559],[159.136133,53.117139],[159.585938,53.237695],[159.771582,53.229687],[159.947461,53.125098],[160.025098,53.12959],[160.002148,53.274902],[159.897656,53.380762],[159.899121,53.447705],[159.955859,53.552197],[159.914258,53.62085],[159.870898,53.672656],[159.84375,53.783643],[159.921777,54.008398],[160.010156,54.130859],[160.074414,54.18916],[160.288867,54.288232],[160.517188,54.430859],[160.772656,54.541357],[160.935547,54.578369],[161.129883,54.598242],[161.294043,54.520557],[161.624805,54.51626],[161.725684,54.532959],[161.966895,54.688672],[162.105566,54.752148],[162.080273,54.886133],[161.996094,54.997998],[161.824219,55.138916],[161.784961,55.205322],[161.729395,55.358008],[161.723926,55.496143],[161.775586,55.654834],[161.924023,55.840381],[162.084961,56.089648],[162.146094,56.128271],[162.334082,56.187744],[162.461133,56.235498],[162.528223,56.260693],[162.488672,56.399121],[162.589063,56.454932],[162.671484,56.490088],[162.877637,56.476367],[162.944141,56.508057],[163.038379,56.521875],[162.975195,56.449023],[162.893262,56.399463],[162.713184,56.330859],[162.628125,56.232275],[162.840332,56.065625],[162.97168,56.033789],[163.047363,56.044678],[163.189258,56.137012],[163.261328,56.17373],[163.335547,56.23252],[163.294043,56.447705],[163.243262,56.564551],[163.256543,56.688037],[163.16543,56.725488],[163.046387,56.741309],[162.92207,56.722656],[162.849902,56.756836],[162.802637,56.811475],[162.791113,56.875391],[162.814844,57.023389],[162.808105,57.102783],[162.761523,57.243945],[162.762305,57.284082],[162.779297,57.357617],[162.957031,57.47749],[163.108789,57.564844],[163.187891,57.637402],[163.213867,57.686816],[163.225781,57.790381],[163.14502,57.837305],[162.718359,57.946094],[162.654297,57.948242],[162.521973,57.904102],[162.466992,57.766211],[162.391406,57.717236],[162.392188,57.74502],[162.411426,57.778369],[162.197461,57.82915],[162.097949,57.874658],[162.039648,57.918262],[162.001953,57.980957],[161.960059,58.076904],[162.049219,58.272852],[162.141602,58.447412],[162.453027,58.708594],[162.643359,58.799902],[162.847266,58.939258],[162.93457,58.963965],[162.969824,58.986475],[163.004297,59.020166],[162.940039,59.114307],[162.974902,59.137061],[163.010156,59.148291],[163.084863,59.131396],[163.272852,59.302588],[163.269043,59.52002],[163.321191,59.70542],[163.364844,59.781445],[163.409961,59.834961],[163.49375,59.886768],[163.574316,59.914062],[163.690039,59.978418],[163.743848,60.028027],[163.780078,60.041113],[163.912891,60.037061],[164.017578,60.017334],[164.135059,59.984375],[164.113281,59.897559],[164.251563,59.973779],[164.376855,60.058057],[164.440039,60.072705],[164.525293,60.061279],[164.669727,59.997461],[164.779395,59.874219],[164.854297,59.840967],[164.953711,59.843604],[165.018945,59.860742],[165.073633,59.945605],[165.08457,60.098584],[165.192578,60.124756],[165.285254,60.134912],[165.41582,60.205176],[165.583008,60.236475],[165.941992,60.356885],[166.180176,60.480371],[166.352148,60.484814],[166.308105,60.414258],[166.29248,60.346094],[166.229785,60.17832],[166.168359,60.088818],[166.136035,59.979346],[166.148926,59.92207],[166.186523,59.849463],[166.273047,59.85625],[166.331836,59.872412],[166.452539,59.947021],[166.964063,60.307031],[167.226758,60.406299],[167.626074,60.468945],[167.745996,60.509326],[168.1375,60.573926],[168.462793,60.592236],[168.670313,60.562891],[168.788281,60.563818],[169.226758,60.595947],[169.275684,60.556641],[169.618359,60.438037],[169.814746,60.265381],[169.854297,60.250244],[169.887012,60.21792],[169.897559,60.147852],[169.927246,60.104248],[169.982617,60.06709],[170.154102,59.986084],[170.350977,59.965527],[170.396484,60.009766],[170.423438,60.047803],[170.512305,60.259521],[170.588574,60.342871],[170.589746,60.393701],[170.608203,60.434912],[170.799316,60.496484],[170.949316,60.522949],[171.489746,60.725732],[171.729492,60.843115],[171.830566,60.837354],[171.917969,60.864111],[171.997656,60.900684],[172.067285,60.915674],[172.213281,60.997852],[172.392773,61.061768],[172.362402,61.116602],[172.396094,61.167383],[172.49707,61.185889],[172.584766,61.19043],[172.696973,61.249316],[172.690039,61.295166],[172.730664,61.314404],[172.789062,61.310693],[172.867773,61.293066],[172.908008,61.311621],[172.837891,61.375586],[172.806836,61.436133],[172.856543,61.469189],[173.05459,61.406201],[173.131836,61.406641],[173.390723,61.556738],[173.623438,61.716064],[173.822363,61.679395],[174.138867,61.795166],[174.284961,61.817529],[174.514355,61.823633],[174.610547,61.867627],[174.715039,61.9479],[174.797559,61.938867],[175.192383,62.034424],[175.267871,62.102393],[175.36582,62.121338],[175.441992,62.12793],[175.613867,62.184375],[176.328418,62.346045],[176.436523,62.41084],[176.702539,62.505762],[176.907422,62.536084],[177.159473,62.560986],[177.189648,62.591602],[177.008008,62.626562],[176.964746,62.658643],[176.963477,62.693262],[176.990039,62.722217],[177.023535,62.777246],[177.091211,62.789551],[177.172656,62.750342],[177.258691,62.750439],[177.29834,62.784229],[177.338965,62.781348],[177.359668,62.736963],[177.31582,62.685254],[177.295898,62.644482],[177.292578,62.599023],[177.35127,62.587451],[177.663086,62.582813],[178.019238,62.546973],[178.963867,62.355273],[179.044629,62.323682],[179.120703,62.320361],[179.133887,62.396436],[179.176953,62.469189],[179.288672,62.510352],[179.477246,62.613086],[179.570508,62.6875],[179.570508,62.773486],[179.510938,62.862793],[179.381055,62.883691],[179.302148,62.939844],[179.25957,63.008301],[179.329004,63.05791],[179.405078,63.077734],[179.388574,63.147217],[179.332324,63.190186],[179.028125,63.282422],[178.921484,63.34502],[178.918555,63.400244],[178.792969,63.540332],[178.775391,63.510254],[178.786719,63.442432],[178.744043,63.394775],[178.678711,63.402295],[178.668848,63.439941],[178.706445,63.521533],[178.653711,63.556641],[178.466113,63.574072],[178.44043,63.605566],[178.625977,63.650732],[178.681348,63.650732],[178.731445,63.66709],[178.69248,63.842334],[178.650293,63.965283],[178.536035,63.975635],[178.451367,64.011377],[178.474805,64.089014],[178.477148,64.127881],[178.381445,64.260889],[178.312988,64.314404],[178.229492,64.364404],[178.163965,64.309082],[178.130566,64.235254],[178.044727,64.21958],[177.95332,64.222266],[177.6875,64.304736],[177.43291,64.444482],[177.409863,64.572803],[177.467188,64.736816],[177.427441,64.763379],[177.3875,64.774023],[177.049805,64.719238],[176.842871,64.633789],[176.730957,64.624854],[176.507617,64.682422],[176.140918,64.58584],[176.219434,64.641943],[176.283203,64.663818],[176.350977,64.705127],[176.300879,64.783838],[176.246973,64.843018],[176.169238,64.884766],[176.056543,64.904736],[175.945898,64.865186],[175.858594,64.825293],[175.67793,64.782471],[175.330664,64.746631],[175.09707,64.746631],[174.698633,64.681445],[174.548828,64.683887],[175.097754,64.776855],[175.396484,64.783691],[175.781152,64.844043],[176.061133,64.960889],[176.429492,64.855176],[176.556641,64.83999],[176.831055,64.849219],[177.06875,64.78667],[177.148242,64.804834],[177.222852,64.86167],[177.123438,64.947021],[177.037305,64.999658],[176.940039,65.016016],[176.645508,65.007178],[176.452148,65.025244],[176.341016,65.047314],[176.413086,65.07124],[176.624805,65.037598],[176.880859,65.081934],[177.179199,65.014111],[177.251855,64.953613],[177.337012,64.931348],[177.581641,64.777881],[177.748633,64.717041],[178.285352,64.672266],[178.519531,64.602979],[178.698438,64.631104],[179.15,64.781592],[179.448242,64.822021],[179.651367,64.920947],[179.827344,65.03418],[180,65.067236]]]}},{"type":"Feature","properties":{"scalerank":0,"featurecla":"Coastline","min_zoom":4},"bbox":[124.625391,37.920166,124.755469,37.98877],"geometry":{"type":"LineString","coordinates":[[124.739844,37.947217],[124.753711,37.955176],[124.755469,37.969824],[124.744531,37.980615],[124.716602,37.98877],[124.661133,37.973437],[124.635938,37.980615],[124.625391,37.945215],[124.655859,37.924756],[124.69668,37.920166],[124.71709,37.932861]]}}]}