{"type":"FeatureCollection","features":[{"type":"Feature","properties":{"scalerank":3,"featurecla":"Lake Centerline","name":"Amur","note":null,"min_zoom":3,"name_alt":null,"name_en":"Amur","min_label":4,"name_zh":"黑龙江","major":0},"bbox":[136.770288,49.759289,140.114063,51.763637],"geometry":{"type":"MultiLineString","coordinates":[[[137.069908,50.454078],[137.101379,50.298119],[137.05673,50.215721],[136.946453,50.154872],[136.87209,50.097873],[136.83354,50.044594],[136.771218,49.914628],[136.770288,49.849929],[136.810492,49.759289]],[[140.114063,51.763637],[139.949732,51.639587],[139.902086,51.596825],[139.857748,51.578816]]]}},{"type":"Feature","properties":{"scalerank":2,"featurecla":"Lake Centerline","name":"Angara","note":null,"min_zoom":2.1,"name_alt":null,"name_en":"Angara","min_label":3.1,"name_zh":null,"major":0},"bbox":[101.777385,51.816372,106.497304,57.943079],"geometry":{"type":"MultiLineString","coordinates":[[[106.497304,52.383108],[106.437772,52.414889],[106.352196,52.403675],[106.220628,52.360112],[106.068699,52.264407],[105.896203,52.116664],[105.725258,51.997757],[105.555759,51.907788],[105.361094,51.847327],[105.141262,51.816372],[104.989902,51.818569],[104.865672,51.871511]],[[103.374187,53.107275],[103.403487,53.282097],[103.403591,53.425008],[103.384212,53.5943],[103.278895,53.796717],[103.087382,54.032258],[103.057772,54.218293],[103.18996,54.354874],[103.250783,54.481481],[103.240241,54.598166],[103.192441,54.695628],[103.107381,54.773815],[103.132651,54.892076],[103.268147,55.050335],[103.32928,55.180353],[103.315947,55.282052],[103.277965,55.378532],[103.215333,55.469896],[103.185568,55.574541],[103.188772,55.692467],[103.150583,55.776802],[103.071104,55.827549],[103.02382,55.895219],[103.008628,55.979865],[102.964599,56.057199],[102.891632,56.127272],[102.751486,56.173057],[102.54416,56.194555],[102.303968,56.167554],[102.030806,56.092055],[101.862858,56.071772],[101.800174,56.106705],[101.777385,56.165823],[101.803223,56.290776]],[[102.673971,57.943079],[102.673868,57.855074],[102.651233,57.789496],[102.606068,57.717046],[102.533721,57.637619],[102.434296,57.551164],[102.37125,57.44559],[102.344585,57.320843],[102.337971,57.194752],[102.358021,57.003704]]]}},{"type":"Feature","properties":{"scalerank":6,"featurecla":"Lake Centerline","name":"Biya","note":null,"min_zoom":5,"name_alt":null,"name_en":"Biya","min_label":6,"name_zh":null,"major":0},"bbox":[87.39201,51.364384,87.755708,51.761621],"geometry":{"type":"MultiLineString","coordinates":[[[87.755708,51.364384],[87.685739,51.635867],[87.594788,51.735163],[87.39201,51.761621]]]}},{"type":"Feature","properties":{"scalerank":2,"featurecla":"Lake Centerline","name":"Ertis","note":null,"min_zoom":2.1,"name_alt":null,"name_en":"Ertis","min_label":3.1,"name_zh":null,"major":0},"bbox":[83.363728,47.732126,84.356846,49.643843],"geometry":{"type":"MultiLineString","coordinates":[[[83.363728,49.643843],[83.603197,49.519872],[83.730528,49.470547],[83.825612,49.454475],[83.959454,49.379415],[84.13195,49.245367],[84.204091,49.161961],[84.175772,49.129301],[84.012423,49.070028],[83.714043,48.984142],[83.53271,48.888747],[83.468425,48.783844],[83.450442,48.668451],[83.478864,48.542515],[83.524287,48.45451],[83.586816,48.404384],[83.589038,48.359038],[83.531057,48.318472],[83.50651,48.272713],[83.515502,48.221837],[83.642471,48.136804],[83.887314,48.017638],[84.072471,47.90227],[84.197838,47.790701],[84.284602,47.734218],[84.356846,47.732126]]]}},{"type":"Feature","properties":{"scalerank":6,"featurecla":"Lake Centerline","name":"Gan","note":null,"min_zoom":5,"name_alt":null,"name_en":"Gan","min_label":6,"name_zh":null,"major":0},"bbox":[115.981893,29.279195,116.19759,29.751388],"geometry":{"type":"MultiLineString","coordinates":[[[115.981893,29.279195],[116.034396,29.319193],[116.088294,29.437222],[116.19759,29.751388]]]}},{"type":"Feature","properties":{"scalerank":6,"featurecla":"Lake Centerline","name":"Han","note":null,"min_zoom":5,"name_alt":null,"name_en":"Han","min_label":6,"name_zh":null,"major":0},"bbox":[111.000078,32.567806,111.477671,32.740689],"geometry":{"type":"MultiLineString","coordinates":[[[111.477671,32.567806],[111.000078,32.740689]]]}},{"type":"Feature","properties":{"scalerank":3,"featurecla":"Lake Centerline","name":"Huang","note":null,"min_zoom":3,"name_alt":null,"name_en":"Huang","min_label":4,"name_zh":null,"major":0},"bbox":[97.072039,34.835445,97.76285,35.088091],"geometry":{"type":"MultiLineString","coordinates":[[[97.288253,34.835445],[97.247791,34.889318],[97.193685,34.913115],[97.072039,34.930607]],[[97.76285,35.088091],[97.713654,34.961897],[97.659393,34.908877],[97.545912,34.875985]]]}},{"type":"Feature","properties":{"scalerank":3,"featurecla":"Lake Centerline","name":"Indus","note":null,"min_zoom":3,"name_alt":null,"name_en":"Indus","min_label":4,"name_zh":"印度河","major":0},"bbox":[72.707015,34.085568,72.847574,34.622538],"geometry":{"type":"MultiLineString","coordinates":[[[72.781635,34.622538],[72.834759,34.371494],[72.847574,34.257961],[72.837963,34.198223],[72.801582,34.147658],[72.707015,34.085568]]]}},{"type":"Feature","properties":{"scalerank":6,"featurecla":"Lake Centerline","name":"Krishna","note":null,"min_zoom":5,"name_alt":null,"name_en":"Krishna","min_label":6,"name_zh":null,"major":0},"bbox":[78.997173,16.230302,79.31333,16.579376],"geometry":{"type":"MultiLineString","coordinates":[[[78.997173,16.230302],[79.156853,16.235004],[79.210907,16.300737],[79.212664,16.429049],[79.238451,16.514755],[79.31333,16.579376]]]}},{"type":"Feature","properties":{"scalerank":6,"featurecla":"Lake Centerline","name":"Mahäna Nadï","note":null,"min_zoom":5,"name_alt":null,"name_en":"Mahäna Nadï","min_label":6,"name_zh":null,"major":0},"bbox":[83.29965,21.520134,83.857652,21.7364],"geometry":{"type":"MultiLineString","coordinates":[[[83.857652,21.520134],[83.713165,21.673148],[83.63596,21.728235],[83.577979,21.7364],[83.528473,21.716737],[83.487545,21.669246],[83.425223,21.657903],[83.29965,21.695162]]]}},{"type":"Feature","properties":{"scalerank":5,"featurecla":"Lake Centerline","name":"Naryn","note":null,"min_zoom":4.7,"name_alt":null,"name_en":"Naryn","min_label":5.7,"name_zh":null,"major":0},"bbox":[72.653685,41.667431,73.30026,41.789543],"geometry":{"type":"MultiLineString","coordinates":[[[73.30026,41.77621],[72.932427,41.789543],[72.770783,41.762361],[72.653685,41.667431]]]}},{"type":"Feature","properties":{"scalerank":4,"featurecla":"Lake Centerline","name":"Ob","note":null,"min_zoom":4,"name_alt":null,"name_en":"Ob","min_label":5,"name_zh":null,"major":0},"bbox":[81.32716,53.885626,83.025351,54.845206],"geometry":{"type":"MultiLineString","coordinates":[[[83.025351,54.845206],[82.312423,54.49086],[82.003967,54.358362],[81.86227,54.329604],[81.74052,54.268936],[81.638666,54.176332],[81.522084,54.104088],[81.390619,54.052257],[81.32716,53.991149],[81.334085,53.885626]]]}},{"type":"Feature","properties":{"scalerank":4,"featurecla":"Lake Centerline","name":"Shishhid Gol","note":null,"min_zoom":4,"name_alt":null,"name_en":"Shishhid Gol","min_label":5,"name_zh":null,"major":0},"bbox":[99.309835,51.348701,99.426727,51.410428],"geometry":{"type":"MultiLineString","coordinates":[[[99.426727,51.348701],[99.309835,51.410428]]]}},{"type":"Feature","properties":{"scalerank":6,"featurecla":"Lake Centerline","name":"Sutlej","note":null,"min_zoom":5,"name_alt":null,"name_en":"Sutlej","min_label":6,"name_zh":null,"major":0},"bbox":[76.435056,30.791661,81.294707,31.422268],"geometry":{"type":"MultiLineString","coordinates":[[[81.294707,30.791661],[81.199313,30.852096]],[[76.764648,31.408626],[76.743564,31.333643],[76.714832,31.298452],[76.67132,31.277988],[76.595976,31.306358],[76.435056,31.422268]]]}},{"type":"Feature","properties":{"scalerank":5,"featurecla":"Lake Centerline","name":"Syr Darya","note":null,"min_zoom":4.7,"name_alt":null,"name_en":"Syr Darya","min_label":5.7,"name_zh":null,"major":0},"bbox":[61.562372,40.272684,70.355013,46.109537],"geometry":{"type":"MultiLineString","coordinates":[[[70.355013,40.435362],[70.31853,40.37118],[70.186497,40.33051],[69.826984,40.272684]],[[68.455801,41.106768],[68.173183,41.129531],[68.050451,41.16524],[68.002702,41.212368],[67.990817,41.254717]],[[61.760189,46.021119],[61.562372,46.109537]]]}},{"type":"Feature","properties":{"scalerank":4,"featurecla":"Lake Centerline","name":"Verkhniy Yenisey","note":null,"min_zoom":4,"name_alt":null,"name_en":"Verkhniy Yenisey","min_label":5,"name_zh":null,"major":0},"bbox":[90.938615,53.735428,92.408448,55.503124],"geometry":{"type":"MultiLineString","coordinates":[[[91.510931,53.735428],[91.454397,53.830203],[91.466386,53.903609],[91.527985,53.987299],[91.555993,54.045642],[91.550516,54.078767],[91.484318,54.16703],[91.357504,54.310535],[91.285622,54.41456],[91.268672,54.479156],[91.178755,54.550211],[91.015768,54.627803],[90.938615,54.721673],[90.947193,54.831899],[90.988379,54.925847],[91.062173,55.003516],[91.351045,55.086974],[91.85489,55.176219],[92.18226,55.291406],[92.408448,55.503124]]]}},{"type":"Feature","properties":{"scalerank":6,"featurecla":"Lake Centerline","name":"Yuan","note":null,"min_zoom":5,"name_alt":null,"name_en":"Yuan","min_label":6,"name_zh":null,"major":0},"bbox":[111.992885,28.83793,113.070752,29.389188],"geometry":{"type":"MultiLineString","coordinates":[[[112.904871,29.031381],[112.801156,28.927227],[112.692636,28.87431],[112.544738,28.83793],[112.351313,28.860978],[111.992885,28.984717]],[[112.993548,29.147446],[113.070752,29.389188]]]}},{"type":"Feature","properties":{"scalerank":3,"featurecla":"River","name":"Amur","note":null,"min_zoom":3,"name_alt":null,"name_en":"Amur","min_label":4,"name_zh":"黑龙江","major":0},"bbox":[127.491784,47.680501,140.839703,53.219594],"geometry":{"type":"MultiLineString","coordinates":[[[136.810492,49.759289],[136.842531,49.729161],[136.843978,49.677692],[136.825271,49.594854],[136.720782,49.519691],[136.530406,49.452279],[136.393773,49.367297],[136.310884,49.264771],[136.271197,49.171056],[136.274814,49.0861],[136.161849,48.98701],[135.817684,48.81715],[135.744666,48.764181],[135.66865,48.754647],[135.565193,48.770925],[135.444839,48.767876],[135.307483,48.745552],[135.184855,48.704521],[135.077058,48.644757],[135.026208,48.570524],[135.032409,48.481847],[134.964506,48.421024],[134.8225,48.388055],[134.708708,48.383145],[134.623029,48.406296],[134.486654,48.403351],[134.205896,48.359891],[133.842198,48.273746],[133.671769,48.207704],[133.573274,48.133031],[133.46837,48.097168],[133.301145,48.101535],[133.144049,48.105643],[133.020129,48.064405],[132.877089,47.979087],[132.772806,47.940072],[132.707177,47.947255],[132.636897,47.8901],[132.561862,47.768506],[132.476286,47.714969],[132.380168,47.72949],[132.149795,47.717966],[131.785269,47.680501],[131.556756,47.682025],[131.464255,47.722617],[131.319354,47.727811],[131.121847,47.697632],[131.002784,47.691456],[130.96196,47.70931],[130.932866,47.759798],[130.9154,47.84292],[130.848634,47.929426],[130.732568,48.01924],[130.712053,48.127657],[130.78719,48.254574],[130.804244,48.341494],[130.763419,48.388416],[130.746883,48.430378],[130.65924,48.483398],[130.597279,48.574658],[130.552114,48.602512],[130.565602,48.68013],[130.617175,48.773173],[130.553148,48.861204],[130.355279,48.866372],[130.196012,48.891641],[130.037055,48.972257],[129.792522,49.198858],[129.671083,49.278491],[129.591398,49.286656],[129.533727,49.323424],[129.498173,49.38882],[129.440709,49.38944],[129.384692,49.38944],[129.350069,49.362362],[129.309865,49.353835],[129.248421,49.37864],[129.185118,49.381379],[129.120109,49.362052],[129.065125,49.374661],[129.02027,49.419258],[128.938311,49.44892],[128.819352,49.463751],[128.770259,49.494705],[128.791033,49.541834],[128.769019,49.576974],[128.70401,49.600125],[128.52676,49.594234],[128.237062,49.559301],[127.999609,49.568603],[127.814297,49.622139],[127.711151,49.671542],[127.69017,49.716759],[127.636685,49.760193],[127.550799,49.801793],[127.50243,49.873416],[127.491784,49.975038],[127.512352,50.071673],[127.59028,50.208977]],[[139.857748,51.578816],[139.805865,51.562822],[139.705147,51.558171],[139.602415,51.544296],[139.494566,51.504944],[139.448987,51.449185],[139.378397,51.405441],[139.282796,51.373712],[139.159289,51.36348],[139.007981,51.374642],[138.918064,51.350458],[138.889538,51.290823],[138.825046,51.247518],[138.674564,51.207081],[138.06809,50.855992],[137.707698,50.714269],[137.391387,50.664866],[137.18711,50.60673],[137.094816,50.539809],[137.053991,50.493301],[137.069908,50.454078]],[[140.114063,51.763662],[140.146929,51.786271],[140.206047,51.813995],[140.218449,51.875361],[140.182017,51.964477],[140.214729,52.046488],[140.316738,52.121315],[140.385261,52.226477],[140.420401,52.361895],[140.404536,52.467961],[140.337615,52.544597],[140.261961,52.591932],[140.177522,52.609916],[140.124915,52.657303],[140.104141,52.734146],[139.996241,52.822357],[139.80111,52.921886],[139.756565,53.032009],[139.862709,53.152673],[140.002545,53.215202],[140.176281,53.219594],[140.3433,53.187555],[140.5036,53.119084],[140.614394,53.091385],[140.706688,53.110996],[140.783479,53.105105],[140.839703,53.087871]]]}},{"type":"Feature","properties":{"scalerank":2,"featurecla":"River","name":"Angara","note":null,"min_zoom":2.1,"name_alt":null,"name_en":"Angara","min_label":3.1,"name_zh":null,"major":0},"bbox":[92.998076,51.870219,104.866912,58.973248],"geometry":{"type":"MultiLineString","coordinates":[[[104.866912,51.870219],[104.437016,52.165085],[104.289583,52.288592],[104.281418,52.339079],[104.204627,52.399386],[104.059416,52.469511],[103.972806,52.539584],[103.944901,52.609606],[103.877205,52.673994],[103.769873,52.732802],[103.70998,52.799],[103.697578,52.872587],[103.617221,52.933643],[103.46891,52.982167],[103.389586,53.031647],[103.374187,53.107275]],[[101.803223,56.290776],[101.817176,56.560579],[101.77046,56.687031],[101.667624,56.760102],[101.560551,56.800564],[101.449136,56.808471],[101.391465,56.847771],[101.387435,56.918542],[101.460918,56.969856],[101.61171,57.001689],[101.777798,56.98815],[101.958976,56.929316],[102.112868,56.897768],[102.239269,56.89353],[102.316422,56.919523],[102.358125,57.003963]],[[102.673971,57.943079],[102.795101,58.121879],[102.836855,58.245282],[102.839646,58.372871],[102.780321,58.523715],[102.659088,58.697761],[102.479978,58.829639],[102.46222,58.836371]],[[102.489073,58.829226],[102.46222,58.836371]],[[102.46222,58.836371],[102.1009,58.932514]],[[102.46222,58.836371],[102.243196,58.919401],[102.1009,58.932514]],[[102.1009,58.932514],[101.84167,58.956402],[101.275503,58.940692],[100.979707,58.898679],[100.954283,58.830311],[100.81703,58.757602],[100.56795,58.680553],[100.437105,58.627223],[100.424393,58.597664],[100.433849,58.555238],[100.465372,58.499995],[100.441239,58.438604],[100.361451,58.371114],[100.250915,58.346258],[100.109631,58.363957],[99.986486,58.411525],[99.88148,58.488937],[99.753632,58.536169],[99.603047,58.553222],[99.472099,58.594408],[99.360995,58.659727],[99.241209,58.700681],[99.112741,58.717295],[98.961639,58.700913],[98.787697,58.651614],[98.690648,58.600248],[98.670494,58.546763],[98.62843,58.505525],[98.564661,58.476431],[98.321523,58.44558],[97.89912,58.412972],[97.571647,58.408425],[97.339206,58.431938],[97.170689,58.430387],[97.0662,58.403774],[96.983672,58.393387],[96.923108,58.39933],[96.850089,58.431834],[96.764616,58.491004],[96.513882,58.527281],[96.097887,58.540716],[95.776511,58.522113],[95.549755,58.471522],[95.418393,58.424574],[95.382581,58.381295],[95.234735,58.30732],[94.974906,58.202546],[94.599218,58.139966],[94.107569,58.119502],[93.730124,58.128752],[93.466884,58.167716],[93.278782,58.161386],[93.165817,58.109735],[93.079725,58.086274],[92.998076,58.100097]],[[102.1009,58.932514],[101.947814,58.973248]]]}},{"type":"Feature","properties":{"scalerank":3,"featurecla":"River","name":"Argun’","note":null,"min_zoom":3,"name_alt":"Ergun","name_en":"Ergun","min_label":4,"name_zh":null,"major":0},"bbox":[117.873457,49.51349,121.405437,53.317056],"geometry":{"type":"MultiLineString","coordinates":[[[121.405437,53.317056],[120.985463,53.284577],[120.704085,53.171845],[120.421311,52.968085],[120.21812,52.839876],[120.09451,52.787218],[120.04428,52.718229],[120.067535,52.632912],[120.172748,52.602474],[120.360023,52.627021],[120.52115,52.615032],[120.656129,52.566663],[120.699227,52.493592],[120.650341,52.395924],[120.665431,52.299883],[120.744496,52.20547],[120.749819,52.09651],[120.681502,51.973055],[120.510505,51.848515],[120.236982,51.722993],[120.066915,51.600675],[119.966972,51.422107],[119.813183,51.267052],[119.756649,51.179486],[119.746004,51.107733],[119.684922,51.030115],[119.573405,50.946761],[119.512323,50.863123],[119.501781,50.779226],[119.44566,50.702849],[119.344065,50.633912],[119.280709,50.560997],[119.255801,50.48418],[119.216734,50.432529],[119.163714,50.406019],[119.191929,50.379845],[119.301587,50.353929],[119.346235,50.278947],[119.326081,50.154923],[119.259832,50.066402],[119.147487,50.013382],[118.979539,49.978862],[118.755987,49.962842],[118.451509,49.844503],[117.873457,49.51349]]]}},{"type":"Feature","properties":{"scalerank":2,"featurecla":"River","name":"Ayeyarwady","note":null,"min_zoom":3,"name_alt":null,"name_en":"Ayeyarwady","min_label":4,"name_zh":null,"major":0},"bbox":[94.739933,16.182837,97.51904,25.701016],"geometry":{"type":"MultiLineString","coordinates":[[[97.51904,25.701016],[97.507981,25.689647],[97.514906,25.667943],[97.505708,25.589756],[97.448967,25.416743],[97.393776,25.336955],[97.34024,25.350443],[97.292077,25.310032],[97.249289,25.215722],[97.249703,25.152496],[97.293214,25.120353],[97.289804,25.099812],[97.239367,25.090924],[97.216113,25.064104],[97.219937,25.019352],[97.195649,24.981008],[97.116998,24.932975],[97.055451,24.835306],[97.055089,24.754923],[97.095397,24.659244],[97.117101,24.55168],[97.120098,24.432204],[97.142474,24.34699],[97.184074,24.295933],[97.197768,24.251543],[97.183402,24.213716],[97.114465,24.178163],[96.990907,24.144806],[96.892412,24.168706],[96.818721,24.249838],[96.737072,24.307199],[96.647259,24.340788],[96.561269,24.343941],[96.479104,24.316656],[96.402209,24.251285],[96.330792,24.14788],[96.291363,24.058635],[96.280356,23.946084],[96.085226,23.65282],[96.006368,23.358549],[95.978669,22.965575],[95.948903,22.753599],[95.917174,22.722696],[95.923479,22.662751],[95.968024,22.573765],[95.98363,22.495113],[95.970401,22.426693],[95.976034,22.377342],[96.000477,22.347008],[96.019907,22.229755],[96.03417,22.025555],[96.009365,21.906673],[95.945648,21.873032],[95.87945,21.875048],[95.810824,21.91272],[95.710365,21.928016],[95.578073,21.920988],[95.480715,21.871378],[95.41829,21.779188],[95.372866,21.66581],[95.344393,21.531193],[95.314937,21.457554],[95.269152,21.438433],[95.173499,21.345028],[95.061051,21.286505],[94.899924,21.231728],[94.819618,21.146358],[94.820135,21.030345],[94.793573,20.932728],[94.739933,20.853508],[94.761121,20.701631],[94.857135,20.477097],[94.907468,20.304704],[94.912119,20.184453],[94.956096,20.070817],[95.081153,19.910361],[95.140374,19.844887],[95.169416,19.710348],[95.187916,19.484935],[95.176754,19.277118],[95.135723,19.086871],[95.139754,18.945201],[95.18864,18.85208],[95.179803,18.770896],[95.11314,18.701649],[95.075623,18.640723],[95.067252,18.588065],[95.143009,18.479027],[95.302896,18.313508],[95.399686,18.181345],[95.433483,18.082514],[95.452293,17.95632],[95.454877,17.856094],[95.45622,17.802764],[95.472498,17.743672],[95.485056,17.698067],[95.538696,17.642179],[95.561123,17.585697],[95.552338,17.52862],[95.58014,17.479786],[95.644736,17.43922],[95.654968,17.389843],[95.610836,17.331656],[95.60324,17.254399],[95.632075,17.158074],[95.625099,17.086167],[95.582311,17.038624],[95.573836,16.977155],[95.599571,16.901734],[95.54314,16.8375],[95.481438,16.813909],[95.404337,16.784428],[95.330647,16.720969],[95.321965,16.647098],[95.236285,16.520336],[94.992373,16.250791],[94.95222,16.209812],[94.893154,16.182837]]]}},{"type":"Feature","properties":{"scalerank":6,"featurecla":"River","name":"Biya","note":null,"min_zoom":5,"name_alt":null,"name_en":"Biya","min_label":6,"name_zh":null,"major":0},"bbox":[85.056235,51.761621,87.39201,52.632524],"geometry":{"type":"MultiLineString","coordinates":[[[87.39201,51.761621],[87.176519,51.84867],[87.107118,51.975562],[87.111975,52.171312],[87.070376,52.293242],[86.982422,52.341327],[86.929402,52.386622],[86.911316,52.429048],[86.867701,52.453569],[86.798454,52.460106],[86.688073,52.507338],[86.536713,52.595291],[86.431138,52.632524],[86.371504,52.619011],[86.33378,52.58617],[86.31807,52.5339],[86.247118,52.539636],[86.120925,52.603249],[86.019174,52.616582],[85.941866,52.579633],[85.854894,52.57369],[85.758259,52.598805],[85.603902,52.60033],[85.391718,52.578238],[85.228317,52.533796],[85.056235,52.433596]]]}},{"type":"Feature","properties":{"scalerank":2,"featurecla":"River","name":"Brahmaputra","note":null,"min_zoom":2.1,"name_alt":null,"name_en":"Brahmaputra","min_label":3.1,"name_zh":"雅鲁藏布江","major":0},"bbox":[89.612649,23.459395,95.443766,28.002916],"geometry":{"type":"MultiLineString","coordinates":[[[89.739257,24.330195],[89.713832,24.135142],[89.707941,23.962414],[89.744424,23.858673],[89.867518,23.720258],[89.993918,23.621039],[90.074378,23.573419],[90.266976,23.459395]],[[89.739257,24.330195],[89.80871,24.171807],[89.922915,24.082096],[90.115668,23.971147],[90.214111,23.869086],[90.218142,23.775939],[90.243929,23.73465],[90.291368,23.745269],[90.355446,23.708682],[90.476266,23.582979],[90.561635,23.537091]],[[95.396482,28.002916],[95.443766,27.883621],[95.369197,27.805745],[95.188536,27.729471],[95.116499,27.698284],[95.10358,27.683401],[95.108541,27.678466],[95.122081,27.675779],[95.137273,27.665573],[95.138514,27.644049],[95.083737,27.615059],[94.972322,27.586017],[94.877961,27.543229],[94.80055,27.486617],[94.725206,27.412927],[94.651722,27.322105],[94.630431,27.278025],[94.597461,27.234049],[94.567024,27.188883],[94.558859,27.130541],[94.517673,27.072301],[94.443362,27.014191],[94.335048,26.951895],[94.192732,26.885388],[94.119506,26.867223],[94.023026,26.867353],[93.751622,26.732038],[93.403271,26.738678],[93.245192,26.717543],[93.161167,26.670827],[93.008514,26.635635],[92.787029,26.612045],[92.655926,26.579567],[92.615102,26.538225],[92.54384,26.521431],[92.442141,26.529285],[92.312433,26.494921],[92.154716,26.418388],[92.071104,26.360924],[92.061699,26.322502],[91.965787,26.270464],[91.643843,26.163881],[91.546795,26.14781],[91.436259,26.150652],[91.250379,26.183208],[91.1524,26.204706],[91.052251,26.191528],[90.917169,26.150807],[90.759763,26.155045],[90.579929,26.204292],[90.356067,26.174346],[90.088176,26.065231],[89.8901,25.901262],[89.761839,25.68236],[89.698949,25.490124],[89.701429,25.324553],[89.680139,25.168412],[89.621228,25.026328],[89.612649,24.948374],[89.619574,24.894863],[89.729128,24.649297],[89.749902,24.41143],[89.739257,24.330195]]]}},{"type":"Feature","properties":{"scalerank":1,"featurecla":"River","name":"Chang Jiang","note":null,"min_zoom":2,"name_alt":"Yangtze","name_en":"Yangtze","min_label":3,"name_zh":"长江","major":1},"bbox":[103.850747,28.620656,113.1277,31.06136],"geometry":{"type":"MultiLineString","coordinates":[[[103.850747,28.668044],[103.942317,28.62678],[104.093729,28.620656],[104.335472,28.635901],[104.492155,28.678715],[104.563675,28.74915],[104.620364,28.779355],[104.650491,28.795374],[104.752759,28.81744],[104.833426,28.81558],[104.892544,28.789793],[104.939466,28.793049],[104.985354,28.790465],[105.011606,28.777675],[105.042664,28.745739],[105.091343,28.724371],[105.127981,28.732148],[105.152579,28.769045],[105.208648,28.786486],[105.296188,28.784522],[105.351017,28.805064],[105.373031,28.848162],[105.423777,28.877075],[105.503049,28.891829],[105.547077,28.91467],[105.576533,28.921853],[105.619476,28.905885],[105.673271,28.897668],[105.741277,28.918028],[105.784685,28.906091],[105.803392,28.861753],[105.828921,28.838705],[105.861063,28.836948],[105.881579,28.852193],[105.890364,28.884335],[105.875739,28.914721],[105.837809,28.943247],[105.834295,28.979989],[105.865197,29.024844],[105.945761,29.058097],[106.075882,29.079698],[106.146317,29.125199],[106.156963,29.194652],[106.252977,29.274079],[106.434155,29.363479],[106.518129,29.426215],[106.504797,29.462388],[106.522728,29.516467],[106.571821,29.588504],[106.617503,29.611552],[106.659671,29.58561],[106.721114,29.577833],[106.801833,29.588168],[106.894282,29.649973],[106.998358,29.763248],[107.083676,29.787071],[107.150132,29.721494],[107.23731,29.698601],[107.345107,29.718341],[107.418798,29.770948],[107.458278,29.856369],[107.530109,29.890476],[107.634185,29.873267],[107.841718,30.043386],[108.308149,30.579529],[108.391245,30.691848],[108.418323,30.755436],[108.417238,30.807681],[108.443076,30.853363],[108.495838,30.89243],[108.7567,30.936484],[109.460017,31.01002],[109.54549,31.034488],[109.598096,31.031259],[109.646362,31.008495],[109.74155,31.016195],[109.883867,31.054358],[109.984119,31.06136],[110.042513,31.037124],[110.142662,31.031853],[110.284669,31.045496],[110.47365,31.019657],[110.827582,30.921705],[110.970932,30.852226],[111.045036,30.834914],[111.097746,30.846696],[111.158931,30.828558],[111.228488,30.78055],[111.308586,30.673218],[111.399227,30.506562],[111.465269,30.41773],[111.506713,30.406749],[111.520459,30.384347],[111.506507,30.350603],[111.512295,30.318201],[111.537823,30.287196],[111.570792,30.287221],[111.612288,30.310889],[111.735588,30.389334],[111.818271,30.425998],[111.860335,30.420831],[111.910513,30.386673],[111.968701,30.323421],[112.058101,30.292725],[112.178765,30.294559],[112.246927,30.277506],[112.26274,30.241565],[112.252094,30.190767],[112.214991,30.125138],[112.251836,30.067674],[112.362527,30.018375],[112.405573,29.926907],[112.380975,29.793324],[112.409707,29.738495],[112.491873,29.762421],[112.543653,29.792342],[112.569388,29.784151],[112.593417,29.765677],[112.604476,29.752448],[112.628712,29.752448],[112.631968,29.764928],[112.657031,29.787975],[112.706537,29.799396],[112.738938,29.785521],[112.732323,29.772292],[112.744674,29.753688],[112.781881,29.743947],[112.81883,29.73741],[112.884614,29.760277],[112.94182,29.740252],[112.955101,29.69072],[112.939908,29.668577],[112.916963,29.599641],[112.924095,29.529981],[112.950605,29.507708],[112.988587,29.505202],[113.016544,29.494376],[113.030962,29.480836],[113.052666,29.46908],[113.096849,29.456445],[113.1277,29.462776]]]}},{"type":"Feature","properties":{"scalerank":6,"featurecla":"River","name":"Chenab","note":null,"min_zoom":5,"name_alt":null,"name_en":"Chenab","min_label":6,"name_zh":null,"major":0},"bbox":[70.611639,29.023112,77.435615,33.370935],"geometry":{"type":"MultiLineString","coordinates":[[[72.138781,31.183317],[72.139194,31.116344],[72.103124,31.047769],[71.994603,30.908966],[71.771464,30.614152],[71.678602,30.582888],[71.576748,30.508422],[71.434844,30.380265],[71.316298,30.206167],[71.22111,29.986025],[71.173,29.829161],[71.17207,29.735524],[71.130625,29.649457],[71.048666,29.570909],[71.017195,29.504969],[71.036109,29.451588],[71.035127,29.392005],[71.014146,29.326246],[70.98743,29.274803],[70.95508,29.237751],[70.911672,29.220568],[70.857412,29.223333],[70.797364,29.177909],[70.731528,29.084375],[70.683779,29.037401],[70.611639,29.023112]],[[77.435615,32.293094],[77.133928,32.45696],[76.939831,32.593256],[76.767439,32.671081],[76.552051,32.735883],[76.43733,32.841742],[76.423377,32.988633],[76.338111,33.122397],[76.181531,33.24301],[76.020197,33.323238],[75.853903,33.363106],[75.759438,33.370935],[75.736597,33.346802],[75.746002,33.305254],[75.78755,33.246343],[75.801503,33.201695],[75.78786,33.171309],[75.676652,33.152085],[75.46788,33.143946],[75.308303,33.173505],[75.197922,33.24071],[75.121958,33.246395],[75.080306,33.190507],[74.999226,33.170275],[74.878613,33.185675],[74.808695,33.122991],[74.789471,32.982328],[74.582766,32.7888],[74.188475,32.542458],[73.843689,32.371306],[73.548204,32.275369],[73.335193,32.146048],[73.139133,31.902084],[72.974337,31.758217],[72.853569,31.699254],[72.721794,31.67724],[72.582319,31.621662],[72.435042,31.532572],[72.333859,31.45715],[72.278772,31.395422],[72.246991,31.328476],[72.238413,31.256335],[72.210301,31.211015],[72.138574,31.183317]]]}},{"type":"Feature","properties":{"scalerank":6,"featurecla":"River","name":"Chulyshman","note":null,"min_zoom":5,"name_alt":null,"name_en":"Chulyshman","min_label":6,"name_zh":null,"major":0},"bbox":[87.735245,50.504514,89.656368,51.364384],"geometry":{"type":"MultiLineString","coordinates":[[[89.656368,50.504514],[89.402533,50.598075],[89.193812,50.622285],[88.945662,50.608332],[88.759782,50.655565],[88.636275,50.764085],[88.512045,50.831239],[88.387298,50.856999],[88.219763,50.929243],[88.009646,51.047996],[87.860508,51.150987],[87.772452,51.238216],[87.735245,51.302476],[87.755708,51.364384]]]}},{"type":"Feature","properties":{"scalerank":6,"featurecla":"River","name":"Dadu","note":null,"min_zoom":5,"name_alt":null,"name_en":"Dadu","min_label":6,"name_zh":null,"major":0},"bbox":[100.070202,29.236097,103.71923,33.00566],"geometry":{"type":"MultiLineString","coordinates":[[[100.070202,33.00566],[100.165184,32.895693],[100.240424,32.839055],[100.371269,32.779111],[100.508728,32.627182],[100.615905,32.546231],[100.738585,32.48564],[100.800804,32.426884],[100.802457,32.369962],[100.842455,32.326089],[100.921003,32.295264],[100.969837,32.212091],[100.998828,32.008796],[101.214318,31.836558],[101.422264,31.799661],[101.694393,31.840615],[101.879498,31.823458],[101.977373,31.748192],[102.038971,31.646363],[102.064189,31.517999],[102.054784,31.432294],[102.010756,31.389195],[102.003728,31.350386],[102.0337,31.315763],[102.009619,31.257576],[101.931587,31.175772],[101.887352,31.104949],[101.875518,30.984982],[101.882443,30.924728],[101.928177,30.845818],[102.012719,30.748149],[102.058401,30.655493],[102.065326,30.567747],[102.102326,30.446307],[102.169402,30.291123],[102.19493,30.174799],[102.178704,30.097362],[102.18506,30.032095],[102.213896,29.978997],[102.212914,29.8396],[102.182115,29.6138],[102.206196,29.439159],[102.285054,29.315653],[102.397295,29.2778],[102.61568,29.349501],[102.759702,29.313017],[102.8182,29.279402],[102.839232,29.23651],[102.876801,29.23713],[102.931061,29.281262],[102.979482,29.288264],[103.022063,29.258111],[103.060924,29.258214],[103.096167,29.288497],[103.150841,29.289169],[103.225152,29.260126],[103.277862,29.261263],[103.309074,29.292528],[103.35889,29.310821],[103.427413,29.316144],[103.50591,29.291546],[103.594483,29.237027],[103.644299,29.236097],[103.655358,29.288704],[103.639235,29.321156],[103.595879,29.333352],[103.569213,29.359604],[103.559188,29.399911],[103.594638,29.454792],[103.641767,29.495228],[103.676804,29.525175],[103.71923,29.537035]]]}},{"type":"Feature","properties":{"scalerank":2,"featurecla":"River","name":"Dihang","note":null,"min_zoom":2.1,"name_alt":null,"name_en":"Dihang","min_label":3.1,"name_zh":null,"major":0},"bbox":[94.356029,28.002916,95.417566,29.875954],"geometry":{"type":"MultiLineString","coordinates":[[[94.356029,29.309529],[94.525734,29.438746],[94.641025,29.484299],[94.758537,29.48926],[94.843958,29.521196],[94.897391,29.580107],[94.91894,29.636176],[94.908657,29.689403],[94.958783,29.728082],[95.069267,29.752189],[95.125491,29.793246],[95.127713,29.851227],[95.17076,29.875954],[95.254579,29.867428],[95.294473,29.850194],[95.290339,29.824201],[95.312198,29.801179],[95.36005,29.781128],[95.395139,29.691082],[95.417566,29.53104],[95.385217,29.41035],[95.29809,29.329063],[95.19112,29.258369],[95.064306,29.19827],[94.944004,29.089801],[94.830315,28.93286],[94.808921,28.846069],[94.879925,28.829352],[94.961005,28.750597],[95.052266,28.609753],[95.096552,28.505961],[95.093865,28.439143],[95.067614,28.375917],[95.017901,28.316256],[95.002708,28.258224],[95.022242,28.201819],[95.087767,28.172234],[95.199388,28.169444],[95.290546,28.126759],[95.396482,28.002916]]]}},{"type":"Feature","properties":{"scalerank":2,"featurecla":"River","name":"Ertis","note":null,"min_zoom":2.1,"name_alt":null,"name_en":"Ertis","min_label":3.1,"name_zh":null,"major":0},"bbox":[74.993593,47.726545,85.267075,53.985594],"geometry":{"type":"MultiLineString","coordinates":[[[85.267075,47.994383],[84.998564,47.927669],[84.880018,47.879584],[84.821831,47.82783],[84.728503,47.782665],[84.599932,47.744011],[84.490946,47.726545],[84.356846,47.732126]],[[83.363728,49.643843],[83.128291,49.681877],[82.990676,49.748282],[82.872337,49.855769],[82.696276,49.946719],[82.462388,50.021185],[82.321208,50.100663],[82.272736,50.185154],[82.150056,50.219028],[81.953169,50.202311],[81.774575,50.22758],[81.614171,50.294837],[81.482448,50.325197],[81.379405,50.318686],[81.248302,50.33778],[81.089035,50.382455],[80.962945,50.39217],[80.870031,50.366978],[80.691023,50.360441],[80.425923,50.372533],[80.241852,50.409947],[80.138706,50.472733],[80.018713,50.495781],[79.881874,50.479141],[79.701936,50.51671],[79.479004,50.608436],[79.312813,50.662076],[79.203362,50.677579],[79.115926,50.667011],[79.050297,50.630347],[78.899505,50.650862],[78.545315,50.767289],[78.348221,50.857594],[78.245488,50.922758],[78.171487,50.992908],[78.106168,51.093729],[78.049634,51.225297],[77.959821,51.335291],[77.836831,51.423709],[77.690586,51.498717],[77.520984,51.560316],[77.441196,51.651008],[77.451118,51.77082],[77.333554,51.886239],[77.088504,51.99724],[76.960088,52.108267],[76.948203,52.219294],[76.899627,52.303371],[76.814257,52.360448],[76.779738,52.411065],[76.796171,52.455196],[76.794414,52.502248],[76.77457,52.552219],[76.734107,52.588754],[76.673026,52.611854],[76.654267,52.63963],[76.677935,52.672134],[76.679485,52.704173],[76.659021,52.735799],[76.549777,52.816156],[76.513811,52.827267],[76.493709,52.830135],[76.479342,52.850237],[76.484975,52.885041],[76.460894,52.898735],[76.31434,52.905246],[76.260286,52.930077],[76.241889,52.979945],[76.144324,53.014594],[75.967487,53.034076],[75.854626,53.077742],[75.805637,53.145645],[75.727192,53.201869],[75.619188,53.246363],[75.56839,53.282459],[75.566685,53.304008],[75.544878,53.321836],[75.520538,53.332507],[75.503278,53.344005],[75.506172,53.361213],[75.50333,53.396586],[75.457441,53.455497],[75.357395,53.520093],[75.20309,53.590424],[75.10077,53.65378],[75.050231,53.71021],[75.039947,53.789327],[75.069816,53.891078],[75.061961,53.952883],[74.993593,53.985594]]]}},{"type":"Feature","properties":{"scalerank":2,"featurecla":"River","name":"Ertix","note":null,"min_zoom":2.1,"name_alt":"Irtysh","name_en":"Irtysh","min_label":3.1,"name_zh":null,"major":0},"bbox":[85.267075,46.990181,90.325371,48.019188],"geometry":{"type":"MultiLineString","coordinates":[[[90.325371,47.650167],[90.283823,47.4909],[90.25261,47.430387],[90.20052,47.408011],[90.132411,47.40119],[90.063991,47.355714],[89.972524,47.26926],[89.872323,47.212958],[89.763286,47.186732],[89.654507,47.125909],[89.54609,47.030411],[89.40553,46.990181],[89.233034,47.005219],[89.032426,47.061469],[88.80381,47.158982],[88.51499,47.233035],[88.165968,47.283729],[87.847279,47.348221],[87.559028,47.426563],[87.386997,47.495396],[87.33129,47.55472],[87.265713,47.580197],[87.190162,47.571825],[87.100245,47.590765],[86.943562,47.660114],[86.607251,47.832352],[86.433412,47.877595],[86.310112,47.853307],[86.154152,47.875657],[85.965637,47.944645],[85.792314,47.980198],[85.634081,47.982317],[85.543647,47.994383],[85.520806,48.016449],[85.448873,48.019188],[85.267075,47.994383]]]}},{"type":"Feature","properties":{"scalerank":6,"featurecla":"River","name":"Gan","note":null,"min_zoom":5,"name_alt":null,"name_en":"Gan","min_label":6,"name_zh":null,"major":0},"bbox":[114.412479,24.707045,116.015999,29.279195],"geometry":{"type":"MultiLineString","coordinates":[[[114.412479,24.707045],[114.479607,24.708311],[114.529888,24.735441],[114.613707,24.815566],[114.730083,24.881918],[114.762019,24.953154],[114.748273,25.051443],[114.782586,25.112576],[114.864751,25.136657],[114.899065,25.19593],[114.885422,25.29042],[114.929915,25.429895],[115.032545,25.614302],[115.089544,25.746336],[115.101016,25.826021],[115.068408,25.863745],[114.991824,25.859507],[114.939889,25.881547],[114.912707,25.929865],[114.90878,25.991876],[114.937925,26.105435],[114.904129,26.125486],[114.908056,26.152797],[114.938545,26.19406],[114.946245,26.237417],[114.931259,26.282892],[114.861858,26.369321],[114.738144,26.496729],[114.716595,26.614422],[114.797314,26.7224],[114.878911,26.788546],[114.96149,26.812731],[114.995079,26.848801],[114.979783,26.896705],[114.988361,26.942077],[115.020711,26.984968],[115.021383,27.031942],[114.990273,27.082998],[115.008515,27.138473],[115.076005,27.19834],[115.098226,27.284071],[115.075074,27.395692],[115.130265,27.512378],[115.263693,27.634179],[115.368648,27.785281],[115.445026,27.965787],[115.577008,28.109938],[115.764593,28.217787],[115.848257,28.316696],[115.817768,28.451675],[115.816373,28.585],[115.868773,28.715612],[115.974503,28.888004],[116.015999,29.050423],[115.981893,29.279195]]]}},{"type":"Feature","properties":{"scalerank":3,"featurecla":"River","name":"Ganges","note":null,"min_zoom":3,"name_alt":null,"name_en":"Ganges","min_label":4,"name_zh":"恒河","major":0},"bbox":[78.022194,21.721103,90.435028,30.888477],"geometry":{"type":"MultiLineString","coordinates":[[[89.483148,22.27554],[89.425271,22.495526],[89.372147,22.58118],[89.299697,22.618852]],[[89.299697,22.618852],[89.260785,22.573558],[89.255462,22.445349],[89.286468,22.307579],[89.35375,22.160301],[89.378555,22.058085],[89.3522,21.972303],[89.350547,21.885641],[89.335819,21.788386],[89.35375,21.721103]],[[88.439749,22.986478],[88.385024,22.867958],[88.34668,22.735253],[88.343786,22.629265],[88.290043,22.549399],[88.185346,22.495604],[88.117547,22.410234],[88.087058,22.217714]],[[88.439749,22.986478],[88.518453,22.975342],[88.597931,22.974774],[88.682164,22.953793],[88.756268,22.914984],[88.82045,22.858373],[88.842619,22.802846],[88.822878,22.748328],[88.845254,22.700243],[88.909643,22.65854],[88.971448,22.510926],[89.049945,22.274636],[89.055836,22.186243],[89.051443,22.093174]],[[90.074378,23.573419],[90.096031,23.340307],[90.127243,23.25194],[90.180883,23.205922],[90.228426,23.178482],[90.243619,23.138252],[90.265219,23.115592],[90.298757,23.088074],[90.302116,23.05451],[90.315242,23.015598],[90.361648,22.961054],[90.361338,22.875865],[90.394307,22.774838],[90.435028,22.751919]],[[89.109373,23.991921],[89.218565,23.80847],[89.301764,23.732505],[89.381242,23.6938],[89.447181,23.640185],[89.499581,23.571662],[89.520045,23.524766],[89.508676,23.499444],[89.526866,23.483373],[89.574719,23.476552],[89.598335,23.443091],[89.597818,23.383043],[89.615026,23.336974],[89.632493,23.301084],[89.637557,23.252483],[89.659727,23.222924],[89.709491,23.192331],[89.718638,23.133394],[89.765353,23.020068],[89.926274,22.840182],[90.007561,22.685231],[90.013555,22.563481],[89.985133,22.466381]],[[89.109373,23.991921],[89.199755,23.932648],[89.280887,23.930788],[89.37995,23.901125],[89.497049,23.843558],[89.604019,23.823094],[89.749282,23.848054]],[[88.396961,24.389261],[88.510133,24.261388],[88.533749,24.208471],[88.526928,24.165554],[88.554213,24.128863],[88.615708,24.098478],[88.642993,24.059359],[88.636172,24.011584],[88.690225,23.967762],[88.805257,23.92792],[88.864426,23.855909],[88.867837,23.751729],[88.837193,23.665791],[88.772391,23.598095],[88.763709,23.530657],[88.811045,23.463478],[88.852799,23.440714],[88.884683,23.423454],[88.905509,23.389942],[88.925973,23.363484],[88.988915,23.332788],[89.001731,23.263361],[89.027517,23.186079],[89.088754,23.112595],[89.112938,23.04048],[89.099812,22.969684],[89.113455,22.892556],[89.153866,22.809125],[89.208436,22.748741],[89.268433,22.707503],[89.275512,22.702671],[89.270861,22.678952],[89.299697,22.618852]],[[88.396961,24.389261],[88.498557,24.346628],[88.642321,24.325957],[88.723505,24.274901],[88.742212,24.193407],[88.769755,24.144289],[88.806239,24.127494],[88.858277,24.131086],[88.925973,24.155063],[89.009637,24.108684],[89.109373,23.991921]],[[87.919833,24.825048],[87.940193,24.666014],[88.018845,24.542533],[88.174598,24.388796],[88.238056,24.234258],[88.209014,24.07897],[88.205397,23.944689],[88.226998,23.831414],[88.215422,23.739637],[88.183383,23.700104],[88.213717,23.636749],[88.271853,23.587346],[88.303789,23.542672],[88.344613,23.530321],[88.360736,23.460558],[88.352158,23.333356],[88.375206,23.255428],[88.429983,23.226774],[88.46688,23.18613],[88.486051,23.133524],[88.458715,23.027484],[88.439749,22.986478]],[[87.919833,24.825048],[87.946291,24.753166],[87.999363,24.661441],[88.079048,24.549923],[88.145452,24.485793],[88.225034,24.460626],[88.287149,24.479746],[88.337533,24.453857],[88.396961,24.389261]],[[79.840739,30.888477],[79.820276,30.836826],[79.828802,30.78701],[79.859498,30.72182],[79.864614,30.679006],[79.833918,30.648285],[79.744931,30.543201],[79.667107,30.522117],[79.570782,30.550022],[79.470219,30.515993],[79.313123,30.372074],[79.232094,30.30089],[79.158921,30.284767],[79.066523,30.300063],[78.939296,30.291846],[78.777238,30.260065],[78.668718,30.201361],[78.613838,30.115733],[78.519786,30.089817],[78.386565,30.12364],[78.281041,30.092892],[78.203113,29.997601],[78.17035,29.889132],[78.182856,29.767537],[78.139448,29.673073],[78.040126,29.605687],[78.022194,29.491844],[78.085549,29.331543],[78.106013,29.180881],[78.083586,29.03983],[78.098313,28.882113],[78.176035,28.620501],[78.242491,28.521722],[78.271016,28.443329],[78.283728,28.352378],[78.336852,28.253418],[78.430386,28.146422],[78.60314,28.026429],[78.855218,27.893492],[79.02482,27.824762],[79.111947,27.820214],[79.167499,27.786289],[79.19158,27.722985],[79.255142,27.680171],[79.358392,27.657795],[79.44619,27.620356],[79.51864,27.567775],[79.590574,27.466489],[79.661991,27.316498],[79.732787,27.217435],[79.838052,27.145243],[79.922491,27.12558],[79.998352,27.024862],[80.093851,26.836553],[80.237718,26.648038],[80.429851,26.459264],[80.543901,26.317309],[80.579764,26.222172],[80.651749,26.138353],[80.75996,26.065954],[80.868687,26.037532],[80.978138,26.05319],[81.122832,25.988776],[81.302769,25.844366],[81.394598,25.745509],[81.398215,25.692256],[81.45754,25.645851],[81.572572,25.606344],[81.648743,25.563608],[81.686053,25.517668],[81.755558,25.498935],[81.857154,25.50741],[81.906815,25.48692],[81.903249,25.412764],[82.042052,25.312357],[82.11998,25.284659],[82.183129,25.296234],[82.215168,25.272463],[82.217028,25.258924],[82.225865,25.243498],[82.239094,25.241302],[82.254494,25.245694],[82.274286,25.261766],[82.299866,25.260474],[82.318366,25.230192],[82.344979,25.226523],[82.379809,25.249364],[82.43562,25.235049],[82.512618,25.183579],[82.55215,25.183967],[82.563467,25.202777],[82.584965,25.218409],[82.619588,25.219701],[82.785934,25.144021],[82.878797,25.141618],[82.965096,25.187662],[83.016618,25.238796],[83.033258,25.294968],[83.07403,25.330134],[83.138936,25.344241],[83.159297,25.376539],[83.135215,25.426975],[83.138729,25.47152],[83.170045,25.510174],[83.241565,25.518856],[83.353497,25.497591],[83.439589,25.465707],[83.489251,25.444158],[83.513487,25.461779],[83.513487,25.497074],[83.518138,25.533842],[83.59958,25.584072],[83.669653,25.607016],[83.712751,25.590325],[83.752232,25.54162],[83.803392,25.518934],[83.86623,25.522318],[83.959093,25.577044],[84.081979,25.683187],[84.171018,25.7221],[84.226208,25.693833],[84.283517,25.701041],[84.342894,25.743752],[84.42847,25.747163],[84.539987,25.711247],[84.634142,25.708328],[84.710933,25.738326],[84.826688,25.747008],[84.981408,25.734399],[85.11897,25.682567],[85.23917,25.591565],[85.338492,25.543971],[85.412441,25.534798],[85.456107,25.53777],[85.500807,25.544901],[85.555119,25.543635],[85.617751,25.493741],[85.696609,25.473794],[85.78601,25.494568],[85.880061,25.462219],[85.978969,25.376694],[86.097825,25.323623],[86.236731,25.303004],[86.370728,25.340805],[86.499816,25.437104],[86.571026,25.447672],[86.584359,25.372534],[86.61676,25.315354],[86.668126,25.27608],[86.74285,25.279827],[86.840932,25.32662],[86.964956,25.320083],[87.115127,25.260241],[87.218584,25.266985],[87.275324,25.340366],[87.350462,25.382715],[87.443893,25.394006],[87.517635,25.366436],[87.571689,25.299981],[87.643726,25.25696],[87.733746,25.2374],[87.779325,25.193191],[87.780461,25.124358],[87.824335,25.064362],[87.911048,25.013202],[87.942415,24.955945],[87.918541,24.892641],[87.919833,24.825048]]]}},{"type":"Feature","properties":{"scalerank":5,"featurecla":"River","name":"Godävari","note":null,"min_zoom":4.7,"name_alt":null,"name_en":"Godävari","min_label":5.7,"name_zh":null,"major":0},"bbox":[73.652487,16.334455,82.338675,20.036348],"geometry":{"type":"MultiLineString","coordinates":[[[81.738815,16.942248],[81.832556,16.669164],[81.855655,16.552943],[81.839429,16.502533],[81.79969,16.465326],[81.736334,16.441296],[81.706414,16.400033],[81.711736,16.334455]],[[81.738815,16.942248],[81.88816,16.776547],[82.034094,16.713037],[82.338675,16.706526]],[[73.652487,20.012784],[73.888648,19.990201],[73.98983,19.998883],[74.034686,20.031336],[74.083571,20.036348],[74.162946,20.002862],[74.422465,19.917673],[74.588967,19.834862],[74.748957,19.72598],[74.916906,19.652134],[75.092915,19.613325],[75.197405,19.57865],[75.246911,19.532865],[75.472789,19.425326],[75.591231,19.380135],[75.677531,19.361506],[75.76905,19.361402],[75.845531,19.37582],[75.905062,19.362591],[75.916586,19.325901],[75.940512,19.314119],[75.986711,19.332593],[76.011309,19.326288],[76.027432,19.310165],[76.091769,19.290968],[76.318991,19.257171],[76.347206,19.241255],[76.353304,19.202291],[76.337284,19.140279],[76.346637,19.123898],[76.367773,19.119867],[76.395885,19.111134],[76.426788,19.076872],[76.47309,19.072738],[76.534585,19.098835],[76.581713,19.086303],[76.614476,19.035221],[76.657264,19.001631],[76.710181,18.985508],[76.74775,18.996412],[76.769971,19.034265],[76.855599,19.070413],[77.004737,19.104881],[77.092897,19.108317],[77.120079,19.080748],[77.195526,19.089274],[77.319136,19.133923],[77.404816,19.120229],[77.452668,19.048243],[77.578914,18.965794],[77.783656,18.872931],[77.968347,18.870399],[78.132988,18.958171],[78.235359,18.984113],[78.27546,18.948249],[78.319385,18.945666],[78.367238,18.976387],[78.428836,18.979824],[78.50418,18.955898],[78.575494,18.966491],[78.642776,19.011501],[78.701171,19.027444],[78.750883,19.01424],[78.834806,19.0261],[78.952938,19.062997],[79.049625,19.033412],[79.124762,18.937372],[79.201037,18.870916],[79.317154,18.815622],[79.401025,18.843243],[79.496264,18.809214],[79.630933,18.722733],[79.727155,18.690074],[79.785032,18.711261],[79.821619,18.761853],[79.874484,18.801953],[79.925127,18.807405],[80.029048,18.743611],[80.1416,18.70152],[80.243609,18.709478],[80.318643,18.686147],[80.366495,18.631576],[80.39006,18.572613],[80.389336,18.509258],[80.40825,18.463034],[80.447007,18.43394],[80.472742,18.387612],[80.485455,18.32405],[80.540748,18.260565],[80.687509,18.165532],[80.839903,17.995543],[80.892148,17.864595],[80.895042,17.716051],[80.986044,17.621715],[81.165155,17.581614],[81.266802,17.543064],[81.29109,17.506064],[81.352068,17.482344],[81.449737,17.471802],[81.527975,17.447824],[81.586576,17.410359],[81.646624,17.279282],[81.738815,16.942248]]]}},{"type":"Feature","properties":{"scalerank":3,"featurecla":"River","name":"Hailar","note":null,"min_zoom":3,"name_alt":null,"name_en":"Hailar","min_label":4,"name_zh":null,"major":0},"bbox":[117.873457,49.191985,122.287141,49.849283],"geometry":{"type":"MultiLineString","coordinates":[[[117.873457,49.51349],[117.911801,49.428766],[117.968645,49.373524],[118.056598,49.319471],[118.174885,49.332338],[118.323352,49.412126],[118.439624,49.436518],[118.523546,49.405486],[118.582561,49.347272],[118.61677,49.261955],[118.746788,49.212449],[119.085682,49.191985],[119.232133,49.199271],[119.337243,49.226091],[119.449795,49.274874],[119.710037,49.274615],[120.117867,49.225264],[120.518101,49.256296],[120.910739,49.367659],[121.215888,49.472769],[121.433446,49.5716],[121.626303,49.635265],[121.878484,49.677976],[122.287141,49.849283]]]}},{"type":"Feature","properties":{"scalerank":6,"featurecla":"River","name":"Han","note":null,"min_zoom":5,"name_alt":null,"name_en":"Han","min_label":6,"name_zh":null,"major":0},"bbox":[106.398498,30.406826,114.288456,33.234302],"geometry":{"type":"MultiLineString","coordinates":[[[111.477671,32.567806],[111.602212,32.467579],[111.642157,32.407428],[111.638953,32.353994],[111.68479,32.265111],[111.779668,32.140881],[111.918575,32.064555],[112.101406,32.036184],[112.188946,31.965801],[112.181194,31.853457],[112.225429,31.771084],[112.321651,31.718684],[112.390484,31.656931],[112.431722,31.585824],[112.440403,31.496088],[112.416529,31.387697],[112.433582,31.307753],[112.520605,31.230497],[112.555848,31.21918],[112.571765,31.183084],[112.580136,31.118463],[112.568561,31.096345],[112.539467,31.077483],[112.523086,31.039036],[112.555848,30.938784],[112.598843,30.874808],[112.633725,30.847911],[112.632019,30.815355],[112.621943,30.786545],[112.604838,30.712984],[112.627265,30.67017],[112.688967,30.658077],[112.713048,30.62702],[112.707364,30.601182],[112.715942,30.575473],[112.753666,30.572036],[112.797177,30.56413],[112.848854,30.518758],[112.885647,30.515347],[112.972981,30.530927],[113.072613,30.474962],[113.209659,30.430443],[113.380914,30.406826],[113.511707,30.442845],[113.601934,30.538446],[113.672369,30.596634],[113.768798,30.62609],[113.801457,30.622343],[113.837992,30.630017],[113.860472,30.644435],[113.900469,30.636683],[113.925687,30.644331],[113.938555,30.659834],[113.964135,30.657406],[114.009403,30.614514],[114.096426,30.58635],[114.288456,30.572088]],[[106.398498,33.067723],[106.676207,33.142215],[106.831702,33.134102],[106.931024,33.101675],[107.026005,33.042221],[107.188838,33.063202],[107.419624,33.164617],[107.596048,33.200454],[107.718108,33.17074],[107.806578,33.177794],[107.861355,33.221642],[107.905486,33.234302],[107.938973,33.215699],[107.955974,33.17503],[107.956491,33.112191],[108.036331,33.062013],[108.195494,33.024444],[108.265671,32.964112],[108.247016,32.880991],[108.287685,32.810685],[108.387731,32.753221],[108.410778,32.734126],[108.410778,32.709167],[108.425144,32.665448],[108.512168,32.549771],[108.650919,32.506233],[108.71784,32.527576],[108.759078,32.599277],[108.782332,32.613513],[108.797732,32.617389],[108.818609,32.608811],[108.835765,32.602506],[108.854731,32.607571],[108.922168,32.635889],[109.063245,32.734591],[109.17497,32.774925],[109.257342,32.756864],[109.324728,32.778],[109.377231,32.838332],[109.487405,32.885538],[109.715505,32.934062],[109.739276,32.93675],[109.766768,32.934062],[110.140492,32.824896],[110.305133,32.806938],[110.366835,32.840993],[110.47458,32.843422],[110.628266,32.814225],[110.715341,32.815103],[110.735804,32.846161],[110.807841,32.848021],[110.931348,32.820684],[110.966901,32.787663],[110.968607,32.771075],[111.000078,32.740689]]]}},{"type":"Feature","properties":{"scalerank":3,"featurecla":"River","name":"Heilong Jiang","note":null,"min_zoom":3,"name_alt":"Amur","name_en":"Amur","min_label":4,"name_zh":null,"major":0},"bbox":[121.405437,50.208977,127.59028,53.555594],"geometry":{"type":"MultiLineString","coordinates":[[[127.59028,50.208977],[127.395253,50.298584],[127.33722,50.350157],[127.351173,50.393617],[127.340786,50.428085],[127.306059,50.45351],[127.30823,50.494179],[127.347194,50.550093],[127.346832,50.621355],[127.306989,50.707965],[127.198262,50.829456],[127.020392,50.98588],[126.924842,51.100137],[126.91151,51.172329],[126.887738,51.230129],[126.854407,51.261367],[126.83384,51.314878],[126.847741,51.374177],[126.827329,51.412263],[126.801801,51.448049],[126.805418,51.505642],[126.774515,51.545071],[126.709196,51.566284],[126.688733,51.609925],[126.700825,51.703046],[126.653696,51.781284],[126.510552,51.925823],[126.468074,52.031295],[126.455568,52.126457],[126.394797,52.173017],[126.39149,52.214488],[126.383532,52.286499],[126.346324,52.306265],[126.324207,52.331664],[126.341674,52.362024],[126.312838,52.399748],[126.237597,52.444809],[126.202974,52.483825],[126.194447,52.519146],[126.15662,52.546638],[126.045929,52.573355],[126.015957,52.610226],[126.023243,52.643014],[126.047015,52.673478],[126.06014,52.691978],[126.056006,52.715878],[126.048151,52.739468],[126.00433,52.767891],[125.941646,52.800705],[125.871883,52.871528],[125.782793,52.890725],[125.728119,52.890725],[125.680784,52.930826],[125.695356,52.956303],[125.691687,53.00369],[125.649054,53.042267],[125.595983,53.057485],[125.54596,53.047615],[125.422453,53.083737],[125.225566,53.165799],[125.075033,53.203678],[124.970956,53.197322],[124.906619,53.172672],[124.882124,53.129729],[124.812361,53.133837],[124.639865,53.210654],[124.465922,53.229645],[124.369133,53.270935],[124.291463,53.340853],[124.219943,53.370102],[124.154314,53.358681],[123.994685,53.405629],[123.740954,53.510998],[123.607784,53.546525],[123.559725,53.526681],[123.534713,53.526449],[123.489496,53.529446],[123.424022,53.530764],[123.309611,53.555594],[123.154065,53.544587],[122.957591,53.497717],[122.744787,53.46852],[122.515861,53.456996],[122.380158,53.462525],[122.337784,53.485004],[122.088807,53.451466],[121.405437,53.317056]]]}},{"type":"Feature","properties":{"scalerank":6,"featurecla":"River","name":"Hong","note":null,"min_zoom":5,"name_alt":"Red","name_en":"Red","min_label":6,"name_zh":null,"major":0},"bbox":[100.182857,20.288891,106.517974,25.44315],"geometry":{"type":"MultiLineString","coordinates":[[[106.517974,20.288891],[106.387078,20.348267],[106.328632,20.356251],[106.287807,20.339741],[106.270341,20.346769],[106.276335,20.377258],[106.264346,20.397773],[106.234374,20.408315],[106.195823,20.466451],[106.148591,20.572181],[106.108593,20.622928],[106.075831,20.61869],[106.023224,20.664811],[105.95098,20.761317],[105.908812,20.861001],[105.89672,20.96394],[105.835535,21.050912],[105.725154,21.122019],[105.626039,21.161577],[105.538189,21.169613],[105.477211,21.203202],[105.425948,21.292034],[105.325075,21.272965],[105.274742,21.301181],[105.241256,21.370427],[105.215521,21.389341],[105.197435,21.357973],[105.117801,21.429545],[104.976518,21.60403],[104.692349,21.874505],[104.051768,22.424161],[103.478883,22.902272],[103.160711,23.121199],[102.90636,23.240287],[102.614181,23.353407],[102.119173,23.514095],[101.892417,23.699381],[101.745035,23.85702],[101.601272,24.048817],[101.50722,24.208187],[101.462882,24.335104],[101.410172,24.434168],[101.349297,24.505326],[101.291833,24.540104],[101.237986,24.538451],[101.11758,24.655395],[100.930822,24.890936],[100.811656,25.003435],[100.760083,24.992893],[100.642415,25.021212],[100.458551,25.088443],[100.350702,25.150196],[100.302953,25.234636],[100.182857,25.44315]]]}},{"type":"Feature","properties":{"scalerank":4,"featurecla":"River","name":"Hongshui","note":null,"min_zoom":4,"name_alt":null,"name_en":"Hongshui","min_label":5,"name_zh":null,"major":0},"bbox":[106.943633,23.662432,109.528643,25.224688],"geometry":{"type":"MultiLineString","coordinates":[[[106.943633,25.224688],[106.96265,25.222776],[106.97438,25.199961],[106.981925,25.134306],[107.019339,25.06059],[107.06285,25.02917],[107.155971,25.008706],[107.276584,24.874709],[107.315031,24.79642],[107.311672,24.72924],[107.362419,24.602607],[107.467322,24.41652],[107.541943,24.318361],[107.586281,24.308129],[107.60845,24.280637],[107.60845,24.235963],[107.577754,24.18886],[107.516259,24.139354],[107.494349,24.086566],[107.511919,24.030549],[107.547472,23.986262],[107.601112,23.953706],[107.643177,23.945412],[107.673769,23.961432],[107.73299,23.904898],[107.820944,23.77581],[107.901662,23.722015],[107.975146,23.743512],[108.039225,23.781546],[108.093692,23.836116],[108.131416,23.85658],[108.152293,23.843015],[108.22278,23.889214],[108.342772,23.995202],[108.452533,24.034606],[108.551855,24.007475],[108.631488,23.959623],[108.69133,23.8911],[108.758354,23.850017],[108.832665,23.836271],[108.864859,23.805679],[108.855041,23.75824],[108.873179,23.710491],[108.919275,23.662432],[108.998856,23.662845],[109.112028,23.711783],[109.191713,23.722532],[109.238015,23.69504],[109.281423,23.687598],[109.321834,23.700207],[109.368963,23.745941],[109.422603,23.824799],[109.469267,23.847227],[109.528643,23.796377]]]}},{"type":"Feature","properties":{"scalerank":3,"featurecla":"River","name":"Huang","note":null,"min_zoom":3,"name_alt":null,"name_en":"Huang","min_label":4,"name_zh":null,"major":0},"bbox":[96.164187,33.355794,114.830852,40.874663],"geometry":{"type":"MultiLineString","coordinates":[[[97.288253,34.835445],[97.547049,34.875985]],[[97.76285,35.088091],[97.934415,35.082458],[98.028001,35.033779],[98.100865,34.940193],[98.197448,34.873866],[98.317751,34.834825],[98.382347,34.798186],[98.395783,34.746717],[98.40002,34.673646],[98.383587,34.630677],[98.347723,34.593393],[98.376042,34.531381],[98.468543,34.444565],[98.563421,34.389632],[98.660934,34.366585],[98.713179,34.380021],[98.720104,34.429966],[98.751936,34.460998],[98.808574,34.473142],[98.89167,34.461954],[99.001224,34.427511],[99.057551,34.300594],[99.060651,34.081176],[99.12318,33.915243],[99.245136,33.802795],[99.323788,33.748121],[99.359135,33.75117],[99.381459,33.77135],[99.390657,33.808583],[99.43882,33.81189],[99.525843,33.781298],[99.619894,33.774502],[99.720973,33.791478],[99.868354,33.743522],[100.062141,33.630661],[100.191435,33.603531],[100.256237,33.662209],[100.277942,33.708744],[100.329773,33.757371],[100.434366,33.798687],[100.58738,33.883255],[100.689493,33.926198],[100.740446,33.927516],[100.824678,33.877777],[100.941984,33.776957],[101.009163,33.764167],[101.026113,33.839356],[101.123368,33.826876],[101.300928,33.726727],[101.48071,33.677531],[101.662663,33.679366],[101.808908,33.611075],[101.919288,33.472686],[102.005071,33.387626],[102.066153,33.355794],[102.192967,33.371168],[102.38541,33.433696],[102.481631,33.483745],[102.481631,33.521288],[102.45016,33.557384],[102.387218,33.592007],[102.352544,33.638257],[102.329806,33.725099],[102.316008,33.745072],[102.285054,33.800263],[102.205989,33.897259],[102.103153,33.959168],[101.976442,33.985988],[101.83764,34.047328],[101.686848,34.143188],[101.517039,34.218532],[101.32842,34.273361],[101.210494,34.350462],[101.163262,34.449939],[101.086988,34.5127],[100.981671,34.538796],[100.912011,34.593418],[100.878215,34.676566],[100.814653,34.707546],[100.721429,34.686307],[100.629755,34.708166],[100.539734,34.77302],[100.455088,34.812552],[100.37592,34.826763],[100.307397,34.935542],[100.220477,35.24064],[100.258615,35.281723],[100.23629,35.338205],[100.166114,35.423781],[100.172315,35.542844],[100.254894,35.695393],[100.333855,35.773527],[100.409303,35.777248],[100.545884,35.869361],[100.743546,36.049841],[100.897852,36.14167],[101.008801,36.144848],[101.071175,36.135056],[101.084921,36.112266],[101.175716,36.088909],[101.343406,36.064879],[101.494818,36.085756],[101.629694,36.151489],[101.762502,36.151592],[101.893037,36.086015],[101.993496,35.997467],[102.063776,35.885898],[102.184595,35.844531],[102.355851,35.873366],[102.610306,35.860395],[102.947753,35.805567],[103.177196,35.811561],[103.298636,35.878327],[103.316774,35.931218],[103.231715,35.97026],[103.255589,36.039558],[103.388398,36.139112],[103.560222,36.157845],[103.771062,36.095678],[103.915962,36.068083],[103.995079,36.075059],[104.030632,36.104463],[104.022674,36.156295],[104.072232,36.228771],[104.179202,36.32184],[104.352111,36.427803],[104.59096,36.546607],[104.713485,36.627584],[104.719789,36.670734],[104.690385,36.7275],[104.62517,36.797935],[104.528431,36.850077],[104.400067,36.883899],[104.326583,36.945523],[104.307876,37.034923],[104.313871,37.093447],[104.352732,37.173881],[104.446059,37.19698],[104.520267,37.241319],[104.57556,37.306896],[104.691626,37.358599],[104.956932,37.415391],[104.99786,37.461486],[105.151959,37.482777],[105.432769,37.494714],[105.648983,37.521999],[105.800395,37.564736],[105.905298,37.660802],[105.963589,37.810251],[106.036866,37.915696],[106.125026,37.977088],[106.196392,38.064137],[106.250859,38.176895],[106.33783,38.281695],[106.457203,38.378485],[106.530997,38.49778],[106.559109,38.639528],[106.63993,38.7797],[106.773566,38.918297],[106.850667,39.016844],[106.871338,39.07529],[106.848703,39.183112],[106.782867,39.340261],[106.758683,39.482784],[106.776253,39.610657],[106.768191,39.760054],[106.717755,40.016317],[107.043162,40.28612],[107.14915,40.395519],[107.144189,40.434457],[107.173955,40.49988],[107.23855,40.591838],[107.37973,40.671213],[107.597701,40.738031],[107.719554,40.793453],[107.745496,40.837482],[107.86213,40.864534],[108.069559,40.874663],[108.190172,40.863268],[108.223968,40.83035],[108.290062,40.814667],[108.388558,40.816217],[108.475994,40.778131],[108.552579,40.70041],[108.650609,40.63199],[108.770188,40.572873],[108.884135,40.546724],[108.992448,40.553546],[109.134145,40.534761],[109.309122,40.490371],[109.449578,40.488821],[109.555411,40.53011],[109.63458,40.531893],[109.687186,40.494118],[109.835704,40.491327],[110.080237,40.523522],[110.303376,40.484041],[110.505224,40.372937],[110.674516,40.301856],[110.811459,40.270824],[110.918532,40.265708],[110.995995,40.286482],[111.125341,40.234625],[111.306726,40.110136],[111.406875,40.012545],[111.425788,39.9418],[111.416383,39.867438],[111.378453,39.789458],[111.385481,39.717886],[111.43726,39.652722],[111.433023,39.576215],[111.372561,39.488288],[111.284246,39.429532],[111.212261,39.413796],[111.16813,39.399921],[111.155831,39.370052],[111.155004,39.347444],[111.192262,39.296568],[111.199342,39.239569],[111.144875,39.124744],[111.081416,39.044051],[111.008863,38.997491],[110.980286,38.956279],[110.995685,38.920415],[110.970415,38.832204],[110.904476,38.691566],[110.877863,38.599789],[110.890575,38.556846],[110.797609,38.443028],[110.598965,38.258389],[110.503467,38.113255],[110.511012,38.00768],[110.584754,37.880737],[110.724591,37.732478],[110.782417,37.613777],[110.758129,37.524738],[110.718751,37.46469],[110.664078,37.433633],[110.64382,37.384153],[110.657773,37.316172],[110.609869,37.217005],[110.500005,37.086677],[110.427089,37.020583],[110.391019,37.018723],[110.384301,37.005132],[110.406729,36.979862],[110.407659,36.919168],[110.387092,36.823127],[110.392828,36.762924],[110.424971,36.738611],[110.428226,36.717036],[110.402595,36.698225],[110.416961,36.647738],[110.471428,36.565572],[110.485691,36.42881],[110.459852,36.237478],[110.490135,36.005658],[110.576434,35.733323],[110.579432,35.533697],[110.458715,35.343166],[110.366111,35.234232],[110.316295,35.1346],[110.278365,35.007993],[110.262035,34.867846],[110.26989,34.637266],[110.465227,34.59701],[110.618602,34.604193],[110.795284,34.645405],[110.890317,34.682586],[110.96995,34.724496],[111.026949,34.7462],[111.10126,34.794827],[111.243164,34.8302],[111.45266,34.852266],[111.588672,34.89942],[111.651408,34.971716],[111.736415,35.029903],[111.843799,35.074087],[112.117942,35.021584],[112.558742,34.872497],[112.856812,34.809013],[113.012151,34.831182],[113.155708,34.874797],[113.28769,34.939857],[113.398691,34.97417],[113.48897,34.977736],[113.617489,34.953732],[113.784404,34.902211],[113.900314,34.894589],[113.965323,34.930943],[114.156268,34.936059],[114.473147,34.909937],[114.681403,34.92761],[114.798192,34.977736],[114.830852,35.019775]],[[96.164187,35.129639],[96.747718,35.05321],[97.072039,34.930607]]]}},{"type":"Feature","properties":{"scalerank":3,"featurecla":"River","name":"Huang","note":null,"min_zoom":3,"name_alt":"Yellow","name_en":"Yellow","min_label":4,"name_zh":null,"major":0},"bbox":[114.837673,35.019775,119.03566,37.823609],"geometry":{"type":"MultiLineString","coordinates":[[[114.837673,35.019775],[114.862374,35.061168],[114.865578,35.144599],[114.905472,35.228548],[115.01389,35.329523],[115.136053,35.406263],[115.272065,35.458818],[115.340381,35.502639],[115.341001,35.537779],[115.381981,35.597207],[115.463268,35.680923],[115.596386,35.758438],[115.781078,35.829777],[115.870892,35.880343],[115.865724,35.910056],[115.883294,35.938634],[115.923602,35.966022],[115.966183,35.976202],[116.035739,36.071029],[116.077804,36.109734],[116.115941,36.142962],[116.227149,36.201357],[116.450649,36.338506],[116.580822,36.439688],[116.592605,36.489504],[116.644074,36.56149],[116.735128,36.655696],[116.861942,36.726131],[117.024413,36.772898],[117.150503,36.86204],[117.24011,36.993608],[117.351783,37.081871],[117.485418,37.126752],[117.570943,37.175457],[117.608357,37.228012],[117.692899,37.256124],[117.824674,37.259845],[117.969678,37.290076],[118.127911,37.346868],[118.237517,37.430532],[118.298392,37.541068],[118.385157,37.603907],[118.497811,37.618944],[118.644882,37.67752],[118.826267,37.779581],[118.946053,37.823609],[119.03566,37.809165]]]}},{"type":"Feature","properties":{"scalerank":2,"featurecla":"River","name":"Ideriyn","note":null,"min_zoom":2.1,"name_alt":null,"name_en":"Ideriyn","min_label":3.1,"name_zh":null,"major":0},"bbox":[97.412897,47.998983,100.699621,49.263092],"geometry":{"type":"MultiLineString","coordinates":[[[98.007072,47.998983],[97.616605,48.07474],[97.452119,48.140679],[97.412897,48.201503],[97.444006,48.279172],[97.454135,48.357152],[97.443179,48.435442],[97.528859,48.54081],[97.71107,48.673257],[98.050377,48.73625],[98.546781,48.729739],[98.922882,48.696925],[99.178784,48.637858],[99.588371,48.724933],[100.151644,48.958149],[100.472555,49.075609],[100.551,49.077263],[100.613115,49.09845],[100.6589,49.139068],[100.686185,49.185319],[100.699621,49.263092]]]}},{"type":"Feature","properties":{"scalerank":3,"featurecla":"River","name":"Indus","note":null,"min_zoom":3,"name_alt":null,"name_en":"Indus","min_label":4,"name_zh":"印度河","major":0},"bbox":[67.45395,23.84826,79.734596,35.836366],"geometry":{"type":"MultiLineString","coordinates":[[[67.859972,23.902676],[67.925188,24.000758]],[[67.645825,23.919884],[67.711196,23.956626],[67.713831,24.000861],[67.713418,24.066387]],[[67.925188,24.000758],[67.99955,24.007114],[68.016603,23.990681],[68.02451,23.933682],[68.042441,23.891669],[68.037015,23.84826]],[[67.925188,24.000758],[67.924154,24.055948],[67.800751,24.058506],[67.760133,24.052847],[67.713418,24.066387]],[[67.713418,24.066387],[67.660759,24.10486]],[[79.734596,32.443937],[79.429808,32.744978]],[[79.43725,32.738131],[79.340822,32.880681],[79.220312,32.996462],[79.043682,33.132991],[78.90674,33.189034],[78.809484,33.164539],[78.639831,33.207792],[78.245488,33.397962],[78.183373,33.445297],[78.151644,33.493356],[78.150403,33.542139],[78.076919,33.620015],[77.931295,33.726934],[77.792131,33.857365],[77.659529,34.011206],[77.529769,34.106136],[77.339393,34.160137],[76.96691,34.287778],[76.782115,34.386299],[76.660778,34.498282],[76.529314,34.582644],[76.387617,34.639385],[76.285091,34.708321],[76.221529,34.789376],[76.196207,34.86118],[76.20892,34.923657],[76.141895,35.007579],[75.995031,35.112896],[75.902013,35.209531],[75.862843,35.297432],[75.791477,35.334588],[75.687815,35.320945],[75.567719,35.357093],[75.431086,35.442979],[75.352848,35.510856],[75.333108,35.560698],[75.263861,35.589663],[75.145212,35.597724],[75.000725,35.632347],[74.830399,35.693532],[74.740069,35.753477],[74.729734,35.812181],[74.701053,35.836366],[74.654028,35.826031],[74.631032,35.747534],[74.632065,35.600825],[74.575324,35.50003],[74.460809,35.445124],[74.34247,35.414583],[74.220307,35.408407],[74.058457,35.435874],[73.856919,35.496955],[73.6452,35.53101],[73.423302,35.538038],[73.301604,35.471169],[73.28021,35.330402],[73.1751,35.20426],[72.986377,35.092742],[72.885195,35.004479],[72.871656,34.939366],[72.894807,34.886346],[72.954648,34.845367],[72.944571,34.808883],[72.864473,34.776844],[72.813726,34.726253],[72.781635,34.622538]],[[72.706911,34.085543],[72.651617,34.031747],[72.591776,34.015495],[72.508991,34.018802],[72.410754,33.999837],[72.297169,33.958574],[72.238826,33.894934],[72.235726,33.808996],[72.197485,33.77197],[72.124104,33.783933],[72.071033,33.778972],[72.03827,33.757087],[71.985922,33.665465],[71.913885,33.504079],[71.839212,33.406333],[71.761801,33.372279],[71.721958,33.273783],[71.719685,33.110847],[71.650955,32.993878],[71.515666,32.922797],[71.424716,32.837686],[71.354539,32.688884],[71.3441,32.483547],[71.272994,32.311103],[71.070215,31.999081],[70.861081,31.569495],[70.800774,31.299692],[70.82899,30.919844],[70.769769,30.810755],[70.774523,30.716291],[70.823512,30.600096],[70.829506,30.485478],[70.792506,30.37241],[70.791524,30.211903],[70.826561,30.003957],[70.791886,29.825157],[70.687603,29.675502],[70.656649,29.550393],[70.699127,29.449882],[70.702331,29.35348],[70.666261,29.261237],[70.651223,29.176023],[70.657114,29.097862],[70.611639,29.023112],[70.51459,28.951799],[70.442967,28.915755],[70.396768,28.915005],[70.287369,28.83545],[70.114873,28.677113],[69.962014,28.575724],[69.828792,28.531282],[69.714949,28.444388],[69.620588,28.314965],[69.534908,28.24577],[69.458014,28.236881],[69.409438,28.212387],[69.389181,28.172389],[69.356315,28.156731],[69.310839,28.165413],[69.248931,28.141358],[69.17059,28.084539],[69.107286,28.057771],[69.05902,28.061052],[69.025896,28.040046],[69.007912,27.994777],[68.979852,27.975166],[68.941715,27.981264],[68.929467,27.955297],[68.94311,27.897316],[68.927607,27.853132],[68.883062,27.822746],[68.884457,27.792128],[68.931896,27.761277],[68.94988,27.736964],[68.938407,27.719187],[68.826476,27.677794],[68.762449,27.697793],[68.705192,27.759495],[68.66907,27.770502],[68.654084,27.730892],[68.573107,27.687742],[68.426242,27.641052],[68.337359,27.602502],[68.30656,27.572116],[68.300048,27.511189],[68.317722,27.419825],[68.297413,27.371405],[68.239019,27.365875],[68.194008,27.34213],[68.162279,27.300143],[68.160264,27.263091],[68.187859,27.230948],[68.174785,27.207616],[68.121041,27.193121],[68.098924,27.162942],[68.108536,27.117053],[68.063215,27.062018],[67.963066,26.997784],[67.910925,26.909779],[67.904724,26.742089],[67.890926,26.486859],[67.899556,26.368623],[67.925911,26.302219],[67.981928,26.24336],[68.067608,26.191993],[68.116804,26.140265],[68.129723,26.088124],[68.201553,25.99893],[68.332295,25.87271],[68.378803,25.794808],[68.340873,25.765249],[68.348108,25.728171],[68.400301,25.683549],[68.39844,25.620659],[68.342423,25.539423],[68.323096,25.443925],[68.340459,25.334165],[68.337152,25.261559],[68.313174,25.226057],[68.318549,25.191693],[68.353172,25.158413],[68.35157,25.138621],[68.313639,25.132265],[68.286199,25.089115],[68.269353,25.009223],[68.245065,24.978527],[68.213542,24.997053],[68.183466,24.973256],[68.154941,24.907162],[68.116494,24.872642],[68.068228,24.8698],[68.024613,24.760349],[67.985752,24.544342],[67.935626,24.430189],[67.874131,24.417993],[67.85005,24.395514],[67.863383,24.362777],[67.848655,24.343837],[67.80597,24.33867],[67.795893,24.317947],[67.818321,24.281671],[67.787108,24.239193],[67.702152,24.190513],[67.659261,24.145555],[67.658537,24.104369],[67.626705,24.077962],[67.532343,24.060521],[67.45395,24.039902]]]}},{"type":"Feature","properties":{"scalerank":2,"featurecla":"River","name":"Irrawaddy Delta","note":null,"min_zoom":2.1,"name_alt":null,"name_en":"Irrawaddy Delta","min_label":3.1,"name_zh":null,"major":0},"bbox":[94.656217,15.839137,96.189095,17.907564],"geometry":{"type":"MultiLineString","coordinates":[[[94.703295,16.511938],[94.728306,16.673246],[94.744326,16.782929],[94.742259,16.90809],[94.795175,17.035162],[94.903076,17.164146],[94.953925,17.257267],[94.947724,17.314525],[94.977231,17.352481],[95.042447,17.371111],[95.120168,17.472371],[95.210344,17.656235],[95.304395,17.766254],[95.454877,17.856094],[95.482059,17.879788],[95.520092,17.907564],[95.574973,17.904153],[95.633057,17.809818],[95.694242,17.624532],[95.783022,17.438316],[95.899397,17.251092],[95.95557,17.129833],[95.951539,17.074488],[96.041921,16.969275],[96.089618,16.846672],[96.189095,16.768331]],[[95.481438,16.813909],[95.323464,16.328203],[95.236802,16.132995],[95.132519,16.024862],[95.098619,15.957812],[95.078362,15.839137]],[[95.599571,16.901734],[95.64918,16.767504],[95.71853,16.709394],[95.828911,16.653377],[95.871751,16.593329],[95.847049,16.52925],[95.845447,16.478064],[95.866841,16.439772],[95.909836,16.412306],[95.994275,16.390344],[96.042851,16.339933]],[[95.472498,17.743672],[95.405784,17.717937],[95.355968,17.665795],[95.296023,17.554174],[95.290752,17.502239],[95.322895,17.467668],[95.339587,17.431184],[95.335142,17.378784],[95.317004,17.347753],[95.27618,17.322819],[95.263467,17.301683],[95.252822,17.224014],[95.248171,17.178487],[95.213341,17.144277],[95.186056,17.077718],[95.166109,16.978706],[95.175101,16.903439],[95.213031,16.851917],[95.221713,16.79621],[95.175721,16.674409],[95.145128,16.610485],[95.106784,16.574234],[95.060586,16.565604],[95.01449,16.503412],[94.968291,16.387605],[94.907365,16.287792],[94.793728,16.162037],[94.74784,16.080414],[94.656217,15.988792]]]}},{"type":"Feature","properties":{"scalerank":2,"featurecla":"River","name":"Irtysh","note":null,"min_zoom":2.1,"name_alt":null,"name_en":"Irtysh","min_label":3.1,"name_zh":null,"major":0},"bbox":[68.215092,53.985594,74.993593,61.124435],"geometry":{"type":"MultiLineString","coordinates":[[[74.993593,53.985594],[74.918352,54.002802],[74.903625,54.027607],[74.924399,54.06577],[74.871534,54.127885],[74.745133,54.213926],[74.66028,54.291415],[74.617079,54.360351],[74.558478,54.399729],[74.484374,54.409547],[74.399935,54.448511],[74.304953,54.516569],[74.125223,54.58641],[73.728244,54.693768]],[[73.72194,54.693768],[73.538902,54.805337],[73.434309,54.845025],[73.347079,54.849934],[73.317623,54.888123],[73.346045,54.95954],[73.307908,55.008839],[73.203315,55.036072],[73.157426,55.097412],[73.170345,55.19291],[73.127557,55.24221],[73.029269,55.24531],[72.993199,55.266213],[73.019554,55.304945],[73.162956,55.389023],[73.423508,55.51842],[73.661788,55.618414],[73.877796,55.688849],[74.081143,55.729131],[74.271829,55.739208],[74.468768,55.833026],[74.671856,56.010535],[74.709321,56.058026],[74.709321,56.091848],[74.675525,56.125644],[74.669892,56.148201],[74.689839,56.162412],[74.698831,56.203236],[74.681158,56.263698],[74.698056,56.286229],[74.729062,56.289045],[74.737485,56.317235],[74.721465,56.337104],[74.740327,56.370771],[74.74875,56.396119],[74.734694,56.41865],[74.705859,56.42653],[74.678367,56.477897],[74.680124,56.563369],[74.65594,56.606959],[74.60602,56.608664],[74.590466,56.627448],[74.609379,56.66326],[74.594961,56.693026],[74.576926,56.717288],[74.584729,56.73447],[74.596873,56.757466],[74.551553,56.844567],[74.510936,56.892574],[74.455952,56.922908],[74.386602,56.935569],[74.366448,56.949832],[74.333634,56.988046],[74.181188,57.016882],[74.117264,57.053004],[74.141862,57.096489],[74.119073,57.133154],[74.048897,57.163023],[73.965491,57.174133],[73.868856,57.166459],[73.769999,57.17943],[73.66892,57.213046],[73.635382,57.238961],[73.633108,57.258237],[73.599312,57.272318],[73.504279,57.265032],[73.441027,57.278313],[73.435962,57.305598],[73.371263,57.326837],[73.24693,57.341927],[73.180267,57.362442],[73.171069,57.38828],[73.113295,57.408021],[73.006841,57.421663],[72.948705,57.440809],[72.903437,57.458302],[72.866798,57.447011],[72.779568,57.442127],[72.625469,57.471583],[72.529041,57.50233],[72.492144,57.520262],[72.449873,57.53437],[72.413492,57.528582],[72.388584,57.535558],[72.334324,57.565324],[72.230971,57.579173],[71.950678,57.580672],[71.855387,57.607595],[71.820144,57.630281],[71.750794,57.642658],[71.60579,57.634829],[71.527138,57.645267],[71.514839,57.673922],[71.472568,57.698597],[71.400118,57.719216],[71.312371,57.721025],[71.209225,57.704023],[71.107526,57.710225],[71.007273,57.739628],[70.963865,57.763813],[70.920044,57.765415],[70.873328,57.760532],[70.7846,57.776939],[70.683366,57.821768],[70.615463,57.820967],[70.596963,57.822724],[70.569057,57.850784],[70.526062,57.858923],[70.467875,57.84709],[70.425087,57.861481],[70.397698,57.902047],[70.395631,57.927937],[70.373462,57.956979],[70.294397,57.977443],[70.22453,57.97703],[70.175645,57.954396],[70.136629,57.958685],[70.10738,57.989846],[70.053223,58.008733],[69.974158,58.01527],[69.877265,58.001421],[69.762647,57.967211],[69.648803,57.960132],[69.535632,57.980182],[69.479821,57.999819],[69.426698,58.017415],[69.315904,57.995168],[69.239268,58.000129],[69.19679,58.032375],[69.140256,58.032298],[69.069666,57.999923],[68.999954,57.999974],[68.931224,58.032427],[68.870556,58.036975],[68.818156,58.013565],[68.729686,58.03713],[68.605146,58.107668],[68.463656,58.149267],[68.225841,58.168388]],[[68.861358,61.124435],[69.010651,61.019247],[69.160874,60.975762],[69.361896,60.958967],[69.515788,60.885431],[69.622552,60.755258],[69.724354,60.682808],[69.801714,60.667589],[69.830188,60.650252],[69.836389,60.621313],[69.816442,60.603691],[69.782335,60.567104],[69.769209,60.511656],[69.801042,60.463183],[69.803936,60.419232],[69.777994,60.379777],[69.784919,60.354197],[69.82471,60.342415],[69.854372,60.310531],[69.873803,60.258596],[69.862434,60.239476],[69.820679,60.236634],[69.769675,60.206997],[69.729367,60.170152],[69.720634,60.125633],[69.737842,60.095195],[69.781457,60.077574],[69.854321,60.057523],[69.888479,60.005278],[69.865586,59.943111],[69.865328,59.90115],[69.888479,59.866449],[69.871115,59.834617],[69.820059,59.838699],[69.777219,59.816711],[69.757479,59.76643],[69.698929,59.744312],[69.601468,59.75041],[69.498167,59.727466],[69.334301,59.649538],[69.284278,59.576622],[69.222886,59.555254],[69.133486,59.561119],[69.07473,59.536211],[69.046721,59.480607],[68.99675,59.452289],[68.924817,59.451333],[68.910812,59.42968],[68.929002,59.401594],[68.905283,59.354181],[68.830972,59.292118],[68.799346,59.240002],[68.810405,59.197834],[68.842651,59.172874],[68.88177,59.160704],[68.88177,59.137579],[68.861978,59.119544],[68.854382,59.084094],[68.873088,59.056576],[68.855673,59.02123],[68.812369,59.013194],[68.800793,59.001619],[68.82105,58.966892],[68.812369,58.935059],[68.762242,58.925758],[68.748755,58.900384],[68.749737,58.877053],[68.736714,58.85894],[68.696717,58.853049],[68.689327,58.827107],[68.705347,58.787575],[68.67062,58.764424],[68.627264,58.770211],[68.568559,58.753468],[68.555847,58.678796],[68.564322,58.607095],[68.566492,58.561955],[68.549129,58.521441],[68.468617,58.512062],[68.399474,58.499685],[68.354515,58.469506],[68.330848,58.430749],[68.328367,58.383465],[68.283202,58.355198],[68.239639,58.342124],[68.219382,58.327655],[68.215092,58.290137],[68.232869,58.246316],[68.222224,58.166166]]]}},{"type":"Feature","properties":{"scalerank":1,"featurecla":"River","name":"Jinsha","note":null,"min_zoom":2,"name_alt":"Yangtze","name_en":"Yangtze","min_label":3,"name_zh":null,"major":0},"bbox":[98.54151,25.981464,103.858705,31.689797],"geometry":{"type":"MultiLineString","coordinates":[[[99.398615,28.119602],[99.430655,27.842384],[99.494217,27.641905],[99.600153,27.425742],[99.726761,27.245624],[99.874142,27.101499],[99.954344,26.993676],[99.96747,26.922078],[99.996305,26.904301],[100.041057,26.940268],[100.063381,27.012124],[100.063381,27.119818],[100.10865,27.220535],[100.19929,27.314276],[100.231691,27.398586],[100.205956,27.473517],[100.218617,27.554132],[100.26957,27.64038],[100.296235,27.720686],[100.298405,27.794945],[100.329721,27.833702],[100.390079,27.836906],[100.42739,27.753655],[100.441756,27.583872],[100.472452,27.483956],[100.519477,27.45388],[100.545419,27.393005],[100.550173,27.301331],[100.522888,27.237588],[100.46346,27.201802],[100.449611,27.168962],[100.48134,27.139093],[100.485887,27.049719],[100.463253,26.900839],[100.437467,26.816606],[100.408425,26.796969],[100.410595,26.691239],[100.443978,26.499339],[100.44868,26.377563],[100.424806,26.325887],[100.428062,26.278784],[100.458551,26.236228],[100.581799,26.202794],[100.797703,26.178454],[100.960691,26.211036],[101.070761,26.30054],[101.200056,26.357255],[101.348677,26.381129],[101.446862,26.442469],[101.494611,26.541274],[101.590316,26.593364],[101.733873,26.598739],[101.841257,26.5544],[101.91226,26.460349],[101.940166,26.362629],[101.924869,26.26124],[101.899031,26.192717],[101.862754,26.157163],[101.847148,26.098356],[101.852212,26.016397],[101.912054,25.981464],[102.026672,25.993504],[102.125994,26.056859],[102.209813,26.171478],[102.330839,26.266227],[102.488866,26.341131],[102.582504,26.370174],[102.611649,26.35343],[102.622088,26.32382],[102.61382,26.281342],[102.635007,26.252351],[102.685547,26.236745],[102.752623,26.262945],[102.836132,26.330951],[102.905481,26.365006],[102.960672,26.365084],[102.990076,26.395159],[102.993693,26.455285],[103.011005,26.498073],[103.042114,26.523498],[103.018498,26.63331],[102.94026,26.827562],[102.89742,27.012667],[102.889978,27.188677],[102.903311,27.3127],[102.937521,27.384711],[102.969147,27.412022],[102.998292,27.394659],[103.046403,27.39807],[103.147017,27.434346],[103.200192,27.533669],[103.237451,27.572038],[103.276415,27.582529],[103.293003,27.600951],[103.28706,27.627255],[103.325921,27.670301],[103.409585,27.730039],[103.479245,27.813806],[103.534952,27.921552],[103.532317,27.992168],[103.471442,28.025602],[103.444415,28.065212],[103.45134,28.110998],[103.483947,28.161175],[103.589471,28.249956],[103.625541,28.263598],[103.663161,28.256673],[103.702435,28.229182],[103.761553,28.243031],[103.840515,28.298118],[103.858705,28.377028],[103.816227,28.479761],[103.808889,28.565337],[103.850747,28.668044]],[[98.54151,31.689797],[98.798962,31.437952],[98.855393,31.323075],[98.796843,31.261219],[98.73788,31.251865],[98.678556,31.295041],[98.637525,31.279848],[98.614891,31.206364],[98.653338,31.124948],[98.75297,31.035574],[98.798962,30.963382],[98.791211,30.90832],[98.83064,30.842381],[98.917146,30.765538],[98.94655,30.711252],[98.918955,30.679575],[98.942829,30.47659],[99.018277,30.102349],[99.038637,29.849134],[99.003911,29.716946],[99.014039,29.550755],[99.096412,29.250489],[99.145866,28.641198],[99.221365,28.360181],[99.398615,28.126423]]]}},{"type":"Feature","properties":{"scalerank":6,"featurecla":"River","name":"Konqi","note":null,"min_zoom":5,"name_alt":null,"name_en":"Konqi","min_label":6,"name_zh":null,"major":0},"bbox":[86.371607,40.632662,89.386927,41.314507],"geometry":{"type":"MultiLineString","coordinates":[[[89.386927,40.632662],[88.919875,40.672401],[88.714513,40.689868],[88.422386,40.744438],[88.286477,40.815442],[88.126745,40.859677],[87.943087,40.877195],[87.787128,40.909984],[87.658867,40.958069],[87.528642,40.973727],[87.396661,40.956984],[87.258374,40.971143],[87.113991,41.016205],[87.0249,41.069121],[86.991104,41.129893],[86.899017,41.204824],[86.748535,41.293862],[86.597846,41.314507],[86.371607,41.242806]]]}},{"type":"Feature","properties":{"scalerank":6,"featurecla":"River","name":"Krishna","note":null,"min_zoom":5,"name_alt":null,"name_en":"Krishna","min_label":6,"name_zh":null,"major":0},"bbox":[73.796457,15.782215,80.892458,17.991822],"geometry":{"type":"MultiLineString","coordinates":[[[79.31333,16.579376],[79.657185,16.69017],[79.818415,16.702934],[79.911536,16.654617],[79.993081,16.677871],[80.062948,16.772672],[80.121497,16.768176],[80.16873,16.664332],[80.261902,16.607359],[80.400912,16.59723],[80.523592,16.553202],[80.629838,16.475325],[80.716552,16.393212],[80.783834,16.306964],[80.833754,16.201285],[80.882743,16.0137],[80.892458,15.970963],[80.891631,15.865957],[80.877575,15.819655],[80.86476,15.782215]],[[73.796457,17.991822],[73.897691,17.930663],[73.962028,17.854311],[74.053702,17.68644],[74.117988,17.632748],[74.127393,17.578746],[74.103312,17.506529],[74.120985,17.423226],[74.180206,17.328839],[74.204288,17.255278],[74.193125,17.202568],[74.232193,17.157299],[74.321593,17.119446],[74.369497,17.083299],[74.376008,17.04883],[74.395697,17.033793],[74.428563,17.038082],[74.456727,17.015758],[74.491919,16.942248],[74.53667,16.857731],[74.587313,16.808225],[74.658833,16.765592],[74.672269,16.733139],[74.627518,16.71097],[74.623435,16.667174],[74.659919,16.601778],[74.75428,16.595654],[74.906519,16.648777],[75.013334,16.63423],[75.074829,16.551962],[75.125988,16.540076],[75.167019,16.59847],[75.230685,16.621156],[75.316984,16.608082],[75.38313,16.579815],[75.428916,16.536304],[75.448811,16.492224],[75.442713,16.447549],[75.489946,16.43047],[75.590508,16.440961],[75.676963,16.421944],[75.74931,16.373368],[75.837986,16.338228],[75.942889,16.316575],[76.016477,16.278748],[76.058541,16.224772],[76.12417,16.187591],[76.213261,16.167231],[76.404877,16.227356],[76.699019,16.367916],[76.882057,16.470003],[76.953991,16.533668],[77.05724,16.527932],[77.258985,16.415355],[77.615707,16.348822],[77.844996,16.232239],[78.065654,16.043517],[78.193088,15.955977],[78.227298,15.96962],[78.244351,15.991944],[78.244351,16.023002],[78.283263,16.049718],[78.361088,16.072198],[78.497772,16.07119],[78.693419,16.046773],[78.805144,16.063619],[78.832946,16.121704],[78.884467,16.170641],[78.997173,16.230302]]]}},{"type":"Feature","properties":{"scalerank":4,"featurecla":"River","name":"Kyzyl-Khem","note":null,"min_zoom":4,"name_alt":null,"name_en":"Kyzyl-Khem","min_label":5,"name_zh":null,"major":0},"bbox":[95.780025,51.294983,98.000251,51.518742],"geometry":{"type":"MultiLineString","coordinates":[[[98.000251,51.514091],[97.878863,51.518742],[97.703318,51.480114],[97.297968,51.359553],[96.523959,51.346479],[96.235398,51.35578],[96.174316,51.383117],[96.099075,51.383117],[95.965026,51.342138],[95.780025,51.294983]]]}},{"type":"Feature","properties":{"scalerank":2,"featurecla":"River","name":"Lancang","note":null,"min_zoom":2.1,"name_alt":"Mekong","name_en":"Mekong","min_label":3.1,"name_zh":null,"major":0},"bbox":[96.941298,17.820515,102.232551,31.965543],"geometry":{"type":"MultiLineString","coordinates":[[[96.941298,31.965543],[97.055192,31.691916],[97.120512,31.576574],[97.175185,31.528308],[97.206811,31.463093],[97.215183,31.380824],[97.203917,31.32522],[97.172808,31.296178],[97.167537,31.232564],[97.187898,31.134353],[97.242881,31.049707],[97.332282,30.978626],[97.377447,30.890311],[97.37817,30.784685],[97.495476,30.618338],[97.846255,30.277739],[97.962734,30.162397],[98.037251,30.046022],[98.108565,29.890166],[98.160655,29.810222],[98.193624,29.806243],[98.242355,29.762886],[98.306951,29.680204],[98.363278,29.568221],[98.411337,29.426938],[98.484408,29.307152],[98.582489,29.20876],[98.619438,29.125664],[98.59515,29.057865],[98.59329,29.008721],[98.623986,28.963116],[98.670081,28.772249],[98.726718,28.631844],[98.809297,28.478262],[98.863144,28.303854],[98.888517,28.108621],[98.938023,27.959482],[99.011714,27.85644],[99.035795,27.76828],[99.010267,27.695002],[99.005151,27.622862],[99.028095,27.516279],[99.088402,27.376805],[99.103646,27.308385],[99.093828,27.264512],[99.109744,27.215109],[99.151292,27.160177],[99.175477,27.071113],[99.182298,26.947916],[99.165245,26.801491],[99.124317,26.631889],[99.114085,26.530887],[99.134549,26.498435],[99.141267,26.379992],[99.134135,26.17556],[99.139303,26.021461],[99.156563,25.917746],[99.213355,25.792018],[99.309577,25.644275],[99.341255,25.521207],[99.308492,25.422764],[99.341255,25.315018],[99.439646,25.197997],[99.525481,25.129319],[99.598758,25.109062],[99.699682,25.017026],[99.828357,24.853289],[99.938634,24.7619],[100.030618,24.742883],[100.086532,24.717794],[100.106272,24.686581],[100.139707,24.689708],[100.186733,24.727199],[100.250656,24.747172],[100.331633,24.749652],[100.418346,24.682215],[100.510899,24.544859],[100.547692,24.387788],[100.528986,24.210977],[100.485164,24.107624],[100.416228,24.07773],[100.388219,24.026079],[100.401035,23.952647],[100.35556,23.854126],[100.251793,23.730464],[100.184511,23.619747],[100.138519,23.473115],[100.066792,23.277598],[100.106221,23.14913],[100.232828,23.022523],[100.313185,22.887337],[100.347395,22.743677],[100.415297,22.635621],[100.516997,22.563171],[100.566916,22.501573],[100.565056,22.450826],[100.587897,22.397806],[100.635542,22.342538],[100.646808,22.305822],[100.621797,22.28758],[100.631822,22.26815],[100.676884,22.247428],[100.704737,22.205182],[100.715383,22.141388],[100.770005,22.047337],[100.868603,21.923107],[100.983738,21.844972],[101.11541,21.812958],[101.165588,21.78942],[101.134272,21.774382],[101.128174,21.70511],[101.147294,21.581629],[101.080373,21.468664],[100.927514,21.366216],[100.819511,21.314203],[100.75662,21.312653],[100.703135,21.25139],[100.65921,21.13039],[100.613683,21.059335],[100.566658,21.038174],[100.536169,20.992388],[100.522216,20.921927],[100.549346,20.884229],[100.617662,20.879269],[100.622933,20.859554],[100.565159,20.825112],[100.493329,20.812993],[100.407443,20.823225],[100.326104,20.795682],[100.249313,20.73026],[100.18389,20.589105],[100.12963,20.372219],[100.114954,20.257679],[100.139759,20.245431],[100.174124,20.272768],[100.218049,20.339586],[100.266004,20.377309],[100.317991,20.385888],[100.37313,20.340361],[100.431524,20.240729],[100.491572,20.184091],[100.553274,20.170449],[100.588517,20.0734],[100.597302,19.89305],[100.652699,19.825173],[100.754812,19.869769],[100.856718,19.877547],[100.95852,19.848556],[101.036655,19.847833],[101.091329,19.87548],[101.153444,19.872302],[101.223103,19.838324],[101.333278,19.821891],[101.484069,19.822976],[101.699353,19.889768],[101.979233,20.022267],[102.137053,20.086578],[102.172813,20.08265],[102.204646,20.057562],[102.232551,20.011259],[102.14098,19.903488],[101.92983,19.7343],[101.82348,19.604049],[101.821723,19.512789],[101.842239,19.451164],[101.884924,19.419228],[101.885802,19.372229],[101.844771,19.310165],[101.819036,19.180742],[101.808494,18.98401],[101.815987,18.855077],[101.841464,18.793944],[101.826374,18.69811],[101.77046,18.567549],[101.657702,18.422235],[101.4881,18.262245],[101.408312,18.118894],[101.418544,17.992261],[101.458645,17.901828],[101.563651,17.820515]]]}},{"type":"Feature","properties":{"scalerank":1,"featurecla":"River","name":"Lena","note":null,"min_zoom":2,"name_alt":null,"name_en":"Lena","min_label":3,"name_zh":null,"major":0},"bbox":[105.069897,53.844827,130.051318,72.294399],"geometry":{"type":"MultiLineString","coordinates":[[[120.648378,60.403471],[120.343435,60.39621],[120.184272,60.349702],[120.06924,60.261593],[119.87411,60.229115],[119.598881,60.252317],[119.354762,60.191417],[119.141751,60.046464],[118.958558,59.965591],[118.805286,59.948796],[118.677542,59.917015],[118.575326,59.870248],[118.510214,59.823816],[118.482102,59.777799],[118.419573,59.744777],[118.322525,59.724804],[117.998307,59.805342],[117.446713,59.986468],[117.129419,60.134263],[117.04622,60.248829],[116.964262,60.331046],[116.883543,60.381018],[116.669189,60.43905],[116.321407,60.505248],[116.030933,60.597697],[115.797873,60.716501],[115.5028,60.77474],[115.145716,60.77257],[114.892553,60.745078],[114.743208,60.692265],[114.549422,60.566794],[114.310987,60.368667],[114.137354,60.260095],[114.028523,60.240949],[113.822541,60.124806],[113.519407,59.911615],[113.239631,59.779297],[112.983006,59.727776],[112.835883,59.673981],[112.798108,59.61786],[112.745191,59.578483],[112.642768,59.544531],[112.543394,59.363302],[112.393688,59.273721],[112.160524,59.215378],[112.009835,59.196645],[111.941726,59.217523],[111.846124,59.186775],[111.723031,59.104403],[111.548571,59.018956],[111.322642,58.93046],[111.201823,58.847003],[111.186216,58.768558],[111.116556,58.738792],[110.992843,58.757706],[110.948608,58.746337],[110.928971,58.710319],[110.805361,58.659004],[110.560208,58.66244],[110.281775,58.644638],[109.970166,58.605622],[109.797671,58.539166],[109.764391,58.445218],[109.694318,58.358583],[109.587347,58.27926],[109.498257,58.231278],[109.42684,58.214586],[109.340541,58.224612],[109.239152,58.261354],[109.153886,58.274531],[109.084742,58.264144],[108.940462,58.210452],[108.721147,58.113404],[108.605599,58.043538],[108.593816,58.000853],[108.552682,57.971604],[108.482299,57.955791],[108.408608,57.906905],[108.33161,57.824998],[108.228877,57.784897],[108.100306,57.786654],[108.033747,57.758904],[108.029303,57.701646],[107.957008,57.658677],[107.904401,57.635009],[107.894169,57.610231],[107.918044,57.570491],[107.871793,57.522562],[107.69723,57.438303],[107.619199,57.40784],[107.593102,57.386472],[107.584369,57.357016],[107.564629,57.34296],[107.518637,57.345854],[107.487424,57.329007],[107.470991,57.292421],[107.41456,57.270613],[107.318132,57.263585],[107.250746,57.276091],[107.212609,57.308182],[107.148633,57.325597],[107.058923,57.328336],[106.98854,57.309861],[106.937483,57.270122],[106.918053,57.232088],[106.930145,57.19576],[106.912472,57.14597],[106.864826,57.082718],[106.746746,57.042565],[106.558127,57.025512],[106.425163,57.028251],[106.34801,57.050782],[106.256181,57.011042],[106.149831,56.908981],[105.985655,56.832965],[105.763705,56.782943],[105.672444,56.742402],[105.711822,56.711319],[105.831401,56.696436],[106.031285,56.697676],[106.172879,56.671115],[106.256285,56.616803],[106.292148,56.559959],[106.280573,56.500583],[106.250083,56.450818],[106.200681,56.410562],[106.058002,56.3655],[105.822048,56.315529],[105.694665,56.266101],[105.675958,56.217163],[105.718126,56.151741],[105.821169,56.069834],[105.85202,55.975653],[105.810575,55.869148],[105.730942,55.755098],[105.613223,55.6334],[105.519585,55.49036],[105.450029,55.325874],[105.331276,55.196838],[105.163225,55.103149],[105.076098,55.008374],[105.069897,54.912514],[105.107931,54.849831],[105.190303,54.820375],[105.234435,54.753506],[105.240533,54.649171],[105.223893,54.549952],[105.184567,54.455746],[105.220586,54.383916],[105.332,54.33441],[105.45716,54.237672],[105.665416,54.021664],[105.806286,54.006316],[105.872949,53.972959],[105.912533,53.916477],[105.973511,53.878262],[106.05609,53.858263],[106.304757,53.857281],[106.927148,53.884334],[106.996498,53.849788],[107.052825,53.844827],[107.119178,53.857927],[107.158658,53.89361],[107.171371,53.951849],[107.234003,53.99934],[107.346554,54.03603],[107.456005,54.104501],[107.562148,54.204754],[107.657129,54.264595],[107.78291,54.293792],[108.021241,54.246457],[108.106611,54.199948],[108.11829,54.138401],[108.088162,54.081764],[107.980107,54.004146]],[[126.689663,72.294399],[126.896885,72.050228],[127.019668,71.945531],[127.127155,71.898971],[127.167928,71.845279],[127.141935,71.784456],[127.162295,71.683222],[127.228958,71.541525],[127.258207,71.41174],[127.250042,71.293866],[127.316911,71.183924],[127.458815,71.081966],[127.506564,70.998767],[127.460262,70.934379],[127.471837,70.879059],[127.414218,70.741832],[127.090827,70.60613],[126.789192,70.540604],[126.509415,70.545178],[126.231086,70.527323],[125.954307,70.487016],[125.800621,70.449344],[125.769874,70.414204],[125.833074,70.367281],[125.990067,70.308577],[126.018903,70.234628],[125.919374,70.145331],[125.77344,70.068928],[125.484775,69.973662],[125.201175,69.903511],[125.078702,69.825506],[125.022788,69.716262],[124.901555,69.580353],[124.721979,69.400312],[124.621572,69.33644],[124.251052,69.181256],[124.093749,69.096506],[124.026053,69.030412],[123.985228,68.926439],[123.971172,68.784587],[123.927144,68.633873],[123.853247,68.474348],[123.773975,68.349265],[123.689329,68.258676],[123.534506,68.17279],[123.309507,68.091606],[123.150499,67.929187],[123.057378,67.68543],[123.09474,67.454591],[123.26274,67.236568],[123.397874,66.997435],[123.500297,66.737167],[123.587837,66.580949],[123.696874,66.502659],[123.738008,66.461396],[123.876088,66.197975],[124.0275,66.022069],[124.210951,65.873292],[124.285262,65.733094],[124.250535,65.601526],[124.267898,65.504219],[124.337352,65.4412],[124.373835,65.378594],[124.377246,65.316427],[124.407993,65.251625],[124.465974,65.184187],[124.59346,65.097526],[124.79045,64.991589],[124.954316,64.931179],[125.085058,64.916296],[125.220088,64.878624],[125.359305,64.818111],[125.453666,64.746953],[125.503068,64.665097],[125.743519,64.575387],[126.175017,64.477822],[126.423477,64.402891],[126.506211,64.377931],[126.85265,64.224452],[127.2919,63.965243],[127.585525,63.84339],[127.879978,63.772464],[128.077537,63.697456],[128.178254,63.618339],[128.291425,63.561469],[128.416896,63.526769],[128.640655,63.515762],[128.962599,63.528371],[129.187598,63.523461],[129.379628,63.489872],[129.585817,63.305439],[129.637338,63.199347],[129.602922,63.110153],[129.6223,63.033931],[129.695371,62.970756],[129.763894,62.858024],[129.827662,62.69576],[129.909415,62.569359],[130.008943,62.478822],[130.051318,62.396398],[130.036539,62.322139],[129.997368,62.269895],[129.933806,62.239715],[129.892465,62.160082],[129.873241,62.030994],[129.788492,61.893483],[129.63832,61.747601],[129.476263,61.63076],[129.215607,61.499192],[128.751449,61.323131],[128.480768,61.266028],[128.248999,61.26918],[127.893103,61.227736],[127.413029,61.141695],[127.047264,61.103144],[126.795599,61.112084],[126.553754,61.101335],[126.321727,61.070846],[126.097451,61.014209],[125.88103,60.931449],[125.578309,60.856958],[124.994882,60.757635],[124.89277,60.710041],[124.730299,60.687821],[124.473261,60.675056],[124.278854,60.645601],[124.147079,60.59935],[123.551973,60.575993],[122.296856,60.575373],[121.653381,60.597542],[121.424764,60.6425],[121.161835,60.622347],[120.864489,60.53708],[120.700364,60.472537],[120.653855,60.406701]]]}},{"type":"Feature","properties":{"scalerank":6,"featurecla":"River","name":"Liao","note":null,"min_zoom":5,"name_alt":null,"name_en":"Liao","min_label":6,"name_zh":"辽河","major":0},"bbox":[122.14038,40.688163,123.830612,43.483496],"geometry":{"type":"MultiLineString","coordinates":[[[123.553937,43.483496],[123.613778,43.39854],[123.604063,43.289554],[123.544738,43.128221],[123.533783,43.019442],[123.5713,42.963269],[123.582669,42.876866],[123.568096,42.760336],[123.611091,42.660161],[123.71186,42.576394],[123.773562,42.503814],[123.796299,42.442474],[123.830612,42.40612],[123.770564,42.327132],[123.512699,42.203057],[123.350177,42.149417],[123.282894,42.166109],[123.177009,42.144611],[123.032625,42.084873],[122.892944,41.957233],[122.758068,41.761741],[122.676988,41.579168],[122.635957,41.324765],[122.45726,41.213712],[122.400622,41.1332],[122.44031,41.054549],[122.409407,41.002614],[122.32595,40.96334],[122.29422,40.898382],[122.236343,40.851589],[122.152317,40.822909],[122.147408,40.779785],[122.14038,40.688163]]]}},{"type":"Feature","properties":{"scalerank":6,"featurecla":"River","name":"Mahäna Nadï","note":null,"min_zoom":5,"name_alt":null,"name_en":"Mahäna Nadï","min_label":6,"name_zh":null,"major":0},"bbox":[80.625291,20.05304,86.245206,21.863162],"geometry":{"type":"MultiLineString","coordinates":[[[80.625291,20.599027],[80.630407,20.714808],[80.664875,20.764624],[80.76306,20.798266],[80.888789,20.970271],[81.00594,21.046235],[81.156421,21.083468],[81.271091,21.219997],[81.34995,21.455797],[81.427723,21.58814],[81.542651,21.631548],[81.641146,21.589897],[81.680679,21.621575],[81.694011,21.71268],[81.745274,21.764072],[81.834468,21.775751],[81.920354,21.808798],[82.002933,21.863162],[82.114347,21.847556],[82.254597,21.761876],[82.376192,21.72777],[82.479028,21.745133],[82.722786,21.739138],[83.29965,21.695162]],[[83.856618,21.520444],[83.949222,21.453859],[83.942608,21.337432],[83.829953,21.054736],[83.83202,20.96177],[83.865713,20.907045],[83.931756,20.859606],[84.046374,20.846118],[84.209775,20.866582],[84.309717,20.846945],[84.346304,20.787233],[84.444179,20.729536],[84.603343,20.673881],[84.707522,20.61484],[84.756615,20.552441],[84.92198,20.480094],[85.344383,20.356691],[85.665448,20.442732],[85.832208,20.445212],[85.951581,20.392864],[86.048164,20.310802],[86.1587,20.143138],[86.17658,20.093787],[86.245206,20.05304]]]}},{"type":"Feature","properties":{"scalerank":4,"featurecla":"River","name":"Malyy Yenisey","note":null,"min_zoom":4,"name_alt":null,"name_en":"Malyy Yenisey","min_label":5,"name_zh":null,"major":0},"bbox":[94.464756,51.294983,95.780025,51.73369],"geometry":{"type":"MultiLineString","coordinates":[[[95.780025,51.294983],[95.558488,51.475721],[95.229671,51.585379],[94.464756,51.73369]]]}},{"type":"Feature","properties":{"scalerank":2,"featurecla":"River","name":"Maquan","note":null,"min_zoom":2.1,"name_alt":"Damqogkanbab","name_en":"Damqogkanbab","min_label":3.1,"name_zh":null,"major":0},"bbox":[82.40048,29.126284,87.66021,30.411477],"geometry":{"type":"MultiLineString","coordinates":[[[82.40048,30.411477],[82.722734,30.365046],[82.825157,30.371015],[82.885773,30.335668],[82.938793,30.261047],[83.164257,30.12612],[83.761017,29.833321],[83.925348,29.76069],[83.982502,29.710642],[83.987153,29.658965],[84.013921,29.617417],[84.062704,29.585921],[84.188691,29.555276],[84.391779,29.525459],[84.501127,29.451949],[84.51663,29.334747],[84.634245,29.253667],[84.85387,29.208605],[85.014067,29.220956],[85.114629,29.290719],[85.225837,29.312785],[85.408668,29.274389],[85.591913,29.204058],[85.867142,29.195247],[86.295332,29.224547],[86.734479,29.208863],[87.184374,29.148195],[87.472108,29.126284],[87.66021,29.151528]]]}},{"type":"Feature","properties":{"scalerank":2,"featurecla":"River","name":"Mekong","note":null,"min_zoom":2.1,"name_alt":null,"name_en":"Mekong","min_label":3.1,"name_zh":"湄公河","major":0},"bbox":[101.563651,10.000734,106.136395,18.42332],"geometry":{"type":"MultiLineString","coordinates":[[[104.951145,11.590921],[104.9513,11.50829],[104.976156,11.471548],[105.025662,11.453229],[105.041268,11.427675],[105.022872,11.394912],[105.044059,11.211874],[105.104934,10.878561],[105.311019,10.535171],[105.830988,10.000734]],[[104.951145,11.590921],[105.181053,11.446278],[105.266164,11.356413],[105.282184,11.274144],[105.266061,11.180351],[105.217795,11.074983],[105.199088,10.978038],[105.210044,10.889517],[105.248594,10.825128],[105.314843,10.784846],[105.357683,10.723325],[105.377217,10.640591],[105.49013,10.529332],[105.696526,10.389599],[105.87946,10.299191],[105.930981,10.28361],[106.136395,10.221702]],[[101.563651,17.820515],[101.687468,17.889399],[101.744105,17.952703],[101.774801,18.033422],[101.818623,18.064634],[101.875467,18.046418],[101.947452,18.081481],[102.034578,18.169847],[102.101499,18.210646],[102.148215,18.203876],[102.231672,18.14897],[102.351872,18.045927],[102.45879,17.984639],[102.552531,17.965105],[102.598213,17.926761],[102.596043,17.869607],[102.616817,17.83333],[102.660638,17.817957],[102.680069,17.824106],[102.675211,17.851753],[102.717638,17.892242],[102.807451,17.945572],[102.89866,17.976888],[102.991368,17.986241],[103.051312,18.028512],[103.0912,18.138253]],[[103.09038,18.137059],[103.0912,18.138253]],[[103.0912,18.138253],[103.092343,18.141399]],[[103.0912,18.138253],[103.148516,18.22173],[103.199675,18.259454],[103.263186,18.278471],[103.279619,18.304981],[103.248923,18.338984],[103.251713,18.373478],[103.288249,18.408412],[103.366952,18.42332],[103.487978,18.418153],[103.629675,18.382548],[103.792249,18.316479],[103.898857,18.295292],[103.949552,18.319011],[104.048719,18.216718],[104.196204,17.98836],[104.322656,17.815812],[104.428179,17.698972],[104.539232,17.609287],[104.655917,17.546733],[104.739685,17.461673],[104.816062,17.300288],[104.759012,17.077149],[104.743509,16.88437],[104.75064,16.647537],[104.81937,16.466075],[104.949904,16.339933],[105.025765,16.238001],[105.047159,16.160254],[105.148755,16.09354],[105.330656,16.03791],[105.406311,15.987448],[105.375615,15.94218],[105.373186,15.889676],[105.398921,15.829861],[105.462018,15.780407],[105.562373,15.741262],[105.622111,15.699972],[105.641025,15.656538],[105.638906,15.585948],[105.615652,15.488254],[105.573742,15.41322],[105.513178,15.360871],[105.520309,15.331054],[105.59524,15.323794],[105.66614,15.273332],[105.781688,15.120524],[105.868091,15.032855],[105.906539,14.944359],[105.925866,14.825762],[105.914755,14.712901],[105.873311,14.605724],[105.859513,14.494619],[105.873259,14.379691],[105.864112,14.267372],[105.831969,14.157715],[105.855172,14.070098],[105.93372,14.00452],[105.980539,13.947934],[105.995732,13.900289],[105.996249,13.852023],[105.982296,13.803085],[105.990668,13.751771],[106.021467,13.698105],[106.00462,13.60935],[105.940025,13.485534],[105.918166,13.405229],[105.949327,13.35009],[106.022655,13.195836],[106.025033,13.060753],[105.980901,12.893374],[105.978369,12.68256],[106.01754,12.428311],[105.98457,12.289431],[105.879667,12.265892],[105.763395,12.26411],[105.635754,12.284108],[105.543357,12.20432],[105.486099,12.024796],[105.388947,11.936378],[105.252005,11.938961],[105.168031,11.9201],[105.137128,11.879792],[105.089586,11.8546],[105.025352,11.844523],[105.000031,11.821553],[105.013363,11.785689],[105.001788,11.747061],[104.965097,11.705694],[104.948199,11.662493],[104.951145,11.590921]]]}},{"type":"Feature","properties":{"scalerank":6,"featurecla":"River","name":"Min","note":null,"min_zoom":5,"name_alt":null,"name_en":"Min","min_label":6,"name_zh":null,"major":0},"bbox":[103.71923,28.779355,104.620364,29.537035],"geometry":{"type":"MultiLineString","coordinates":[[[103.71923,29.537035],[103.767134,29.516519],[103.83173,29.386062],[103.865888,29.315782],[103.857103,29.290461],[103.925729,29.223927],[104.144786,29.062335],[104.250516,28.996292],[104.291185,28.948208],[104.302037,28.89604],[104.38043,28.848575],[104.620364,28.779355]]]}},{"type":"Feature","properties":{"scalerank":4,"featurecla":"River","name":"Nanpan","note":null,"min_zoom":4,"name_alt":null,"name_en":"Nanpan","min_label":5,"name_zh":null,"major":0},"bbox":[103.052811,23.802372,106.943633,25.878912],"geometry":{"type":"MultiLineString","coordinates":[[[103.921647,25.878912],[103.854571,25.801164],[103.835657,25.72489],[103.845889,25.57384],[103.882993,25.341451],[103.866766,25.218874],[103.809612,25.128544],[103.712719,25.047825],[103.487771,24.939098],[103.447567,24.934964],[103.415631,24.955273],[103.39217,24.999973],[103.326438,25.012789],[103.218537,24.993669],[103.164742,24.943723],[103.165052,24.863005],[103.131514,24.77394],[103.064025,24.676582],[103.052811,24.608653],[103.097769,24.570128],[103.104849,24.519951],[103.074153,24.458146],[103.080458,24.321384],[103.14557,24.003806],[103.16929,23.87012],[103.195283,23.817823],[103.231611,23.802372],[103.262359,23.809684],[103.287577,23.83976],[103.375737,23.863247],[103.526735,23.880196],[103.610245,23.915905],[103.626264,23.970372],[103.61934,24.02011],[103.589677,24.065146],[103.590814,24.109588],[103.62275,24.153461],[103.674478,24.184881],[103.745895,24.203846],[103.825012,24.270457],[103.911828,24.384739],[103.987328,24.441738],[104.05151,24.441454],[104.150935,24.471582],[104.352938,24.562429],[104.53732,24.741177],[104.681187,24.658805],[104.799939,24.672861],[104.941429,24.755879],[105.056255,24.850215],[105.144415,24.955893],[105.20808,24.991059],[105.247354,24.95579],[105.307919,24.937135],[105.389671,24.935067],[105.450029,24.904863],[105.488993,24.846546],[105.582631,24.789805],[105.731149,24.734615],[105.833055,24.712445],[105.888452,24.723246],[105.942195,24.706942],[105.994388,24.663534],[106.065082,24.688829],[106.154482,24.782803],[106.188175,24.86241],[106.166368,24.927678],[106.230653,24.979225],[106.381238,25.017078],[106.508982,25.070356],[106.613989,25.139086],[106.742456,25.188747],[106.873921,25.215205],[106.943633,25.224688]]]}},{"type":"Feature","properties":{"scalerank":6,"featurecla":"River","name":"Narmada","note":null,"min_zoom":5,"name_alt":null,"name_en":"Narmada","min_label":6,"name_zh":null,"major":0},"bbox":[73.112468,21.750456,81.574277,23.128563],"geometry":{"type":"MultiLineString","coordinates":[[[81.574277,22.753754],[81.280135,22.87726],[81.096477,22.955705],[81.026713,22.968986],[81.009557,22.943251],[80.97297,22.936068],[80.917056,22.947333],[80.877265,22.978598],[80.853701,23.029783],[80.8321,23.040351],[80.81236,23.010224],[80.731693,22.984644],[80.589996,22.96356],[80.508554,22.925319],[80.487367,22.870026],[80.483956,22.787627],[80.498322,22.678151],[80.486488,22.611075],[80.448351,22.586374],[80.410679,22.583531],[80.373368,22.602445],[80.333216,22.657842],[80.290324,22.749645],[80.216582,22.790392],[80.059847,22.774838],[79.962592,22.851655],[79.932723,22.933898],[79.937788,23.047172],[79.83428,23.112078],[79.622096,23.128563],[79.418595,23.121612],[79.223774,23.091175],[79.116236,23.060789],[79.095875,23.030481],[78.99707,23.023608],[78.819613,23.040248],[78.671715,23.037871],[78.553273,23.016477],[78.442013,22.970226],[78.337937,22.899145],[78.257167,22.868346],[78.199806,22.877777],[78.158413,22.85907],[78.133092,22.812174],[78.074904,22.793648],[77.98385,22.803415],[77.91879,22.824628],[77.879722,22.857236],[77.790219,22.825325],[77.650279,22.728949],[77.456751,22.639084],[77.086075,22.514156],[76.884021,22.457699],[76.803199,22.406643],[76.77643,22.342202],[76.713592,22.289157],[76.614786,22.247583],[76.529727,22.254094],[76.45831,22.308664],[76.305555,22.298923],[76.071357,22.224897],[75.607509,22.14609],[74.567366,22.020723],[74.466442,22.034779],[74.38686,22.012068],[74.29498,21.957239],[74.202014,21.93246],[74.108066,21.937731],[73.984818,21.914218],[73.832372,21.861922],[73.702923,21.87174],[73.596469,21.943751],[73.518335,21.981449],[73.468519,21.98486],[73.416894,21.961373],[73.36346,21.911014],[73.310544,21.896803],[73.258144,21.918714],[73.235251,21.908379],[73.241866,21.86572],[73.217888,21.844274],[73.163421,21.844016],[73.134999,21.821356],[73.137324,21.783477],[73.112468,21.750456]]]}},{"type":"Feature","properties":{"scalerank":5,"featurecla":"River","name":"Naryn","note":null,"min_zoom":4.7,"name_alt":null,"name_en":"Naryn","min_label":5.7,"name_zh":null,"major":0},"bbox":[70.355013,40.435362,78.018628,41.87964],"geometry":{"type":"MultiLineString","coordinates":[[[72.653685,41.667431],[72.34931,41.497467],[72.222083,41.376028],[72.17051,41.246372],[72.053204,41.117129],[71.870166,40.988248],[71.597005,40.906599],[71.23372,40.872286],[71.101221,40.841797],[71.061534,40.821953],[71.026394,40.808621],[70.964795,40.796218],[70.863406,40.756376],[70.698352,40.661162],[70.355013,40.435362]],[[77.737199,41.87964],[77.977649,41.868685],[78.018628,41.836258],[77.901116,41.749907],[77.76283,41.623765],[77.673068,41.566559],[77.585735,41.536276],[77.278208,41.517569],[76.750385,41.510438],[76.387772,41.492455],[76.091511,41.449305],[75.881911,41.459433],[75.746984,41.441941],[75.616863,41.400212],[75.477905,41.396595],[75.330214,41.431037],[75.066044,41.446411],[74.685602,41.44269],[74.435798,41.423854],[74.316839,41.389903],[74.179896,41.400497],[74.02497,41.455609],[73.945802,41.518965],[73.942185,41.590588],[73.922393,41.649474],[73.886322,41.695621],[73.797284,41.74014],[73.655174,41.783083],[73.512599,41.797397],[73.297883,41.776003]]]}},{"type":"Feature","properties":{"scalerank":2,"featurecla":"River","name":"Nmai","note":null,"min_zoom":3,"name_alt":null,"name_en":"Nmai","min_label":4,"name_zh":null,"major":0},"bbox":[97.51904,25.62009,98.372683,28.424984],"geometry":{"type":"MultiLineString","coordinates":[[[97.983198,28.424984],[98.192074,28.24993],[98.296874,28.131823],[98.335114,28.008317],[98.341832,27.839955],[98.301731,27.730039],[98.214915,27.678518],[98.153627,27.673557],[98.117763,27.715208],[98.079781,27.726215],[98.039577,27.706681],[98.042109,27.629425],[98.087481,27.494394],[98.17192,27.329082],[98.29553,27.133383],[98.362451,26.973548],[98.372683,26.849576],[98.353615,26.701394],[98.280957,26.442882],[98.157968,26.030143],[98.096266,25.866794],[98.055028,25.815298],[97.976325,25.739876],[97.86026,25.640554],[97.774735,25.62009],[97.719855,25.678433],[97.640842,25.705899],[97.557901,25.70316],[97.51904,25.701016]]]}},{"type":"Feature","properties":{"scalerank":4,"featurecla":"River","name":"Nu","note":null,"min_zoom":4,"name_alt":null,"name_en":"Nu","min_label":5,"name_zh":null,"major":0},"bbox":[96.595582,20.951254,99.088763,30.447909],"geometry":{"type":"MultiLineString","coordinates":[[[96.595582,30.447909],[96.675267,30.44331],[96.706893,30.405612],[96.717125,30.333265],[96.853603,30.245234],[97.116429,30.14152],[97.290424,30.032405],[97.375483,29.91789],[97.424162,29.81663],[97.436358,29.728677],[97.477131,29.635039],[97.54648,29.535717],[97.660324,29.446523],[97.818557,29.367355],[97.949091,29.226227],[98.051928,29.023087],[98.163342,28.870021],[98.343486,28.715457],[98.366637,28.577248],[98.390563,28.521619],[98.422913,28.502498],[98.450663,28.402117],[98.473917,28.220474],[98.535516,28.087562],[98.635458,28.003407],[98.68238,27.913387],[98.676179,27.817475],[98.708942,27.722494],[98.816429,27.581469],[98.868674,27.341122],[98.889189,27.059486],[98.895287,26.656409],[98.884538,26.362267],[98.856943,26.176981],[98.856013,25.931079],[98.881851,25.624534],[98.881851,25.371733],[98.856013,25.172753],[98.871206,24.991446],[98.927326,24.827839],[98.980243,24.722987],[99.029852,24.676918],[99.035795,24.594261],[98.998071,24.475044],[99.015693,24.382595],[99.088763,24.317043],[99.057654,24.247978],[98.922469,24.175476],[98.76439,24.116074],[98.58342,24.069797],[98.472574,24.025872],[98.432008,23.984273],[98.420019,23.932958],[98.436659,23.87198],[98.495931,23.783329],[98.597941,23.667031],[98.638352,23.563265],[98.617371,23.472108],[98.635148,23.416917],[98.691888,23.397694],[98.721241,23.356663],[98.723204,23.293772],[98.654061,23.248142],[98.513708,23.21972],[98.473814,23.173263],[98.534482,23.108693],[98.548435,23.067946],[98.515879,23.050945],[98.504096,23.024383],[98.513088,22.988261],[98.554481,22.952915],[98.628171,22.918395],[98.629257,22.871266],[98.557736,22.811502],[98.55262,22.706211],[98.613909,22.555419],[98.625639,22.432068],[98.587709,22.336156],[98.58745,22.251045],[98.624761,22.176631],[98.676179,22.114619],[98.741601,22.06501],[98.718037,21.994989],[98.605279,21.904555],[98.573859,21.789833],[98.623676,21.650875],[98.628637,21.56442],[98.588742,21.530521],[98.59484,21.48272],[98.647033,21.420967],[98.680623,21.337199],[98.695609,21.231392],[98.72646,21.14473],[98.773072,21.077163],[98.724238,21.020371],[98.50792,20.951254]]]}},{"type":"Feature","properties":{"scalerank":4,"featurecla":"River","name":"Nu","note":null,"min_zoom":4,"name_alt":"Salween","name_en":"Salween","min_label":5,"name_zh":null,"major":0},"bbox":[91.518373,30.437109,96.595582,31.943038],"geometry":{"type":"MultiLineString","coordinates":[[[91.518373,31.943038],[91.545658,31.814854],[91.600022,31.746745],[91.690559,31.695998],[91.755103,31.606521],[91.793602,31.478363],[91.862848,31.417876],[91.962687,31.425111],[92.031933,31.395655],[92.070587,31.329509],[92.133529,31.29902],[92.220759,31.304188],[92.282461,31.347493],[92.318737,31.429012],[92.428291,31.48552],[92.702693,31.532753],[92.86873,31.562622],[92.958285,31.559728],[93.026601,31.534045],[93.156102,31.528929],[93.346788,31.544328],[93.523522,31.536215],[93.686509,31.504486],[93.819318,31.500868],[93.921947,31.525363],[94.106019,31.523347],[94.371429,31.494822],[94.527853,31.467899],[94.575292,31.442577],[94.575654,31.386922],[94.528835,31.30088],[94.531212,31.250754],[94.582785,31.236543],[94.628674,31.196081],[94.669085,31.129341],[94.710116,31.090687],[94.751767,31.080067],[94.821324,31.102365],[94.918682,31.157556],[95.03852,31.186107],[95.180837,31.187967],[95.300881,31.171379],[95.398653,31.13642],[95.486038,31.07415],[95.563036,30.984595],[95.66737,30.956509],[95.799042,30.989892],[95.962443,30.978058],[96.15747,30.920929],[96.28325,30.873335],[96.339577,30.83525],[96.410942,30.720528],[96.497242,30.529196],[96.554189,30.437109],[96.595582,30.447909]]]}},{"type":"Feature","properties":{"scalerank":4,"featurecla":"River","name":"Ob","note":null,"min_zoom":4,"name_alt":null,"name_en":"Ob","min_label":5,"name_zh":null,"major":0},"bbox":[70.353773,52.331586,85.056235,61.304062],"geometry":{"type":"MultiLineString","coordinates":[[[85.056235,52.433596],[84.58908,52.421865],[84.347338,52.392565],[84.175359,52.34187],[84.003276,52.331586],[83.831193,52.361765],[83.728099,52.414269],[83.694096,52.489019],[83.682572,52.592191],[83.698902,52.789491],[83.657509,52.961496],[83.657509,53.040329],[83.685104,53.083323],[83.817189,53.10942],[83.860236,53.174713],[83.848557,53.199337],[83.837601,53.353281],[83.711924,53.418807],[83.492713,53.42878],[83.331534,53.456712],[83.228491,53.502652],[83.128084,53.505055],[83.030209,53.463869],[82.896935,53.437359],[82.72816,53.425421],[82.580624,53.445937],[82.45443,53.498854],[82.387561,53.545104],[82.380016,53.584688],[82.32989,53.630835],[82.236976,53.683649],[82.113624,53.717962],[81.959731,53.733723],[81.867076,53.757546],[81.835553,53.78943],[81.727033,53.799611],[81.541514,53.788138],[81.420074,53.80824],[81.334085,53.885626]],[[70.353773,61.30122],[70.784341,61.304062],[70.978955,61.297551],[71.080964,61.282616],[71.154448,61.250887],[71.199406,61.202363],[71.257491,61.195386],[71.328908,61.230061],[71.447092,61.252799],[71.694673,61.269025],[72.044419,61.254969],[72.222806,61.264452],[72.34652,61.292848],[72.465996,61.288404],[72.581338,61.251197],[72.678386,61.24267],[72.757037,61.262824],[72.906692,61.263444],[73.237422,61.235126],[73.566239,61.19642],[73.710364,61.195903],[73.779301,61.22063],[73.876607,61.214352],[74.002181,61.177041],[74.117574,61.174638],[74.222891,61.207143],[74.313583,61.200657],[74.384535,61.168411],[74.429183,61.168411],[74.449027,61.189082],[74.514553,61.213163],[74.645294,61.215437],[74.750094,61.202466],[74.868433,61.160195],[75.333366,61.12366],[75.534697,61.082396],[75.627405,61.024286],[75.713653,61.010126],[75.793545,61.03997],[75.887079,61.049762],[75.994359,61.03953],[76.134557,60.999739],[76.307673,60.93039],[76.435056,60.905482],[76.516601,60.925119],[76.626207,60.89649],[76.76377,60.819595],[76.960192,60.745491],[77.21537,60.674255],[77.399183,60.648831],[77.511528,60.669243],[77.602323,60.662086],[77.671673,60.627411],[77.713841,60.585966],[77.728827,60.537856],[77.807168,60.48313],[77.948658,60.42179],[78.110819,60.395694],[78.293444,60.404737],[78.340934,60.371354],[78.345327,60.331667],[78.388528,60.304433],[78.437207,60.291772],[78.481132,60.243662],[78.562988,60.196326],[78.682877,60.149869],[78.785352,60.132531],[78.835891,60.140515],[78.871393,60.116434],[78.875992,60.084369],[78.90922,60.064887],[78.96193,60.054552],[78.979138,60.019024],[78.958623,59.980835],[78.951801,59.933345],[78.97919,59.883994],[79.038514,59.841206],[79.129878,59.80498],[79.165845,59.765913],[79.146518,59.723952],[79.148275,59.689018],[79.182692,59.647161],[79.282634,59.557631],[79.387589,59.516988],[79.530939,59.495335],[79.623285,59.460402],[79.664729,59.412084],[79.779244,59.401697],[79.96683,59.429189],[80.093179,59.423608],[80.158188,59.384954],[80.171572,59.349453],[80.133228,59.317155],[80.152038,59.288991],[80.227899,59.265013],[80.29513,59.272558],[80.353731,59.311625],[80.411144,59.330177],[80.467264,59.328291],[80.502301,59.299326],[80.51615,59.243309],[80.616196,59.179541],[80.802438,59.10802],[80.973125,59.091432],[81.128258,59.129776],[81.256467,59.117839],[81.357753,59.055672],[81.410669,59.004047],[81.415217,58.963016],[81.444362,58.944723],[81.478314,58.936506],[81.495935,58.913639],[81.505289,58.885967],[81.534848,58.848243],[81.568127,58.83088],[81.573398,58.797393],[81.541669,58.745226],[81.554433,58.718199],[81.647761,58.700991],[81.704243,58.707476],[81.735404,58.72347],[81.77535,58.735847],[81.858342,58.701921],[81.902474,58.660089],[81.907745,58.610325],[81.964641,58.585107],[82.073058,58.584383],[82.172173,58.549243],[82.261884,58.479687],[82.338675,58.439017],[82.402547,58.427287],[82.434483,58.403903],[82.434586,58.368892],[82.462595,58.359487],[82.518612,58.375533],[82.574836,58.363156],[82.631267,58.322332],[82.734258,58.305434],[82.883809,58.312539],[82.928096,58.283213],[82.934194,58.240218],[82.960962,58.193399],[83.030932,58.150404],[83.097181,58.128183],[83.15971,58.126737],[83.22353,58.057438],[83.288539,57.920341],[83.350706,57.826496],[83.410031,57.776034],[83.549764,57.742212],[83.700349,57.730482],[83.777347,57.699166],[83.816466,57.641185],[83.832537,57.579561],[83.907054,57.506439],[83.942918,57.441404],[83.940127,57.384456],[83.958317,57.339394],[83.997385,57.306166],[84.104562,57.277434],[84.279745,57.253146],[84.343514,57.210462],[84.351265,57.163178],[84.375605,57.13703],[84.406094,57.10915],[84.413897,57.067266],[84.406766,57.010836],[84.436324,56.910687],[84.401391,56.792451],[84.30796,56.690338],[84.144456,56.564971],[84.063944,56.457846],[84.066321,56.368963],[84.053971,56.313927],[84.026789,56.292817],[84.016867,56.263905],[84.024205,56.227214],[83.993561,56.179698],[83.925038,56.121355],[83.886746,56.037949],[83.878787,55.929455],[83.81936,55.832768],[83.708462,55.74776],[83.650223,55.679909],[83.644745,55.629215],[83.535604,55.561053],[83.323007,55.475477],[83.155524,55.436461],[83.033258,55.444084],[82.944064,55.433103],[82.887944,55.403544],[82.868978,55.34024],[82.887272,55.243192],[82.87673,55.172912],[82.837456,55.129348],[82.879055,55.06527],[83.001528,54.980675],[83.053411,54.915072],[83.025351,54.845206]]]}},{"type":"Feature","properties":{"scalerank":5,"featurecla":"River","name":"Pamir","note":null,"min_zoom":4.7,"name_alt":null,"name_en":"Pamir","min_label":5.7,"name_zh":null,"major":0},"bbox":[72.657405,37.029058,73.604634,37.471667],"geometry":{"type":"MultiLineString","coordinates":[[[73.604634,37.446061],[73.481334,37.471667],[73.382942,37.462261],[73.21117,37.408518],[72.89553,37.267545],[72.757089,37.172693],[72.657405,37.029058]]]}},{"type":"Feature","properties":{"scalerank":5,"featurecla":"River","name":"Panj","note":null,"min_zoom":4.7,"name_alt":null,"name_en":"Panj","min_label":5.7,"name_zh":null,"major":0},"bbox":[68.212095,36.684014,72.657405,38.456413],"geometry":{"type":"MultiLineString","coordinates":[[[72.657405,37.029058],[72.358819,36.982937],[72.153508,36.900539],[71.941945,36.766438],[71.802057,36.694298],[71.733741,36.684014],[71.665631,36.696908],[71.597522,36.732926],[71.530859,36.84509],[71.43288,37.127553],[71.505021,37.602925],[71.546155,37.795652],[71.580365,37.864252],[71.582225,37.910089],[71.551943,37.933137],[71.487761,37.931897],[71.389679,37.906317],[71.319967,37.901847],[71.278523,37.918409],[71.282812,38.007913],[71.332732,38.17028],[71.255889,38.306964],[71.05218,38.417862],[70.878857,38.456413],[70.73592,38.422565],[70.615824,38.33443],[70.518569,38.191984],[70.417749,38.075454],[70.313259,37.984814],[70.238741,37.941199],[70.21466,37.92443],[70.199467,37.886008],[70.254968,37.76537],[70.251454,37.664187],[70.188719,37.582487],[70.119834,37.543497],[70.044696,37.547218],[69.984959,37.566157],[69.94062,37.600289],[69.820886,37.609591],[69.625756,37.594036],[69.49212,37.553057],[69.420083,37.486704],[69.399206,37.39932],[69.429695,37.290851],[69.414502,37.207781],[69.353834,37.150058],[69.303915,37.116934],[69.264847,37.108407],[69.180201,37.158275],[69.049977,37.266511],[68.960473,37.325061],[68.911794,37.333949],[68.885284,37.328058],[68.855363,37.316844],[68.838465,37.30284],[68.823737,37.270723],[68.782086,37.257985],[68.723227,37.26801],[68.669173,37.258424],[68.636979,37.224472],[68.546545,37.183467],[68.386865,37.137475],[68.299532,37.088434],[68.284752,37.036344],[68.260981,37.01309],[68.212095,37.021513]]]}},{"type":"Feature","properties":{"scalerank":4,"featurecla":"River","name":"Quan","note":null,"min_zoom":4,"name_alt":null,"name_en":"Quan","min_label":5,"name_zh":null,"major":0},"bbox":[109.528643,23.404851,110.089332,23.796377],"geometry":{"type":"MultiLineString","coordinates":[[[109.528643,23.796377],[109.542802,23.728991],[109.574532,23.700466],[109.628585,23.688374],[109.650651,23.664525],[109.640833,23.628946],[109.663105,23.574685],[109.717469,23.501718],[109.796379,23.453556],[109.899783,23.430198],[109.963242,23.430689],[109.986496,23.45508],[110.020964,23.45167],[110.089332,23.404851]]]}},{"type":"Feature","properties":{"scalerank":4,"featurecla":"River","name":"Salween","note":null,"min_zoom":4,"name_alt":null,"name_en":"Salween","min_label":5,"name_zh":"怒江","major":0},"bbox":[97.331868,16.551626,98.679486,20.951254],"geometry":{"type":"MultiLineString","coordinates":[[[98.50792,20.951254],[98.502339,20.828367],[98.537789,20.711785],[98.612513,20.560554],[98.659746,20.414051],[98.679486,20.272303],[98.552259,20.14859],[98.140811,19.99002],[97.942994,19.960617],[97.865169,19.928603],[97.841398,19.884161],[97.809875,19.858116],[97.770704,19.850365],[97.696084,19.717556],[97.531029,19.330681],[97.457287,18.851614],[97.440234,18.830841],[97.40561,18.82805],[97.353417,18.843243],[97.331868,18.778492],[97.340963,18.633902],[97.380651,18.494298],[97.450827,18.359655],[97.523794,18.295886],[97.599345,18.302966],[97.632263,18.290357],[97.622445,18.258033],[97.65159,18.173723],[97.7197,18.037401],[97.739957,17.935314],[97.698564,17.833537],[97.755408,17.57146],[97.749414,17.443923],[97.699701,17.363592],[97.658567,17.251299],[97.62601,17.107121],[97.608647,16.947364],[97.606477,16.772],[97.622393,16.651981],[97.668437,16.551626]]]}},{"type":"Feature","properties":{"scalerank":2,"featurecla":"River","name":"Selenge (Selenga)","note":null,"min_zoom":2.1,"name_alt":null,"name_en":"Selenge (Selenga)","min_label":3.1,"name_zh":null,"major":0},"bbox":[100.699621,49.263092,107.554087,52.383108],"geometry":{"type":"MultiLineString","coordinates":[[[100.699621,49.263092],[101.060529,49.345567],[101.164244,49.409594],[101.255711,49.43905],[101.369503,49.455328],[101.46681,49.444527],[101.547735,49.406649],[101.695633,49.390784],[101.91071,49.396882],[102.061399,49.385203],[102.147905,49.355799],[102.321124,49.354766],[102.581057,49.382154],[102.73774,49.384867],[102.791225,49.362879],[102.831894,49.36293],[102.859799,49.384996],[102.976381,49.376806],[103.18164,49.33841],[103.444415,49.361483],[103.764705,49.446026],[104.012081,49.484008],[104.186644,49.47543],[104.341776,49.512611],[104.477478,49.595552],[104.762836,49.692471],[105.197641,49.80342],[105.600201,49.957649],[106.155412,50.253987],[106.082962,50.375168],[106.114691,50.446275],[106.226312,50.507589],[106.270599,50.558878],[106.247551,50.600116],[106.255148,50.643886],[106.293388,50.690136],[106.30052,50.75083],[106.276645,50.825942],[106.276542,50.885421],[106.300416,50.929269],[106.393641,50.97446],[106.556215,51.020917],[106.67936,51.090706],[106.76292,51.183775],[106.851494,51.251885],[106.991537,51.31661],[107.063264,51.424122],[107.147806,51.478047],[107.269039,51.51422],[107.390582,51.60915],[107.512435,51.762887],[107.554087,51.853321],[107.515536,51.880399],[107.501893,51.932438],[107.512952,52.009281],[107.499775,52.073566],[107.462258,52.125191],[107.349655,52.144828],[107.162069,52.132374],[106.999598,52.103745],[106.862449,52.05889],[106.753102,52.054962],[106.671815,52.092066],[106.615229,52.145138]],[[106.615229,52.145138],[106.583293,52.214178],[106.613524,52.265647],[106.751965,52.316497]],[[106.615229,52.145138],[106.499267,52.233918],[106.476943,52.289987],[106.497304,52.383108]]]}},{"type":"Feature","properties":{"scalerank":3,"featurecla":"River","name":"Shiquan","note":null,"min_zoom":3,"name_alt":null,"name_en":"Shiquan","min_label":4,"name_zh":null,"major":0},"bbox":[79.734596,31.400048,81.639803,32.553],"geometry":{"type":"MultiLineString","coordinates":[[[81.639803,31.449579],[81.5488,31.404466],[81.50038,31.400048],[81.446119,31.431829],[81.29295,31.535233],[81.225048,31.602257],[81.191355,31.667318],[81.187427,31.742662],[81.213162,31.82829],[81.268094,31.899862],[81.35212,31.957481],[81.365918,32.001897],[81.30959,32.033187],[81.281892,32.07998],[81.282822,32.142302],[81.251506,32.223873],[81.187841,32.324642],[81.028884,32.419624],[80.774739,32.508817],[80.534651,32.553],[80.308618,32.552148],[80.080415,32.524733],[79.734596,32.443937]]]}},{"type":"Feature","properties":{"scalerank":4,"featurecla":"River","name":"Shishhid Gol","note":null,"min_zoom":4,"name_alt":null,"name_en":"Shishhid Gol","min_label":5,"name_zh":null,"major":0},"bbox":[98.000251,50.55247,99.491426,51.514091],"geometry":{"type":"MultiLineString","coordinates":[[[98.808987,50.626988],[98.985101,50.556656],[99.06308,50.55247],[99.120906,50.610244],[99.206586,50.750546],[99.321928,50.80925],[99.402543,50.898082],[99.47768,51.048047],[99.491426,51.148816],[99.443574,51.200338],[99.466415,51.329089],[99.423937,51.349476]],[[99.309835,51.410428],[99.004221,51.472569],[98.764029,51.474455],[98.487456,51.436783],[98.261941,51.441977],[98.000251,51.514091]]]}},{"type":"Feature","properties":{"scalerank":6,"featurecla":"River","name":"Songhua","note":null,"min_zoom":5,"name_alt":"Sungari","name_en":"Sungari","min_label":6,"name_zh":"松花江","major":0},"bbox":[124.674592,45.389116,132.561862,47.768506],"geometry":{"type":"MultiLineString","coordinates":[[[124.674592,45.450456],[124.814428,45.445857],[124.87458,45.466424],[124.901762,45.510607],[124.946823,45.522751],[125.009869,45.502856],[125.051727,45.466166],[125.072294,45.412732],[125.155596,45.389116],[125.30153,45.395317],[125.393618,45.420019],[125.431962,45.46322],[125.548957,45.48818],[125.744604,45.494898],[125.887955,45.549623],[125.978802,45.652356],[126.107166,45.701707],[126.272841,45.697728],[126.415054,45.710957],[126.533703,45.741446],[126.63008,45.796507],[126.704184,45.876166],[126.801697,45.942984],[126.92262,45.997038],[127.083437,45.997632],[127.284045,45.944741],[127.416078,45.922262],[127.479434,45.930117],[127.527028,45.960709],[127.558705,46.014091],[127.640302,46.01143],[127.771664,45.952751],[127.910157,45.92159],[128.055574,45.917973],[128.186626,45.931615],[128.303208,45.962569],[128.418859,45.959107],[128.533478,45.921254],[128.647889,45.919885],[128.761888,45.955076],[128.859659,45.948255],[128.941205,45.899421],[129.036083,45.899007],[129.1445,45.946963],[129.246509,46.041738],[129.342111,46.183331],[129.431718,46.276504],[129.51533,46.321307],[129.577187,46.381769],[129.617391,46.457836],[129.702192,46.524706],[129.831486,46.582351],[129.915099,46.648936],[129.953029,46.724487],[130.002845,46.763813],[130.064547,46.766913],[130.103511,46.784457],[130.119634,46.816445],[130.178752,46.832956],[130.331921,46.834609]],[[132.561862,47.768506],[132.41412,47.566761],[132.30038,47.480229],[132.142146,47.400389],[132.044478,47.333752],[132.007374,47.280319],[131.704964,47.237427],[131.137247,47.205078],[130.80967,47.150714],[130.722336,47.074233],[130.645184,47.027388],[130.578314,47.010206],[130.53072,46.970467],[130.502505,46.908222],[130.448813,46.867114],[130.330164,46.837193]]]}},{"type":"Feature","properties":{"scalerank":6,"featurecla":"River","name":"Sutlej","note":null,"min_zoom":5,"name_alt":null,"name_en":"Sutlej","min_label":6,"name_zh":null,"major":0},"bbox":[71.014146,29.326246,81.375736,31.836894],"geometry":{"type":"MultiLineString","coordinates":[[[81.375736,30.758149],[81.293777,30.792281]],[[81.199313,30.852096],[80.873958,31.05397],[80.731228,31.121253],[80.628392,31.121253],[80.53403,31.066373],[80.474499,31.05335],[80.418172,31.063892],[80.295595,31.124612],[80.106563,31.235406],[79.980421,31.335917],[79.917065,31.426196],[79.795471,31.480869],[79.61574,31.500041],[79.455595,31.550374],[79.315138,31.63192],[79.170806,31.669773],[79.022701,31.663882],[78.922139,31.69698],[78.869119,31.769121],[78.811345,31.815733],[78.74861,31.836894],[78.651665,31.804467],[78.52051,31.718426],[78.45178,31.656673],[78.445476,31.619156],[78.404806,31.600423],[78.329669,31.600423],[78.284452,31.580605],[78.269052,31.540969],[78.153401,31.531822],[77.937393,31.553216],[77.756526,31.511514],[77.610798,31.406817],[77.495456,31.355502],[77.410603,31.357569],[77.352984,31.337984],[77.322702,31.29672],[77.270457,31.267239],[77.196146,31.249566],[77.0899,31.272743],[76.951613,31.33677],[76.882884,31.38023],[76.883711,31.403122],[76.854255,31.41307],[76.764648,31.408626]],[[76.435056,31.422268],[76.383793,31.407386],[76.369582,31.38656],[76.375266,31.354882],[76.534998,31.143681],[76.566934,31.05335],[76.52611,31.003017],[76.360022,30.989013],[76.06867,31.011363],[75.791116,31.013198],[75.527463,30.994491],[75.304996,31.034695],[75.123818,31.133785],[74.983982,31.177115],[74.88559,31.164765],[74.727511,31.092263],[74.509747,30.959661],[74.380401,30.893412],[74.33937,30.893567],[74.215605,30.768975],[74.009002,30.519688],[73.805656,30.363367],[73.505415,30.268308],[73.381805,30.229266],[73.325375,30.194436],[73.294989,30.150744],[73.268117,30.139349],[73.24476,30.160227],[73.157943,30.12364],[73.007771,30.029589],[72.858323,29.960084],[72.709805,29.915022],[72.631257,29.875851],[72.622679,29.842546],[72.554362,29.829032],[72.426102,29.835285],[72.308589,29.793711],[72.201619,29.70426],[72.15263,29.639509],[72.161518,29.599486],[72.120539,29.557473],[72.029692,29.513444],[71.9051,29.486986],[71.746866,29.478098],[71.650128,29.452156],[71.614988,29.409161],[71.56481,29.382393],[71.499595,29.371851],[71.418101,29.382083],[71.320433,29.413089],[71.209122,29.413089],[71.014146,29.326246]]]}},{"type":"Feature","properties":{"scalerank":6,"featurecla":"River","name":"Tarim","note":null,"min_zoom":5,"name_alt":null,"name_en":"Tarim","min_label":6,"name_zh":null,"major":0},"bbox":[80.888014,40.467143,86.753392,41.825509],"geometry":{"type":"MultiLineString","coordinates":[[[80.888014,40.467143],[81.026197,40.518612],[81.129033,40.534942],[81.242411,40.533237],[81.34256,40.574475],[81.42948,40.658656],[81.546268,40.706689],[81.693029,40.718626],[81.809611,40.7525],[81.895911,40.80831],[82.12122,40.886342],[82.485539,40.986594],[82.749037,41.004164],[82.911818,40.938974],[83.082299,40.927967],[83.260376,40.971117],[83.454989,40.998092],[83.666139,41.008893],[83.792901,41.001115],[83.835379,40.974812],[83.895996,40.997653],[83.974854,41.069638],[84.091333,41.131262],[84.245638,41.182448],[84.476529,41.194954],[84.784004,41.168779],[84.984353,41.129376],[85.077474,41.076718],[85.218396,41.02822],[85.407015,40.983829],[85.617028,40.992511],[85.848435,41.054264],[86.03788,41.07062],[86.185365,41.041578],[86.334865,41.03734],[86.486277,41.057908],[86.505345,41.099714],[86.392174,41.162837],[86.344528,41.206477],[86.371607,41.242806],[86.381839,41.278204],[86.368196,41.285026],[86.33409,41.275104],[86.26567,41.297428],[86.162937,41.35205],[86.060825,41.382384],[85.959229,41.388482],[85.876857,41.426361],[85.813605,41.495969],[85.78632,41.5709],[85.795001,41.651153],[85.828901,41.706679],[85.888019,41.737504],[85.973492,41.752542],[86.085319,41.751715],[86.164798,41.772463],[86.211927,41.814786],[86.304738,41.819256],[86.443127,41.785925],[86.572628,41.78329],[86.753392,41.825509]]]}},{"type":"Feature","properties":{"scalerank":6,"featurecla":"River","name":"Tom’","note":null,"min_zoom":5,"name_alt":null,"name_en":"Tom’","min_label":6,"name_zh":null,"major":0},"bbox":[84.436324,53.435137,89.771089,56.910687],"geometry":{"type":"MultiLineString","coordinates":[[[89.771089,53.646028],[89.394782,53.435137],[89.176397,53.440614],[89.080124,53.482963],[89.033047,53.563966],[88.975479,53.621017],[88.907369,53.654116],[88.744485,53.676724],[88.486827,53.688816],[88.315984,53.683597],[88.231752,53.661144],[88.11548,53.67768],[87.966962,53.733232],[87.788213,53.776795],[87.57913,53.808344],[87.401208,53.809868],[87.254344,53.781291],[87.178896,53.798319],[87.174659,53.860899],[87.249124,53.937328],[87.40219,54.027504],[87.491435,54.105483],[87.516963,54.171164],[87.512054,54.231987],[87.476604,54.287849],[87.484459,54.343505],[87.535619,54.39885],[87.539804,54.474789],[87.496913,54.571269],[87.399865,54.634857],[87.172798,54.680952],[87.087222,54.715834],[87.069445,54.749733],[87.05141,54.830478],[87.057405,54.855515],[87.102983,54.896443],[87.121225,54.945096],[87.11213,55.001501],[87.03999,55.026151],[86.842483,55.066639],[86.801245,55.10258],[86.715462,55.140407],[86.593764,55.142552],[86.436151,55.109014],[86.370832,55.163868],[86.337655,55.235905],[86.262311,55.332282],[86.165625,55.385276],[86.047699,55.394914],[85.96698,55.434033],[85.923676,55.502607],[85.833138,55.570846],[85.695576,55.638775],[85.537033,55.669626],[85.357715,55.663321],[85.193798,55.679677],[85.04528,55.718718],[84.967145,55.766157],[84.959187,55.821994],[84.97748,55.865944],[84.989366,55.917001],[84.983785,55.953407],[84.957843,55.994567],[84.947094,56.048517],[84.950143,56.140992],[84.916399,56.199361],[84.906063,56.234604],[84.910921,56.294962],[84.898415,56.342711],[84.899862,56.37842],[84.943374,56.401881],[84.947301,56.447718],[84.911541,56.515879],[84.856247,56.566728],[84.781523,56.600215],[84.716669,56.663105],[84.661789,56.755451],[84.597297,56.807437],[84.523193,56.819168],[84.473687,56.846427],[84.436324,56.910687]]]}},{"type":"Feature","properties":{"scalerank":1,"featurecla":"River","name":"Tongtian","note":null,"min_zoom":2,"name_alt":null,"name_en":"Tongtian","min_label":3,"name_zh":null,"major":0},"bbox":[92.992805,31.689797,98.54151,34.74067],"geometry":{"type":"MultiLineString","coordinates":[[[92.992805,34.100296],[93.094504,34.194502],[93.262039,34.222356],[93.529206,34.215225],[93.70656,34.23897],[93.837611,34.320903],[94.010469,34.501254],[94.117181,34.566986],[94.215469,34.578148],[94.338046,34.628791],[94.48491,34.718966],[94.660713,34.74067],[94.865249,34.693955],[95.018159,34.62445],[95.119342,34.532156],[95.212049,34.485983],[95.296282,34.485932],[95.398291,34.442213],[95.518077,34.354854],[95.575386,34.293101],[95.570322,34.257031],[95.59585,34.229436],[95.652177,34.210367],[95.756977,34.111407],[95.910456,33.932606],[96.023007,33.823621],[96.094734,33.78445],[96.152509,33.770239],[96.19633,33.781039],[96.222375,33.769334],[96.23054,33.735073],[96.276015,33.724996],[96.358801,33.739104],[96.418125,33.715281],[96.454092,33.653502],[96.52923,33.603789],[96.643538,33.566143],[96.701881,33.516327],[96.704258,33.454367],[96.7225,33.406488],[96.756709,33.37264],[96.780584,33.364269],[96.794227,33.381322],[96.807869,33.37078],[96.821512,33.332591],[96.873033,33.320499],[96.962433,33.334451],[97.011268,33.309698],[97.019691,33.24624],[97.084751,33.143662],[97.206501,33.001965],[97.290734,32.92259],[97.337346,32.905511],[97.37817,32.847763],[97.413,32.749423],[97.624253,32.614056],[98.011723,32.441741],[98.209127,32.329707],[98.216362,32.278004],[98.278167,32.185116],[98.394542,32.051016],[98.445909,31.941306],[98.432266,31.855989],[98.454487,31.782427],[98.54151,31.689797]]]}},{"type":"Feature","properties":{"scalerank":1,"featurecla":"River","name":"Tuotuo","note":null,"min_zoom":2,"name_alt":null,"name_en":"Tuotuo","min_label":3,"name_zh":null,"major":0},"bbox":[90.794696,34.090529,92.992805,34.320903],"geometry":{"type":"MultiLineString","coordinates":[[[90.794696,34.300413],[91.151574,34.320903],[91.646582,34.28137],[91.853081,34.235275],[91.936073,34.169439],[92.037256,34.164892],[92.156628,34.221632],[92.308609,34.240081],[92.493094,34.220237],[92.619701,34.179568],[92.688224,34.118021],[92.79013,34.090529],[92.992805,34.100296]]]}},{"type":"Feature","properties":{"scalerank":4,"featurecla":"River","name":"Verkhniy Yenisey","note":null,"min_zoom":4,"name_alt":null,"name_en":"Verkhniy Yenisey","min_label":5,"name_zh":null,"major":0},"bbox":[91.367426,51.566026,94.464756,58.100097],"geometry":{"type":"MultiLineString","coordinates":[[[94.464756,51.73369],[94.070207,51.604163],[93.646357,51.566026],[92.769356,51.581115],[92.349692,51.701134],[92.151616,51.795753],[92.035241,51.904997],[92.068468,52.012019],[92.2513,52.116767],[92.376615,52.213816],[92.444415,52.303061],[92.43811,52.377604],[92.357598,52.437394],[92.31388,52.499948],[92.307007,52.565216],[92.172493,52.596583],[91.91039,52.593999],[91.768745,52.615703],[91.747558,52.661747],[91.671593,52.67725],[91.540852,52.662264],[91.439463,52.674408],[91.367426,52.713579],[91.378123,52.796726],[91.471657,52.923902],[91.500699,53.011648],[91.465249,53.059914],[91.454346,53.101514],[91.467885,53.136395],[91.537803,53.160373],[91.6641,53.173395],[91.78802,53.229568],[91.90946,53.328838],[91.954832,53.398059],[91.924136,53.437178],[91.847448,53.478597],[91.724769,53.522366],[91.63387,53.569676],[91.574648,53.620552],[91.558887,53.659671],[91.586482,53.687008],[91.578007,53.709332],[91.510931,53.735428]],[[92.998076,58.100097],[92.989187,58.048679],[93.028255,58.028887],[93.112539,58.023539],[93.176463,57.979614],[93.220181,57.896983],[93.305344,57.636741],[93.305085,57.515508],[93.262142,57.419054],[93.293252,57.332341],[93.398361,57.255394],[93.452828,57.182763],[93.456652,57.114395],[93.437636,57.062719],[93.395829,57.027682],[93.38291,56.993266],[93.456963,56.860871],[93.508949,56.822992],[93.579746,56.801701],[93.65695,56.725892],[93.740769,56.595564],[93.735085,56.480145],[93.64,56.379608],[93.54998,56.316976],[93.465024,56.292249],[93.417792,56.262148],[93.408283,56.226646],[93.344825,56.195097],[93.227519,56.16745],[93.161787,56.130889],[93.147627,56.085414],[92.934617,56.034926],[92.522653,55.979452],[92.299772,55.922788],[92.265976,55.864859],[92.301477,55.813131],[92.406381,55.767501],[92.470046,55.715773],[92.492577,55.657947],[92.479968,55.597537],[92.408448,55.503124]]]}},{"type":"Feature","properties":{"scalerank":6,"featurecla":"River","name":"Xar Moron","note":null,"min_zoom":5,"name_alt":null,"name_en":"Xar Moron","min_label":6,"name_zh":null,"major":0},"bbox":[117.172311,42.592181,120.758552,43.423448],"geometry":{"type":"MultiLineString","coordinates":[[[117.208691,42.592181],[117.172311,42.613162],[117.178925,42.645459],[117.216236,42.696051],[117.22962,42.747779],[117.213652,42.82705],[117.188692,42.8856],[117.194222,42.93477],[117.221817,42.994017],[117.347184,43.063212],[117.570116,43.142302],[117.745609,43.185168],[117.873663,43.191731],[118.015774,43.220205],[118.172043,43.270589],[118.470526,43.276144],[118.911326,43.236922],[119.219731,43.228524],[119.483798,43.262114],[120.758552,43.423448]]]}},{"type":"Feature","properties":{"scalerank":4,"featurecla":"River","name":"Xi","note":null,"min_zoom":4,"name_alt":null,"name_en":"Xi","min_label":5,"name_zh":null,"major":0},"bbox":[111.301403,22.178388,113.55217,23.48066],"geometry":{"type":"MultiLineString","coordinates":[[[113.035354,22.795301],[113.094937,22.730292],[113.165527,22.575599],[113.213689,22.48346],[113.263971,22.362821],[113.415744,22.178388]],[[113.035354,22.795301],[113.299162,22.698356],[113.395435,22.650607],[113.443701,22.599034],[113.491864,22.590689],[113.55217,22.58733]],[[112.979905,23.041126],[113.445303,23.055079]],[[112.804722,23.14789],[112.819088,23.081796],[112.891228,22.917749],[112.963317,22.822251],[113.035354,22.795301]],[[112.804722,23.14789],[112.912467,23.11275],[112.973601,23.052082],[113.02414,22.954206],[113.090338,22.906923],[113.213276,22.912013],[113.337816,22.888836]],[[111.301403,23.48066],[111.43323,23.449112],[111.498755,23.375266],[111.54206,23.248659],[111.707011,23.161429],[112.137166,23.089702],[112.270905,23.142102],[112.35276,23.131715],[112.427484,23.076008],[112.497557,23.077506],[112.563083,23.136211],[112.642665,23.165124],[112.736199,23.164271],[112.804722,23.14789]]]}},{"type":"Feature","properties":{"scalerank":6,"featurecla":"River","name":"Xiliao","note":null,"min_zoom":5,"name_alt":null,"name_en":"Xiliao","min_label":6,"name_zh":null,"major":0},"bbox":[120.758552,43.423448,123.553937,43.815465],"geometry":{"type":"MultiLineString","coordinates":[[[120.758552,43.423448],[121.059102,43.509438],[121.349317,43.516853],[121.729345,43.474349],[122.029895,43.520755],[122.251071,43.656044],[122.448991,43.747588],[122.623761,43.795389],[122.769385,43.815465],[122.886122,43.807766],[123.017019,43.765081],[123.162023,43.68736],[123.269096,43.646664],[123.338239,43.642969],[123.404592,43.627518],[123.468154,43.600181],[123.513474,43.560778],[123.553937,43.483496]]]}},{"type":"Feature","properties":{"scalerank":4,"featurecla":"River","name":"Xun","note":null,"min_zoom":4,"name_alt":null,"name_en":"Xun","min_label":5,"name_zh":null,"major":0},"bbox":[110.089229,23.396583,111.301403,23.555488],"geometry":{"type":"MultiLineString","coordinates":[[[110.089229,23.407951],[110.200747,23.545075],[110.333969,23.555488],[110.622116,23.449603],[110.745313,23.46632],[110.813526,23.446786],[110.867993,23.396583],[110.996719,23.398779],[111.301403,23.48066]]]}},{"type":"Feature","properties":{"scalerank":6,"featurecla":"River","name":"Yamuna","note":null,"min_zoom":5,"name_alt":null,"name_en":"Yamuna","min_label":6,"name_zh":null,"major":0},"bbox":[77.073673,25.288741,81.903146,30.915168],"geometry":{"type":"MultiLineString","coordinates":[[[78.339952,30.915168],[78.072372,30.737659],[77.986692,30.567695],[77.942199,30.517905],[77.910263,30.531573],[77.814713,30.511006],[77.655446,30.456203],[77.574418,30.391169],[77.570077,30.278281],[77.527754,30.202653],[77.442746,30.127257],[77.300843,30.026901],[77.187,29.871407],[77.101113,29.660851],[77.073673,29.537629],[77.104782,29.501765],[77.106643,29.469106],[77.094344,29.450399],[77.092742,29.427481],[77.120544,29.401281],[77.144625,29.340328],[77.137494,29.191061],[77.155632,29.065926],[77.19904,28.964951],[77.221261,28.858032],[77.222191,28.745171],[77.248856,28.64652],[77.327404,28.519758],[77.454632,28.424932],[77.489358,28.373824],[77.474062,28.334782],[77.484449,28.281685],[77.520519,28.214609],[77.520881,28.147481],[77.485638,28.080405],[77.49587,27.98452],[77.55168,27.859798],[77.607181,27.797425],[77.662268,27.797322],[77.681233,27.749211],[77.663973,27.653093],[77.667952,27.60077],[77.693067,27.592244],[77.700405,27.569713],[77.689863,27.533152],[77.711464,27.466903],[77.765311,27.370991],[77.821431,27.305104],[77.879929,27.26924],[77.92003,27.262936],[77.941734,27.28619],[77.966435,27.289833],[77.994237,27.273891],[78.01222,27.244539],[78.020489,27.201854],[78.068444,27.183147],[78.156088,27.188418],[78.203423,27.164931],[78.210348,27.112686],[78.249105,27.096072],[78.292048,27.106046],[78.308637,27.095427],[78.312926,27.079019],[78.326982,27.061863],[78.383102,27.057935],[78.436897,27.024346],[78.488264,26.961068],[78.507591,26.953316],[78.521802,26.960422],[78.543764,26.957967],[78.60898,26.910192],[78.663395,26.894483],[78.707113,26.910838],[78.778995,26.879807],[78.878938,26.801362],[78.947874,26.762139],[78.985804,26.762139],[79.024407,26.721186],[79.063784,26.639253],[79.135769,26.579515],[79.240363,26.541972],[79.262532,26.511302],[79.261963,26.48536],[79.251473,26.471614],[79.265839,26.445931],[79.280205,26.432857],[79.311004,26.427509],[79.401851,26.436475],[79.47301,26.416166],[79.493784,26.371853],[79.518278,26.359167],[79.5359,26.354748],[79.544737,26.334904],[79.537812,26.306121],[79.592072,26.243928],[79.712272,26.155768],[79.804256,26.107554],[79.868025,26.099363],[79.91226,26.112102],[79.931587,26.125098],[79.947348,26.125098],[79.956288,26.094997],[79.988999,26.072001],[80.049874,26.071122],[80.080311,26.052725],[80.080415,26.01681],[80.113126,25.979241],[80.211259,25.920485],[80.44215,25.889324],[80.524315,25.869997],[80.534754,25.852143],[80.522765,25.83509],[80.488555,25.818786],[80.524264,25.781424],[80.629994,25.72303],[80.7165,25.702411],[80.783783,25.719516],[80.843934,25.717449],[80.896954,25.696158],[80.930389,25.667684],[80.944341,25.632079],[80.969249,25.617145],[81.005216,25.622829],[81.021753,25.604897],[81.018859,25.563298],[81.059063,25.530561],[81.142262,25.50666],[81.181226,25.465629],[81.175852,25.407442],[81.221534,25.367237],[81.318375,25.344913],[81.37739,25.318739],[81.398577,25.288741],[81.472061,25.294839],[81.597738,25.337033],[81.69427,25.351089],[81.761656,25.337007],[81.803617,25.351579],[81.82005,25.394781],[81.847025,25.415968],[81.903146,25.414625]]]}},{"type":"Feature","properties":{"scalerank":1,"featurecla":"River","name":"Yangtze","note":null,"min_zoom":2,"name_alt":null,"name_en":"Yangtze","min_label":3,"name_zh":"长江","major":1},"bbox":[113.1277,29.462776,120.073942,32.235371],"geometry":{"type":"MultiLineString","coordinates":[[[113.1277,29.462776],[113.166354,29.484428],[113.209607,29.537836],[113.530156,29.831616],[113.696347,29.949283],[113.760323,29.938741],[113.859852,29.972331],[113.994727,30.050052],[114.011057,30.124466],[113.908841,30.195522],[113.885276,30.246164],[113.940467,30.276292],[113.989559,30.278566],[114.032451,30.252986],[114.11627,30.328382],[114.288456,30.572088],[114.303235,30.593043],[114.395943,30.664433],[114.472011,30.661281],[114.557948,30.6033],[114.66187,30.582139],[114.783826,30.597823],[114.840929,30.564543],[114.833177,30.482274],[114.885215,30.423105],[114.997146,30.387086],[115.057815,30.335797],[115.067323,30.26929],[115.101533,30.229215],[115.160444,30.215572],[115.251808,30.127903],[115.375625,29.966233],[115.504402,29.87921],[115.638038,29.866911],[115.750899,29.82849],[115.842728,29.763998],[115.982823,29.74604],[116.171132,29.774565],[116.211853,29.785159]],[[116.19759,29.751388],[116.211853,29.785159]],[[116.211853,29.785159],[116.327194,29.815183],[116.451115,29.86779],[116.543925,29.931403],[116.605627,30.006024],[116.682935,30.06137],[116.775849,30.097388],[116.846698,30.167694],[116.895532,30.272235],[116.913205,30.349207],[116.899563,30.39861],[116.971961,30.445997],[117.130401,30.491369],[117.212205,30.552321],[117.217373,30.628828],[117.246622,30.673994],[117.326617,30.694768],[117.604636,30.776468],[117.724887,30.886384],[117.779974,31.051748],[117.843794,31.124199],[117.916451,31.103787],[117.968076,31.129573],[117.998772,31.20161],[118.089361,31.255224],[118.239946,31.290442],[118.31188,31.34062],[118.30542,31.405758],[118.33317,31.50986],[118.395182,31.652952],[118.514658,31.841132],[118.691753,32.074425],[118.961401,32.203203],[119.323601,32.227387],[119.530203,32.228834],[119.643064,32.235371],[119.770964,32.206949],[119.866823,32.100341],[119.941496,32.039957],[120.073942,31.960272]]]}},{"type":"Feature","properties":{"scalerank":6,"featurecla":"River","name":"Yarkant","note":null,"min_zoom":5,"name_alt":null,"name_en":"Yarkant","min_label":6,"name_zh":null,"major":0},"bbox":[75.940616,35.520675,80.888014,40.467143],"geometry":{"type":"MultiLineString","coordinates":[[[77.524912,35.520675],[77.637618,35.582144],[77.683455,35.630797],[77.708363,35.715236],[77.585063,35.856675],[77.597362,35.970802],[77.704229,36.104799],[77.701025,36.195698],[77.58775,36.243473],[77.511062,36.307965],[77.470858,36.389123],[77.357894,36.437079],[77.172168,36.451806],[77.016622,36.440231],[76.891462,36.402378],[76.782631,36.38765],[76.690131,36.396047],[76.520012,36.430257],[76.464201,36.468265],[76.435262,36.524334],[76.341263,36.586449],[76.182203,36.654714],[76.058128,36.755638],[75.969038,36.889222],[75.947127,37.011281],[75.992395,37.121817],[75.988003,37.212251],[75.940616,37.272402],[75.951571,37.292711],[75.969554,37.302995],[76.005935,37.296432],[76.056268,37.285528],[76.141947,37.310591],[76.213571,37.382292],[76.22897,37.522878],[76.187939,37.732374],[76.216361,37.874794],[76.314133,37.950216],[76.401776,37.989464],[76.479394,37.992513],[76.522906,37.978432],[76.532518,37.947193],[76.596803,37.91934],[76.715866,37.894845],[76.926912,37.996777],[77.229943,38.225135],[77.368487,38.400292],[77.342546,38.522248],[77.390346,38.655212],[77.511993,38.799182],[77.568423,38.905016],[77.559845,38.972764],[77.578552,39.039633],[77.624751,39.105675],[77.669606,39.141074],[77.713117,39.145905],[77.802414,39.204093],[77.93729,39.315663],[78.121154,39.424674],[78.353905,39.531127],[78.607378,39.596834],[78.881573,39.62182],[79.100836,39.660474],[79.265167,39.712873],[79.59724,39.862063],[80.096951,40.108146],[80.376831,40.274415],[80.436775,40.360844],[80.572064,40.419859],[80.888014,40.467143]]]}},{"type":"Feature","properties":{"scalerank":2,"featurecla":"River","name":"Yarlung","note":null,"min_zoom":2.1,"name_alt":"Brahmaputra","name_en":"Brahmaputra","min_label":3.1,"name_zh":null,"major":0},"bbox":[87.66021,29.012545,94.356029,29.380533],"geometry":{"type":"MultiLineString","coordinates":[[[87.66021,29.151528],[87.747234,29.288187],[87.823301,29.349062],[87.917249,29.379706],[88.015434,29.380533],[88.11765,29.351594],[88.181936,29.34733],[88.208187,29.367743],[88.25666,29.36627],[88.32725,29.342964],[88.429672,29.336142],[88.630797,29.350664],[89.403618,29.366011],[89.698794,29.359035],[89.77388,29.334851],[89.862143,29.33392],[89.963326,29.356348],[90.081975,29.359707],[90.217987,29.344101],[90.32134,29.315472],[90.392033,29.273924],[90.505618,29.278497],[90.662094,29.329244],[90.74643,29.339863],[90.758626,29.310408],[90.785911,29.307875],[90.828389,29.332267],[90.896705,29.337434],[91.037989,29.316505],[92.076168,29.281159],[92.46524,29.231343],[92.551281,29.155275],[92.694528,29.101325],[92.89493,29.069492],[93.02288,29.072541],[93.078381,29.110472],[93.116932,29.106518],[93.138326,29.06063],[93.182664,29.029288],[93.24974,29.012545],[93.33113,29.049597],[93.426732,29.140444],[93.568119,29.178323],[93.755291,29.163233],[93.931559,29.171062],[94.096923,29.201784],[94.223737,29.240231],[94.356029,29.309529]]]}},{"type":"Feature","properties":{"scalerank":6,"featurecla":"River","name":"Yuan","note":null,"min_zoom":5,"name_alt":null,"name_en":"Yuan","min_label":6,"name_zh":null,"major":0},"bbox":[107.50086,26.16352,113.1277,29.462776],"geometry":{"type":"MultiLineString","coordinates":[[[107.504787,26.337592],[107.50086,26.238502],[107.518998,26.191477],[107.557962,26.16352],[107.61,26.166672],[107.707772,26.218116],[107.779809,26.357952],[107.800273,26.431514],[107.793245,26.485386],[107.826318,26.529544],[107.899595,26.564012],[107.95923,26.616774],[108.005222,26.68788],[108.071833,26.752889],[108.158908,26.8118],[108.250892,26.83906],[108.34763,26.834667],[108.395999,26.816761],[108.396102,26.78529],[108.453463,26.725036],[108.568081,26.635997],[108.644769,26.617704],[108.683423,26.670259],[108.71784,26.695994],[108.747915,26.695012],[108.76192,26.67925],[108.759749,26.648761],[108.795354,26.614138],[108.868632,26.575381],[108.961287,26.573365],[109.073219,26.608195],[109.194297,26.678682],[109.38984,26.837871],[109.437796,26.893553],[109.443894,26.954221],[109.42405,27.038402],[109.440638,27.079898],[109.493658,27.078683],[109.556032,27.107105],[109.627758,27.165138],[109.667343,27.177334],[109.674887,27.143692],[109.691941,27.128319],[109.718709,27.131212],[109.739793,27.151883],[109.755296,27.190382],[109.822992,27.188832],[109.942985,27.147206],[110.050523,27.190356],[110.216818,27.422719],[110.263844,27.503722],[110.283791,27.566406],[110.276608,27.61077],[110.299035,27.653454],[110.350815,27.694408],[110.366731,27.72929],[110.346784,27.758048],[110.348335,27.79081],[110.371382,27.827501],[110.346836,27.862744],[110.274592,27.896489],[110.250666,27.92721],[110.275161,27.954909],[110.252113,27.980721],[110.18173,28.004596],[110.135479,28.036429],[110.113465,28.076142],[110.12809,28.128438],[110.179249,28.193318],[110.194752,28.242049],[110.174598,28.274605],[110.181523,28.289178],[110.215733,28.285793],[110.27206,28.320236],[110.350505,28.392557],[110.418925,28.486375],[110.477216,28.601717],[110.633072,28.690032],[110.886596,28.751346],[111.040075,28.803074],[111.093612,28.845216],[111.149423,28.837878],[111.207404,28.78106],[111.27851,28.762147],[111.404601,28.790569],[111.522423,28.986086],[111.55932,29.005],[111.592703,28.99022],[111.626499,28.995879],[111.65456,29.012674],[111.678796,29.012674],[111.705151,28.992443],[111.744425,28.98774],[111.796412,29.009599],[111.865038,29.011614],[111.992885,28.984846]],[[112.904871,29.031381],[112.993548,29.147446]],[[113.069305,29.387664],[113.1277,29.462776]]]}},{"type":"Feature","properties":{"scalerank":2,"featurecla":"River","name":"Za","note":null,"min_zoom":2.1,"name_alt":null,"name_en":"Za","min_label":3.1,"name_zh":null,"major":0},"bbox":[94.084004,31.965543,96.941298,33.205467],"geometry":{"type":"MultiLineString","coordinates":[[[94.084004,33.155858],[94.447703,33.163299],[94.506614,33.204278],[94.609864,33.205467],[94.777089,33.180611],[94.915788,33.139631],[95.026066,33.08258],[95.089421,33.024755],[95.106061,32.966153],[95.225227,32.914632],[95.446919,32.87019],[95.580864,32.814612],[95.627166,32.747924],[95.727625,32.672218],[95.882344,32.587494],[96.010708,32.552484],[96.112718,32.56716],[96.182688,32.562354],[96.239325,32.52587],[96.381177,32.433318],[96.454609,32.343401],[96.506906,32.225191],[96.585454,32.155014],[96.690357,32.132871],[96.769887,32.085355],[96.824147,32.012491],[96.873808,31.973449],[96.941298,31.965543]]]}}]}